row_id,image,mask,split,source_id,decision,basis
BCL_f1.png,/hdd1/hieulc/datacrack/images/training/BCL_f1.png,/hdd1/hieulc/datacrack/annotations/training/BCL_f1.png,train,BCL,QUARANTINE_UNCERTIFIED_EMPTY_GT,untrusted empty-GT in contaminated source
BCL_f10.png,/hdd1/hieulc/datacrack/images/training/BCL_f10.png,/hdd1/hieulc/datacrack/annotations/training/BCL_f10.png,train,BCL,QUARANTINE_UNCERTIFIED_EMPTY_GT,untrusted empty-GT in contaminated source
BCL_f100.png,/hdd1/hieulc/datacrack/images/training/BCL_f100.png,/hdd1/hieulc/datacrack/annotations/training/BCL_f100.png,train,BCL,QUARANTINE_UNCERTIFIED_EMPTY_GT,untrusted empty-GT in contaminated source
BCL_f1000.png,/hdd1/hieulc/datacrack/images/training/BCL_f1000.png,/hdd1/hieulc/datacrack/annotations/training/BCL_f1000.png,train,BCL,QUARANTINE_UNCERTIFIED_EMPTY_GT,untrusted empty-GT in contaminated source
BCL_f1002.png,/hdd1/hieulc/datacrack/images/training/BCL_f1002.png,/hdd1/hieulc/datacrack/annotations/training/BCL_f1002.png,train,BCL,QUARANTINE_UNCERTIFIED_EMPTY_GT,untrusted empty-GT in contaminated source
BCL_f1003.png,/hdd1/hieulc/datacrack/images/training/BCL_f1003.png,/hdd1/hieulc/datacrack/annotations/training/BCL_f1003.png,train,BCL,QUARANTINE_UNCERTIFIED_EMPTY_GT,untrusted empty-GT in contaminated source
BCL_f1004.png,/hdd1/hieulc/datacrack/images/training/BCL_f1004.png,/hdd1/hieulc/datacrack/annotations/training/BCL_f1004.png,train,BCL,QUARANTINE_UNCERTIFIED_EMPTY_GT,untrusted empty-GT in contaminated source
BCL_f1005.png,/hdd1/hieulc/datacrack/images/training/BCL_f1005.png,/hdd1/hieulc/datacrack/annotations/training/BCL_f1005.png,train,BCL,QUARANTINE_UNCERTIFIED_EMPTY_GT,untrusted empty-GT in contaminated source
BCL_f1007.png,/hdd1/hieulc/datacrack/images/training/BCL_f1007.png,/hdd1/hieulc/datacrack/annotations/training/BCL_f1007.png,train,BCL,QUARANTINE_UNCERTIFIED_EMPTY_GT,untrusted empty-GT in contaminated source
BCL_f1008.png,/hdd1/hieulc/datacrack/images/training/BCL_f1008.png,/hdd1/hieulc/datacrack/annotations/training/BCL_f1008.png,train,BCL,QUARANTINE_UNCERTIFIED_EMPTY_GT,untrusted empty-GT in contaminated source
BCL_f1009.png,/hdd1/hieulc/datacrack/images/training/BCL_f1009.png,/hdd1/hieulc/datacrack/annotations/training/BCL_f1009.png,train,BCL,QUARANTINE_UNCERTIFIED_EMPTY_GT,untrusted empty-GT in contaminated source
BCL_f101.png,/hdd1/hieulc/datacrack/images/training/BCL_f101.png,/hdd1/hieulc/datacrack/annotations/training/BCL_f101.png,train,BCL,QUARANTINE_UNCERTIFIED_EMPTY_GT,untrusted empty-GT in contaminated source
BCL_f1010.png,/hdd1/hieulc/datacrack/images/training/BCL_f1010.png,/hdd1/hieulc/datacrack/annotations/training/BCL_f1010.png,train,BCL,QUARANTINE_UNCERTIFIED_EMPTY_GT,untrusted empty-GT in contaminated source
BCL_f1011.png,/hdd1/hieulc/datacrack/images/training/BCL_f1011.png,/hdd1/hieulc/datacrack/annotations/training/BCL_f1011.png,train,BCL,QUARANTINE_UNCERTIFIED_EMPTY_GT,untrusted empty-GT in contaminated source
BCL_f1012.png,/hdd1/hieulc/datacrack/images/training/BCL_f1012.png,/hdd1/hieulc/datacrack/annotations/training/BCL_f1012.png,train,BCL,QUARANTINE_UNCERTIFIED_EMPTY_GT,untrusted empty-GT in contaminated source
BCL_f1015.png,/hdd1/hieulc/datacrack/images/training/BCL_f1015.png,/hdd1/hieulc/datacrack/annotations/training/BCL_f1015.png,train,BCL,QUARANTINE_UNCERTIFIED_EMPTY_GT,untrusted empty-GT in contaminated source
BCL_f1016.png,/hdd1/hieulc/datacrack/images/training/BCL_f1016.png,/hdd1/hieulc/datacrack/annotations/training/BCL_f1016.png,train,BCL,QUARANTINE_UNCERTIFIED_EMPTY_GT,untrusted empty-GT in contaminated source
BCL_f1017.png,/hdd1/hieulc/datacrack/images/training/BCL_f1017.png,/hdd1/hieulc/datacrack/annotations/training/BCL_f1017.png,train,BCL,QUARANTINE_UNCERTIFIED_EMPTY_GT,untrusted empty-GT in contaminated source
BCL_f1018.png,/hdd1/hieulc/datacrack/images/training/BCL_f1018.png,/hdd1/hieulc/datacrack/annotations/training/BCL_f1018.png,train,BCL,QUARANTINE_UNCERTIFIED_EMPTY_GT,untrusted empty-GT in contaminated source
BCL_f1019.png,/hdd1/hieulc/datacrack/images/training/BCL_f1019.png,/hdd1/hieulc/datacrack/annotations/training/BCL_f1019.png,train,BCL,QUARANTINE_UNCERTIFIED_EMPTY_GT,untrusted empty-GT in contaminated source
BCL_f102.png,/hdd1/hieulc/datacrack/images/training/BCL_f102.png,/hdd1/hieulc/datacrack/annotations/training/BCL_f102.png,train,BCL,QUARANTINE_UNCERTIFIED_EMPTY_GT,untrusted empty-GT in contaminated source
BCL_f1021.png,/hdd1/hieulc/datacrack/images/training/BCL_f1021.png,/hdd1/hieulc/datacrack/annotations/training/BCL_f1021.png,train,BCL,QUARANTINE_UNCERTIFIED_EMPTY_GT,untrusted empty-GT in contaminated source
BCL_f1023.png,/hdd1/hieulc/datacrack/images/training/BCL_f1023.png,/hdd1/hieulc/datacrack/annotations/training/BCL_f1023.png,train,BCL,QUARANTINE_UNCERTIFIED_EMPTY_GT,untrusted empty-GT in contaminated source
BCL_f1024.png,/hdd1/hieulc/datacrack/images/training/BCL_f1024.png,/hdd1/hieulc/datacrack/annotations/training/BCL_f1024.png,train,BCL,QUARANTINE_UNCERTIFIED_EMPTY_GT,untrusted empty-GT in contaminated source
BCL_f1025.png,/hdd1/hieulc/datacrack/images/training/BCL_f1025.png,/hdd1/hieulc/datacrack/annotations/training/BCL_f1025.png,train,BCL,QUARANTINE_UNCERTIFIED_EMPTY_GT,untrusted empty-GT in contaminated source
BCL_f1026.png,/hdd1/hieulc/datacrack/images/training/BCL_f1026.png,/hdd1/hieulc/datacrack/annotations/training/BCL_f1026.png,train,BCL,QUARANTINE_UNCERTIFIED_EMPTY_GT,untrusted empty-GT in contaminated source
BCL_f1028.png,/hdd1/hieulc/datacrack/images/training/BCL_f1028.png,/hdd1/hieulc/datacrack/annotations/training/BCL_f1028.png,train,BCL,QUARANTINE_UNCERTIFIED_EMPTY_GT,untrusted empty-GT in contaminated source
BCL_f1029.png,/hdd1/hieulc/datacrack/images/training/BCL_f1029.png,/hdd1/hieulc/datacrack/annotations/training/BCL_f1029.png,train,BCL,QUARANTINE_UNCERTIFIED_EMPTY_GT,untrusted empty-GT in contaminated source
BCL_f103.png,/hdd1/hieulc/datacrack/images/training/BCL_f103.png,/hdd1/hieulc/datacrack/annotations/training/BCL_f103.png,train,BCL,QUARANTINE_UNCERTIFIED_EMPTY_GT,untrusted empty-GT in contaminated source
BCL_f1030.png,/hdd1/hieulc/datacrack/images/training/BCL_f1030.png,/hdd1/hieulc/datacrack/annotations/training/BCL_f1030.png,train,BCL,QUARANTINE_UNCERTIFIED_EMPTY_GT,untrusted empty-GT in contaminated source
BCL_f1031.png,/hdd1/hieulc/datacrack/images/training/BCL_f1031.png,/hdd1/hieulc/datacrack/annotations/training/BCL_f1031.png,train,BCL,QUARANTINE_UNCERTIFIED_EMPTY_GT,untrusted empty-GT in contaminated source
BCL_f1032.png,/hdd1/hieulc/datacrack/images/training/BCL_f1032.png,/hdd1/hieulc/datacrack/annotations/training/BCL_f1032.png,train,BCL,QUARANTINE_UNCERTIFIED_EMPTY_GT,untrusted empty-GT in contaminated source
BCL_f1033.png,/hdd1/hieulc/datacrack/images/training/BCL_f1033.png,/hdd1/hieulc/datacrack/annotations/training/BCL_f1033.png,train,BCL,QUARANTINE_UNCERTIFIED_EMPTY_GT,untrusted empty-GT in contaminated source
BCL_f1034.png,/hdd1/hieulc/datacrack/images/training/BCL_f1034.png,/hdd1/hieulc/datacrack/annotations/training/BCL_f1034.png,train,BCL,QUARANTINE_UNCERTIFIED_EMPTY_GT,untrusted empty-GT in contaminated source
BCL_f1035.png,/hdd1/hieulc/datacrack/images/training/BCL_f1035.png,/hdd1/hieulc/datacrack/annotations/training/BCL_f1035.png,train,BCL,QUARANTINE_UNCERTIFIED_EMPTY_GT,untrusted empty-GT in contaminated source
BCL_f1036.png,/hdd1/hieulc/datacrack/images/training/BCL_f1036.png,/hdd1/hieulc/datacrack/annotations/training/BCL_f1036.png,train,BCL,QUARANTINE_UNCERTIFIED_EMPTY_GT,untrusted empty-GT in contaminated source
BCL_f1037.png,/hdd1/hieulc/datacrack/images/training/BCL_f1037.png,/hdd1/hieulc/datacrack/annotations/training/BCL_f1037.png,train,BCL,QUARANTINE_UNCERTIFIED_EMPTY_GT,untrusted empty-GT in contaminated source
BCL_f104.png,/hdd1/hieulc/datacrack/images/training/BCL_f104.png,/hdd1/hieulc/datacrack/annotations/training/BCL_f104.png,train,BCL,QUARANTINE_UNCERTIFIED_EMPTY_GT,untrusted empty-GT in contaminated source
BCL_f1040.png,/hdd1/hieulc/datacrack/images/training/BCL_f1040.png,/hdd1/hieulc/datacrack/annotations/training/BCL_f1040.png,train,BCL,QUARANTINE_UNCERTIFIED_EMPTY_GT,untrusted empty-GT in contaminated source
BCL_f1041.png,/hdd1/hieulc/datacrack/images/training/BCL_f1041.png,/hdd1/hieulc/datacrack/annotations/training/BCL_f1041.png,train,BCL,QUARANTINE_UNCERTIFIED_EMPTY_GT,untrusted empty-GT in contaminated source
BCL_f1042.png,/hdd1/hieulc/datacrack/images/training/BCL_f1042.png,/hdd1/hieulc/datacrack/annotations/training/BCL_f1042.png,train,BCL,QUARANTINE_UNCERTIFIED_EMPTY_GT,untrusted empty-GT in contaminated source
BCL_f1044.png,/hdd1/hieulc/datacrack/images/training/BCL_f1044.png,/hdd1/hieulc/datacrack/annotations/training/BCL_f1044.png,train,BCL,QUARANTINE_UNCERTIFIED_EMPTY_GT,untrusted empty-GT in contaminated source
BCL_f1045.png,/hdd1/hieulc/datacrack/images/training/BCL_f1045.png,/hdd1/hieulc/datacrack/annotations/training/BCL_f1045.png,train,BCL,QUARANTINE_UNCERTIFIED_EMPTY_GT,untrusted empty-GT in contaminated source
BCL_f1046.png,/hdd1/hieulc/datacrack/images/training/BCL_f1046.png,/hdd1/hieulc/datacrack/annotations/training/BCL_f1046.png,train,BCL,QUARANTINE_UNCERTIFIED_EMPTY_GT,untrusted empty-GT in contaminated source
BCL_f1047.png,/hdd1/hieulc/datacrack/images/training/BCL_f1047.png,/hdd1/hieulc/datacrack/annotations/training/BCL_f1047.png,train,BCL,QUARANTINE_UNCERTIFIED_EMPTY_GT,untrusted empty-GT in contaminated source
BCL_f1048.png,/hdd1/hieulc/datacrack/images/training/BCL_f1048.png,/hdd1/hieulc/datacrack/annotations/training/BCL_f1048.png,train,BCL,QUARANTINE_UNCERTIFIED_EMPTY_GT,untrusted empty-GT in contaminated source
BCL_f1049.png,/hdd1/hieulc/datacrack/images/training/BCL_f1049.png,/hdd1/hieulc/datacrack/annotations/training/BCL_f1049.png,train,BCL,QUARANTINE_UNCERTIFIED_EMPTY_GT,untrusted empty-GT in contaminated source
BCL_f105.png,/hdd1/hieulc/datacrack/images/training/BCL_f105.png,/hdd1/hieulc/datacrack/annotations/training/BCL_f105.png,train,BCL,QUARANTINE_UNCERTIFIED_EMPTY_GT,untrusted empty-GT in contaminated source
BCL_f1051.png,/hdd1/hieulc/datacrack/images/training/BCL_f1051.png,/hdd1/hieulc/datacrack/annotations/training/BCL_f1051.png,train,BCL,QUARANTINE_UNCERTIFIED_EMPTY_GT,untrusted empty-GT in contaminated source
BCL_f1054.png,/hdd1/hieulc/datacrack/images/training/BCL_f1054.png,/hdd1/hieulc/datacrack/annotations/training/BCL_f1054.png,train,BCL,QUARANTINE_UNCERTIFIED_EMPTY_GT,untrusted empty-GT in contaminated source
BCL_f1055.png,/hdd1/hieulc/datacrack/images/training/BCL_f1055.png,/hdd1/hieulc/datacrack/annotations/training/BCL_f1055.png,train,BCL,QUARANTINE_UNCERTIFIED_EMPTY_GT,untrusted empty-GT in contaminated source
BCL_f1056.png,/hdd1/hieulc/datacrack/images/training/BCL_f1056.png,/hdd1/hieulc/datacrack/annotations/training/BCL_f1056.png,train,BCL,QUARANTINE_UNCERTIFIED_EMPTY_GT,untrusted empty-GT in contaminated source
BCL_f1057.png,/hdd1/hieulc/datacrack/images/training/BCL_f1057.png,/hdd1/hieulc/datacrack/annotations/training/BCL_f1057.png,train,BCL,QUARANTINE_UNCERTIFIED_EMPTY_GT,untrusted empty-GT in contaminated source
BCL_f106.png,/hdd1/hieulc/datacrack/images/training/BCL_f106.png,/hdd1/hieulc/datacrack/annotations/training/BCL_f106.png,train,BCL,QUARANTINE_UNCERTIFIED_EMPTY_GT,untrusted empty-GT in contaminated source
BCL_f1060.png,/hdd1/hieulc/datacrack/images/training/BCL_f1060.png,/hdd1/hieulc/datacrack/annotations/training/BCL_f1060.png,train,BCL,QUARANTINE_UNCERTIFIED_EMPTY_GT,untrusted empty-GT in contaminated source
BCL_f1061.png,/hdd1/hieulc/datacrack/images/training/BCL_f1061.png,/hdd1/hieulc/datacrack/annotations/training/BCL_f1061.png,train,BCL,QUARANTINE_UNCERTIFIED_EMPTY_GT,untrusted empty-GT in contaminated source
BCL_f1062.png,/hdd1/hieulc/datacrack/images/training/BCL_f1062.png,/hdd1/hieulc/datacrack/annotations/training/BCL_f1062.png,train,BCL,QUARANTINE_UNCERTIFIED_EMPTY_GT,untrusted empty-GT in contaminated source
BCL_f1063.png,/hdd1/hieulc/datacrack/images/training/BCL_f1063.png,/hdd1/hieulc/datacrack/annotations/training/BCL_f1063.png,train,BCL,QUARANTINE_UNCERTIFIED_EMPTY_GT,untrusted empty-GT in contaminated source
BCL_f1064.png,/hdd1/hieulc/datacrack/images/training/BCL_f1064.png,/hdd1/hieulc/datacrack/annotations/training/BCL_f1064.png,train,BCL,QUARANTINE_UNCERTIFIED_EMPTY_GT,untrusted empty-GT in contaminated source
BCL_f1065.png,/hdd1/hieulc/datacrack/images/training/BCL_f1065.png,/hdd1/hieulc/datacrack/annotations/training/BCL_f1065.png,train,BCL,QUARANTINE_UNCERTIFIED_EMPTY_GT,untrusted empty-GT in contaminated source
BCL_f1066.png,/hdd1/hieulc/datacrack/images/training/BCL_f1066.png,/hdd1/hieulc/datacrack/annotations/training/BCL_f1066.png,train,BCL,QUARANTINE_UNCERTIFIED_EMPTY_GT,untrusted empty-GT in contaminated source
BCL_f1067.png,/hdd1/hieulc/datacrack/images/training/BCL_f1067.png,/hdd1/hieulc/datacrack/annotations/training/BCL_f1067.png,train,BCL,QUARANTINE_UNCERTIFIED_EMPTY_GT,untrusted empty-GT in contaminated source
BCL_f1068.png,/hdd1/hieulc/datacrack/images/training/BCL_f1068.png,/hdd1/hieulc/datacrack/annotations/training/BCL_f1068.png,train,BCL,QUARANTINE_UNCERTIFIED_EMPTY_GT,untrusted empty-GT in contaminated source
BCL_f1069.png,/hdd1/hieulc/datacrack/images/training/BCL_f1069.png,/hdd1/hieulc/datacrack/annotations/training/BCL_f1069.png,train,BCL,QUARANTINE_UNCERTIFIED_EMPTY_GT,untrusted empty-GT in contaminated source
BCL_f107.png,/hdd1/hieulc/datacrack/images/training/BCL_f107.png,/hdd1/hieulc/datacrack/annotations/training/BCL_f107.png,train,BCL,QUARANTINE_UNCERTIFIED_EMPTY_GT,untrusted empty-GT in contaminated source
BCL_f1070.png,/hdd1/hieulc/datacrack/images/training/BCL_f1070.png,/hdd1/hieulc/datacrack/annotations/training/BCL_f1070.png,train,BCL,QUARANTINE_UNCERTIFIED_EMPTY_GT,untrusted empty-GT in contaminated source
BCL_f1071.png,/hdd1/hieulc/datacrack/images/training/BCL_f1071.png,/hdd1/hieulc/datacrack/annotations/training/BCL_f1071.png,train,BCL,QUARANTINE_UNCERTIFIED_EMPTY_GT,untrusted empty-GT in contaminated source
BCL_f1072.png,/hdd1/hieulc/datacrack/images/training/BCL_f1072.png,/hdd1/hieulc/datacrack/annotations/training/BCL_f1072.png,train,BCL,QUARANTINE_UNCERTIFIED_EMPTY_GT,untrusted empty-GT in contaminated source
BCL_f1073.png,/hdd1/hieulc/datacrack/images/training/BCL_f1073.png,/hdd1/hieulc/datacrack/annotations/training/BCL_f1073.png,train,BCL,QUARANTINE_UNCERTIFIED_EMPTY_GT,untrusted empty-GT in contaminated source
BCL_f1075.png,/hdd1/hieulc/datacrack/images/training/BCL_f1075.png,/hdd1/hieulc/datacrack/annotations/training/BCL_f1075.png,train,BCL,QUARANTINE_UNCERTIFIED_EMPTY_GT,untrusted empty-GT in contaminated source
BCL_f1076.png,/hdd1/hieulc/datacrack/images/training/BCL_f1076.png,/hdd1/hieulc/datacrack/annotations/training/BCL_f1076.png,train,BCL,QUARANTINE_UNCERTIFIED_EMPTY_GT,untrusted empty-GT in contaminated source
BCL_f1077.png,/hdd1/hieulc/datacrack/images/training/BCL_f1077.png,/hdd1/hieulc/datacrack/annotations/training/BCL_f1077.png,train,BCL,QUARANTINE_UNCERTIFIED_EMPTY_GT,untrusted empty-GT in contaminated source
BCL_f1078.png,/hdd1/hieulc/datacrack/images/training/BCL_f1078.png,/hdd1/hieulc/datacrack/annotations/training/BCL_f1078.png,train,BCL,QUARANTINE_UNCERTIFIED_EMPTY_GT,untrusted empty-GT in contaminated source
BCL_f1079.png,/hdd1/hieulc/datacrack/images/training/BCL_f1079.png,/hdd1/hieulc/datacrack/annotations/training/BCL_f1079.png,train,BCL,QUARANTINE_UNCERTIFIED_EMPTY_GT,untrusted empty-GT in contaminated source
BCL_f1080.png,/hdd1/hieulc/datacrack/images/training/BCL_f1080.png,/hdd1/hieulc/datacrack/annotations/training/BCL_f1080.png,train,BCL,QUARANTINE_UNCERTIFIED_EMPTY_GT,untrusted empty-GT in contaminated source
BCL_f1083.png,/hdd1/hieulc/datacrack/images/training/BCL_f1083.png,/hdd1/hieulc/datacrack/annotations/training/BCL_f1083.png,train,BCL,QUARANTINE_UNCERTIFIED_EMPTY_GT,untrusted empty-GT in contaminated source
BCL_f1084.png,/hdd1/hieulc/datacrack/images/training/BCL_f1084.png,/hdd1/hieulc/datacrack/annotations/training/BCL_f1084.png,train,BCL,QUARANTINE_UNCERTIFIED_EMPTY_GT,untrusted empty-GT in contaminated source
BCL_f1085.png,/hdd1/hieulc/datacrack/images/training/BCL_f1085.png,/hdd1/hieulc/datacrack/annotations/training/BCL_f1085.png,train,BCL,QUARANTINE_UNCERTIFIED_EMPTY_GT,untrusted empty-GT in contaminated source
BCL_f1086.png,/hdd1/hieulc/datacrack/images/training/BCL_f1086.png,/hdd1/hieulc/datacrack/annotations/training/BCL_f1086.png,train,BCL,QUARANTINE_UNCERTIFIED_EMPTY_GT,untrusted empty-GT in contaminated source
BCL_f1087.png,/hdd1/hieulc/datacrack/images/training/BCL_f1087.png,/hdd1/hieulc/datacrack/annotations/training/BCL_f1087.png,train,BCL,QUARANTINE_UNCERTIFIED_EMPTY_GT,untrusted empty-GT in contaminated source
BCL_f1088.png,/hdd1/hieulc/datacrack/images/training/BCL_f1088.png,/hdd1/hieulc/datacrack/annotations/training/BCL_f1088.png,train,BCL,QUARANTINE_UNCERTIFIED_EMPTY_GT,untrusted empty-GT in contaminated source
BCL_f1089.png,/hdd1/hieulc/datacrack/images/training/BCL_f1089.png,/hdd1/hieulc/datacrack/annotations/training/BCL_f1089.png,train,BCL,QUARANTINE_UNCERTIFIED_EMPTY_GT,untrusted empty-GT in contaminated source
BCL_f109.png,/hdd1/hieulc/datacrack/images/training/BCL_f109.png,/hdd1/hieulc/datacrack/annotations/training/BCL_f109.png,train,BCL,QUARANTINE_UNCERTIFIED_EMPTY_GT,untrusted empty-GT in contaminated source
BCL_f1090.png,/hdd1/hieulc/datacrack/images/training/BCL_f1090.png,/hdd1/hieulc/datacrack/annotations/training/BCL_f1090.png,train,BCL,QUARANTINE_UNCERTIFIED_EMPTY_GT,untrusted empty-GT in contaminated source
BCL_f1091.png,/hdd1/hieulc/datacrack/images/training/BCL_f1091.png,/hdd1/hieulc/datacrack/annotations/training/BCL_f1091.png,train,BCL,QUARANTINE_UNCERTIFIED_EMPTY_GT,untrusted empty-GT in contaminated source
BCL_f1092.png,/hdd1/hieulc/datacrack/images/training/BCL_f1092.png,/hdd1/hieulc/datacrack/annotations/training/BCL_f1092.png,train,BCL,QUARANTINE_UNCERTIFIED_EMPTY_GT,untrusted empty-GT in contaminated source
BCL_f1093.png,/hdd1/hieulc/datacrack/images/training/BCL_f1093.png,/hdd1/hieulc/datacrack/annotations/training/BCL_f1093.png,train,BCL,QUARANTINE_UNCERTIFIED_EMPTY_GT,untrusted empty-GT in contaminated source
BCL_f1095.png,/hdd1/hieulc/datacrack/images/training/BCL_f1095.png,/hdd1/hieulc/datacrack/annotations/training/BCL_f1095.png,train,BCL,QUARANTINE_UNCERTIFIED_EMPTY_GT,untrusted empty-GT in contaminated source
BCL_f1096.png,/hdd1/hieulc/datacrack/images/training/BCL_f1096.png,/hdd1/hieulc/datacrack/annotations/training/BCL_f1096.png,train,BCL,QUARANTINE_UNCERTIFIED_EMPTY_GT,untrusted empty-GT in contaminated source
BCL_f1098.png,/hdd1/hieulc/datacrack/images/training/BCL_f1098.png,/hdd1/hieulc/datacrack/annotations/training/BCL_f1098.png,train,BCL,QUARANTINE_UNCERTIFIED_EMPTY_GT,untrusted empty-GT in contaminated source
BCL_f11.png,/hdd1/hieulc/datacrack/images/training/BCL_f11.png,/hdd1/hieulc/datacrack/annotations/training/BCL_f11.png,train,BCL,QUARANTINE_UNCERTIFIED_EMPTY_GT,untrusted empty-GT in contaminated source
BCL_f110.png,/hdd1/hieulc/datacrack/images/training/BCL_f110.png,/hdd1/hieulc/datacrack/annotations/training/BCL_f110.png,train,BCL,QUARANTINE_UNCERTIFIED_EMPTY_GT,untrusted empty-GT in contaminated source
BCL_f1100.png,/hdd1/hieulc/datacrack/images/training/BCL_f1100.png,/hdd1/hieulc/datacrack/annotations/training/BCL_f1100.png,train,BCL,QUARANTINE_UNCERTIFIED_EMPTY_GT,untrusted empty-GT in contaminated source
BCL_f1102.png,/hdd1/hieulc/datacrack/images/training/BCL_f1102.png,/hdd1/hieulc/datacrack/annotations/training/BCL_f1102.png,train,BCL,QUARANTINE_UNCERTIFIED_EMPTY_GT,untrusted empty-GT in contaminated source
BCL_f1104.png,/hdd1/hieulc/datacrack/images/training/BCL_f1104.png,/hdd1/hieulc/datacrack/annotations/training/BCL_f1104.png,train,BCL,QUARANTINE_UNCERTIFIED_EMPTY_GT,untrusted empty-GT in contaminated source
BCL_f1105.png,/hdd1/hieulc/datacrack/images/training/BCL_f1105.png,/hdd1/hieulc/datacrack/annotations/training/BCL_f1105.png,train,BCL,QUARANTINE_UNCERTIFIED_EMPTY_GT,untrusted empty-GT in contaminated source
BCL_f1106.png,/hdd1/hieulc/datacrack/images/training/BCL_f1106.png,/hdd1/hieulc/datacrack/annotations/training/BCL_f1106.png,train,BCL,QUARANTINE_UNCERTIFIED_EMPTY_GT,untrusted empty-GT in contaminated source
BCL_f1107.png,/hdd1/hieulc/datacrack/images/training/BCL_f1107.png,/hdd1/hieulc/datacrack/annotations/training/BCL_f1107.png,train,BCL,QUARANTINE_UNCERTIFIED_EMPTY_GT,untrusted empty-GT in contaminated source
BCL_f1108.png,/hdd1/hieulc/datacrack/images/training/BCL_f1108.png,/hdd1/hieulc/datacrack/annotations/training/BCL_f1108.png,train,BCL,QUARANTINE_UNCERTIFIED_EMPTY_GT,untrusted empty-GT in contaminated source
BCL_f1109.png,/hdd1/hieulc/datacrack/images/training/BCL_f1109.png,/hdd1/hieulc/datacrack/annotations/training/BCL_f1109.png,train,BCL,QUARANTINE_UNCERTIFIED_EMPTY_GT,untrusted empty-GT in contaminated source
BCL_f111.png,/hdd1/hieulc/datacrack/images/training/BCL_f111.png,/hdd1/hieulc/datacrack/annotations/training/BCL_f111.png,train,BCL,QUARANTINE_UNCERTIFIED_EMPTY_GT,untrusted empty-GT in contaminated source
BCL_f1110.png,/hdd1/hieulc/datacrack/images/training/BCL_f1110.png,/hdd1/hieulc/datacrack/annotations/training/BCL_f1110.png,train,BCL,QUARANTINE_UNCERTIFIED_EMPTY_GT,untrusted empty-GT in contaminated source
BCL_f1111.png,/hdd1/hieulc/datacrack/images/training/BCL_f1111.png,/hdd1/hieulc/datacrack/annotations/training/BCL_f1111.png,train,BCL,QUARANTINE_UNCERTIFIED_EMPTY_GT,untrusted empty-GT in contaminated source
BCL_f1112.png,/hdd1/hieulc/datacrack/images/training/BCL_f1112.png,/hdd1/hieulc/datacrack/annotations/training/BCL_f1112.png,train,BCL,QUARANTINE_UNCERTIFIED_EMPTY_GT,untrusted empty-GT in contaminated source
BCL_f1113.png,/hdd1/hieulc/datacrack/images/training/BCL_f1113.png,/hdd1/hieulc/datacrack/annotations/training/BCL_f1113.png,train,BCL,QUARANTINE_UNCERTIFIED_EMPTY_GT,untrusted empty-GT in contaminated source
BCL_f1114.png,/hdd1/hieulc/datacrack/images/training/BCL_f1114.png,/hdd1/hieulc/datacrack/annotations/training/BCL_f1114.png,train,BCL,QUARANTINE_UNCERTIFIED_EMPTY_GT,untrusted empty-GT in contaminated source
BCL_f1115.png,/hdd1/hieulc/datacrack/images/training/BCL_f1115.png,/hdd1/hieulc/datacrack/annotations/training/BCL_f1115.png,train,BCL,QUARANTINE_UNCERTIFIED_EMPTY_GT,untrusted empty-GT in contaminated source
BCL_f1116.png,/hdd1/hieulc/datacrack/images/training/BCL_f1116.png,/hdd1/hieulc/datacrack/annotations/training/BCL_f1116.png,train,BCL,QUARANTINE_UNCERTIFIED_EMPTY_GT,untrusted empty-GT in contaminated source
BCL_f1117.png,/hdd1/hieulc/datacrack/images/training/BCL_f1117.png,/hdd1/hieulc/datacrack/annotations/training/BCL_f1117.png,train,BCL,QUARANTINE_UNCERTIFIED_EMPTY_GT,untrusted empty-GT in contaminated source
BCL_f1118.png,/hdd1/hieulc/datacrack/images/training/BCL_f1118.png,/hdd1/hieulc/datacrack/annotations/training/BCL_f1118.png,train,BCL,QUARANTINE_UNCERTIFIED_EMPTY_GT,untrusted empty-GT in contaminated source
BCL_f112.png,/hdd1/hieulc/datacrack/images/training/BCL_f112.png,/hdd1/hieulc/datacrack/annotations/training/BCL_f112.png,train,BCL,QUARANTINE_UNCERTIFIED_EMPTY_GT,untrusted empty-GT in contaminated source
BCL_f1120.png,/hdd1/hieulc/datacrack/images/training/BCL_f1120.png,/hdd1/hieulc/datacrack/annotations/training/BCL_f1120.png,train,BCL,QUARANTINE_UNCERTIFIED_EMPTY_GT,untrusted empty-GT in contaminated source
BCL_f1121.png,/hdd1/hieulc/datacrack/images/training/BCL_f1121.png,/hdd1/hieulc/datacrack/annotations/training/BCL_f1121.png,train,BCL,QUARANTINE_UNCERTIFIED_EMPTY_GT,untrusted empty-GT in contaminated source
BCL_f1122.png,/hdd1/hieulc/datacrack/images/training/BCL_f1122.png,/hdd1/hieulc/datacrack/annotations/training/BCL_f1122.png,train,BCL,QUARANTINE_UNCERTIFIED_EMPTY_GT,untrusted empty-GT in contaminated source
BCL_f1123.png,/hdd1/hieulc/datacrack/images/training/BCL_f1123.png,/hdd1/hieulc/datacrack/annotations/training/BCL_f1123.png,train,BCL,QUARANTINE_UNCERTIFIED_EMPTY_GT,untrusted empty-GT in contaminated source
BCL_f1125.png,/hdd1/hieulc/datacrack/images/training/BCL_f1125.png,/hdd1/hieulc/datacrack/annotations/training/BCL_f1125.png,train,BCL,QUARANTINE_UNCERTIFIED_EMPTY_GT,untrusted empty-GT in contaminated source
BCL_f1126.png,/hdd1/hieulc/datacrack/images/training/BCL_f1126.png,/hdd1/hieulc/datacrack/annotations/training/BCL_f1126.png,train,BCL,QUARANTINE_UNCERTIFIED_EMPTY_GT,untrusted empty-GT in contaminated source
BCL_f1128.png,/hdd1/hieulc/datacrack/images/training/BCL_f1128.png,/hdd1/hieulc/datacrack/annotations/training/BCL_f1128.png,train,BCL,QUARANTINE_UNCERTIFIED_EMPTY_GT,untrusted empty-GT in contaminated source
BCL_f1129.png,/hdd1/hieulc/datacrack/images/training/BCL_f1129.png,/hdd1/hieulc/datacrack/annotations/training/BCL_f1129.png,train,BCL,QUARANTINE_UNCERTIFIED_EMPTY_GT,untrusted empty-GT in contaminated source
BCL_f113.png,/hdd1/hieulc/datacrack/images/training/BCL_f113.png,/hdd1/hieulc/datacrack/annotations/training/BCL_f113.png,train,BCL,QUARANTINE_UNCERTIFIED_EMPTY_GT,untrusted empty-GT in contaminated source
BCL_f1131.png,/hdd1/hieulc/datacrack/images/training/BCL_f1131.png,/hdd1/hieulc/datacrack/annotations/training/BCL_f1131.png,train,BCL,QUARANTINE_UNCERTIFIED_EMPTY_GT,untrusted empty-GT in contaminated source
BCL_f1132.png,/hdd1/hieulc/datacrack/images/training/BCL_f1132.png,/hdd1/hieulc/datacrack/annotations/training/BCL_f1132.png,train,BCL,QUARANTINE_UNCERTIFIED_EMPTY_GT,untrusted empty-GT in contaminated source
BCL_f1133.png,/hdd1/hieulc/datacrack/images/training/BCL_f1133.png,/hdd1/hieulc/datacrack/annotations/training/BCL_f1133.png,train,BCL,QUARANTINE_UNCERTIFIED_EMPTY_GT,untrusted empty-GT in contaminated source
BCL_f1134.png,/hdd1/hieulc/datacrack/images/training/BCL_f1134.png,/hdd1/hieulc/datacrack/annotations/training/BCL_f1134.png,train,BCL,QUARANTINE_UNCERTIFIED_EMPTY_GT,untrusted empty-GT in contaminated source
BCL_f1135.png,/hdd1/hieulc/datacrack/images/training/BCL_f1135.png,/hdd1/hieulc/datacrack/annotations/training/BCL_f1135.png,train,BCL,QUARANTINE_UNCERTIFIED_EMPTY_GT,untrusted empty-GT in contaminated source
BCL_f1136.png,/hdd1/hieulc/datacrack/images/training/BCL_f1136.png,/hdd1/hieulc/datacrack/annotations/training/BCL_f1136.png,train,BCL,QUARANTINE_UNCERTIFIED_EMPTY_GT,untrusted empty-GT in contaminated source
BCL_f1137.png,/hdd1/hieulc/datacrack/images/training/BCL_f1137.png,/hdd1/hieulc/datacrack/annotations/training/BCL_f1137.png,train,BCL,QUARANTINE_UNCERTIFIED_EMPTY_GT,untrusted empty-GT in contaminated source
BCL_f1138.png,/hdd1/hieulc/datacrack/images/training/BCL_f1138.png,/hdd1/hieulc/datacrack/annotations/training/BCL_f1138.png,train,BCL,QUARANTINE_UNCERTIFIED_EMPTY_GT,untrusted empty-GT in contaminated source
BCL_f1139.png,/hdd1/hieulc/datacrack/images/training/BCL_f1139.png,/hdd1/hieulc/datacrack/annotations/training/BCL_f1139.png,train,BCL,QUARANTINE_UNCERTIFIED_EMPTY_GT,untrusted empty-GT in contaminated source
BCL_f114.png,/hdd1/hieulc/datacrack/images/training/BCL_f114.png,/hdd1/hieulc/datacrack/annotations/training/BCL_f114.png,train,BCL,QUARANTINE_UNCERTIFIED_EMPTY_GT,untrusted empty-GT in contaminated source
BCL_f1140.png,/hdd1/hieulc/datacrack/images/training/BCL_f1140.png,/hdd1/hieulc/datacrack/annotations/training/BCL_f1140.png,train,BCL,QUARANTINE_UNCERTIFIED_EMPTY_GT,untrusted empty-GT in contaminated source
BCL_f1141.png,/hdd1/hieulc/datacrack/images/training/BCL_f1141.png,/hdd1/hieulc/datacrack/annotations/training/BCL_f1141.png,train,BCL,QUARANTINE_UNCERTIFIED_EMPTY_GT,untrusted empty-GT in contaminated source
BCL_f1143.png,/hdd1/hieulc/datacrack/images/training/BCL_f1143.png,/hdd1/hieulc/datacrack/annotations/training/BCL_f1143.png,train,BCL,QUARANTINE_UNCERTIFIED_EMPTY_GT,untrusted empty-GT in contaminated source
BCL_f1144.png,/hdd1/hieulc/datacrack/images/training/BCL_f1144.png,/hdd1/hieulc/datacrack/annotations/training/BCL_f1144.png,train,BCL,QUARANTINE_UNCERTIFIED_EMPTY_GT,untrusted empty-GT in contaminated source
BCL_f1145.png,/hdd1/hieulc/datacrack/images/training/BCL_f1145.png,/hdd1/hieulc/datacrack/annotations/training/BCL_f1145.png,train,BCL,QUARANTINE_UNCERTIFIED_EMPTY_GT,untrusted empty-GT in contaminated source
BCL_f1148.png,/hdd1/hieulc/datacrack/images/training/BCL_f1148.png,/hdd1/hieulc/datacrack/annotations/training/BCL_f1148.png,train,BCL,QUARANTINE_UNCERTIFIED_EMPTY_GT,untrusted empty-GT in contaminated source
BCL_f1149.png,/hdd1/hieulc/datacrack/images/training/BCL_f1149.png,/hdd1/hieulc/datacrack/annotations/training/BCL_f1149.png,train,BCL,QUARANTINE_UNCERTIFIED_EMPTY_GT,untrusted empty-GT in contaminated source
BCL_f115.png,/hdd1/hieulc/datacrack/images/training/BCL_f115.png,/hdd1/hieulc/datacrack/annotations/training/BCL_f115.png,train,BCL,QUARANTINE_UNCERTIFIED_EMPTY_GT,untrusted empty-GT in contaminated source
BCL_f1150.png,/hdd1/hieulc/datacrack/images/training/BCL_f1150.png,/hdd1/hieulc/datacrack/annotations/training/BCL_f1150.png,train,BCL,QUARANTINE_UNCERTIFIED_EMPTY_GT,untrusted empty-GT in contaminated source
BCL_f1151.png,/hdd1/hieulc/datacrack/images/training/BCL_f1151.png,/hdd1/hieulc/datacrack/annotations/training/BCL_f1151.png,train,BCL,QUARANTINE_UNCERTIFIED_EMPTY_GT,untrusted empty-GT in contaminated source
BCL_f1152.png,/hdd1/hieulc/datacrack/images/training/BCL_f1152.png,/hdd1/hieulc/datacrack/annotations/training/BCL_f1152.png,train,BCL,QUARANTINE_UNCERTIFIED_EMPTY_GT,untrusted empty-GT in contaminated source
BCL_f1153.png,/hdd1/hieulc/datacrack/images/training/BCL_f1153.png,/hdd1/hieulc/datacrack/annotations/training/BCL_f1153.png,train,BCL,QUARANTINE_UNCERTIFIED_EMPTY_GT,untrusted empty-GT in contaminated source
BCL_f1154.png,/hdd1/hieulc/datacrack/images/training/BCL_f1154.png,/hdd1/hieulc/datacrack/annotations/training/BCL_f1154.png,train,BCL,QUARANTINE_UNCERTIFIED_EMPTY_GT,untrusted empty-GT in contaminated source
BCL_f1155.png,/hdd1/hieulc/datacrack/images/training/BCL_f1155.png,/hdd1/hieulc/datacrack/annotations/training/BCL_f1155.png,train,BCL,QUARANTINE_UNCERTIFIED_EMPTY_GT,untrusted empty-GT in contaminated source
BCL_f1156.png,/hdd1/hieulc/datacrack/images/training/BCL_f1156.png,/hdd1/hieulc/datacrack/annotations/training/BCL_f1156.png,train,BCL,QUARANTINE_UNCERTIFIED_EMPTY_GT,untrusted empty-GT in contaminated source
BCL_f1157.png,/hdd1/hieulc/datacrack/images/training/BCL_f1157.png,/hdd1/hieulc/datacrack/annotations/training/BCL_f1157.png,train,BCL,QUARANTINE_UNCERTIFIED_EMPTY_GT,untrusted empty-GT in contaminated source
BCL_f1158.png,/hdd1/hieulc/datacrack/images/training/BCL_f1158.png,/hdd1/hieulc/datacrack/annotations/training/BCL_f1158.png,train,BCL,QUARANTINE_UNCERTIFIED_EMPTY_GT,untrusted empty-GT in contaminated source
BCL_f116.png,/hdd1/hieulc/datacrack/images/training/BCL_f116.png,/hdd1/hieulc/datacrack/annotations/training/BCL_f116.png,train,BCL,QUARANTINE_UNCERTIFIED_EMPTY_GT,untrusted empty-GT in contaminated source
BCL_f1160.png,/hdd1/hieulc/datacrack/images/training/BCL_f1160.png,/hdd1/hieulc/datacrack/annotations/training/BCL_f1160.png,train,BCL,QUARANTINE_UNCERTIFIED_EMPTY_GT,untrusted empty-GT in contaminated source
BCL_f1161.png,/hdd1/hieulc/datacrack/images/training/BCL_f1161.png,/hdd1/hieulc/datacrack/annotations/training/BCL_f1161.png,train,BCL,QUARANTINE_UNCERTIFIED_EMPTY_GT,untrusted empty-GT in contaminated source
BCL_f1162.png,/hdd1/hieulc/datacrack/images/training/BCL_f1162.png,/hdd1/hieulc/datacrack/annotations/training/BCL_f1162.png,train,BCL,QUARANTINE_UNCERTIFIED_EMPTY_GT,untrusted empty-GT in contaminated source
BCL_f1163.png,/hdd1/hieulc/datacrack/images/training/BCL_f1163.png,/hdd1/hieulc/datacrack/annotations/training/BCL_f1163.png,train,BCL,QUARANTINE_UNCERTIFIED_EMPTY_GT,untrusted empty-GT in contaminated source
BCL_f1164.png,/hdd1/hieulc/datacrack/images/training/BCL_f1164.png,/hdd1/hieulc/datacrack/annotations/training/BCL_f1164.png,train,BCL,QUARANTINE_UNCERTIFIED_EMPTY_GT,untrusted empty-GT in contaminated source
BCL_f1165.png,/hdd1/hieulc/datacrack/images/training/BCL_f1165.png,/hdd1/hieulc/datacrack/annotations/training/BCL_f1165.png,train,BCL,QUARANTINE_UNCERTIFIED_EMPTY_GT,untrusted empty-GT in contaminated source
BCL_f1168.png,/hdd1/hieulc/datacrack/images/training/BCL_f1168.png,/hdd1/hieulc/datacrack/annotations/training/BCL_f1168.png,train,BCL,QUARANTINE_UNCERTIFIED_EMPTY_GT,untrusted empty-GT in contaminated source
BCL_f1169.png,/hdd1/hieulc/datacrack/images/training/BCL_f1169.png,/hdd1/hieulc/datacrack/annotations/training/BCL_f1169.png,train,BCL,QUARANTINE_UNCERTIFIED_EMPTY_GT,untrusted empty-GT in contaminated source
BCL_f117.png,/hdd1/hieulc/datacrack/images/training/BCL_f117.png,/hdd1/hieulc/datacrack/annotations/training/BCL_f117.png,train,BCL,QUARANTINE_UNCERTIFIED_EMPTY_GT,untrusted empty-GT in contaminated source
BCL_f1170.png,/hdd1/hieulc/datacrack/images/training/BCL_f1170.png,/hdd1/hieulc/datacrack/annotations/training/BCL_f1170.png,train,BCL,QUARANTINE_UNCERTIFIED_EMPTY_GT,untrusted empty-GT in contaminated source
BCL_f1172.png,/hdd1/hieulc/datacrack/images/training/BCL_f1172.png,/hdd1/hieulc/datacrack/annotations/training/BCL_f1172.png,train,BCL,QUARANTINE_UNCERTIFIED_EMPTY_GT,untrusted empty-GT in contaminated source
BCL_f1173.png,/hdd1/hieulc/datacrack/images/training/BCL_f1173.png,/hdd1/hieulc/datacrack/annotations/training/BCL_f1173.png,train,BCL,QUARANTINE_UNCERTIFIED_EMPTY_GT,untrusted empty-GT in contaminated source
BCL_f1175.png,/hdd1/hieulc/datacrack/images/training/BCL_f1175.png,/hdd1/hieulc/datacrack/annotations/training/BCL_f1175.png,train,BCL,QUARANTINE_UNCERTIFIED_EMPTY_GT,untrusted empty-GT in contaminated source
BCL_f1177.png,/hdd1/hieulc/datacrack/images/training/BCL_f1177.png,/hdd1/hieulc/datacrack/annotations/training/BCL_f1177.png,train,BCL,QUARANTINE_UNCERTIFIED_EMPTY_GT,untrusted empty-GT in contaminated source
BCL_f1178.png,/hdd1/hieulc/datacrack/images/training/BCL_f1178.png,/hdd1/hieulc/datacrack/annotations/training/BCL_f1178.png,train,BCL,QUARANTINE_UNCERTIFIED_EMPTY_GT,untrusted empty-GT in contaminated source
BCL_f118.png,/hdd1/hieulc/datacrack/images/training/BCL_f118.png,/hdd1/hieulc/datacrack/annotations/training/BCL_f118.png,train,BCL,QUARANTINE_UNCERTIFIED_EMPTY_GT,untrusted empty-GT in contaminated source
BCL_f1180.png,/hdd1/hieulc/datacrack/images/training/BCL_f1180.png,/hdd1/hieulc/datacrack/annotations/training/BCL_f1180.png,train,BCL,QUARANTINE_UNCERTIFIED_EMPTY_GT,untrusted empty-GT in contaminated source
BCL_f1181.png,/hdd1/hieulc/datacrack/images/training/BCL_f1181.png,/hdd1/hieulc/datacrack/annotations/training/BCL_f1181.png,train,BCL,QUARANTINE_UNCERTIFIED_EMPTY_GT,untrusted empty-GT in contaminated source
BCL_f1182.png,/hdd1/hieulc/datacrack/images/training/BCL_f1182.png,/hdd1/hieulc/datacrack/annotations/training/BCL_f1182.png,train,BCL,QUARANTINE_UNCERTIFIED_EMPTY_GT,untrusted empty-GT in contaminated source
BCL_f1183.png,/hdd1/hieulc/datacrack/images/training/BCL_f1183.png,/hdd1/hieulc/datacrack/annotations/training/BCL_f1183.png,train,BCL,QUARANTINE_UNCERTIFIED_EMPTY_GT,untrusted empty-GT in contaminated source
BCL_f1184.png,/hdd1/hieulc/datacrack/images/training/BCL_f1184.png,/hdd1/hieulc/datacrack/annotations/training/BCL_f1184.png,train,BCL,QUARANTINE_UNCERTIFIED_EMPTY_GT,untrusted empty-GT in contaminated source
BCL_f1185.png,/hdd1/hieulc/datacrack/images/training/BCL_f1185.png,/hdd1/hieulc/datacrack/annotations/training/BCL_f1185.png,train,BCL,QUARANTINE_UNCERTIFIED_EMPTY_GT,untrusted empty-GT in contaminated source
BCL_f1186.png,/hdd1/hieulc/datacrack/images/training/BCL_f1186.png,/hdd1/hieulc/datacrack/annotations/training/BCL_f1186.png,train,BCL,QUARANTINE_UNCERTIFIED_EMPTY_GT,untrusted empty-GT in contaminated source
BCL_f1187.png,/hdd1/hieulc/datacrack/images/training/BCL_f1187.png,/hdd1/hieulc/datacrack/annotations/training/BCL_f1187.png,train,BCL,QUARANTINE_UNCERTIFIED_EMPTY_GT,untrusted empty-GT in contaminated source
BCL_f1189.png,/hdd1/hieulc/datacrack/images/training/BCL_f1189.png,/hdd1/hieulc/datacrack/annotations/training/BCL_f1189.png,train,BCL,QUARANTINE_UNCERTIFIED_EMPTY_GT,untrusted empty-GT in contaminated source
BCL_f1190.png,/hdd1/hieulc/datacrack/images/training/BCL_f1190.png,/hdd1/hieulc/datacrack/annotations/training/BCL_f1190.png,train,BCL,QUARANTINE_UNCERTIFIED_EMPTY_GT,untrusted empty-GT in contaminated source
BCL_f1191.png,/hdd1/hieulc/datacrack/images/training/BCL_f1191.png,/hdd1/hieulc/datacrack/annotations/training/BCL_f1191.png,train,BCL,QUARANTINE_UNCERTIFIED_EMPTY_GT,untrusted empty-GT in contaminated source
BCL_f1192.png,/hdd1/hieulc/datacrack/images/training/BCL_f1192.png,/hdd1/hieulc/datacrack/annotations/training/BCL_f1192.png,train,BCL,QUARANTINE_UNCERTIFIED_EMPTY_GT,untrusted empty-GT in contaminated source
BCL_f1196.png,/hdd1/hieulc/datacrack/images/training/BCL_f1196.png,/hdd1/hieulc/datacrack/annotations/training/BCL_f1196.png,train,BCL,QUARANTINE_UNCERTIFIED_EMPTY_GT,untrusted empty-GT in contaminated source
BCL_f1197.png,/hdd1/hieulc/datacrack/images/training/BCL_f1197.png,/hdd1/hieulc/datacrack/annotations/training/BCL_f1197.png,train,BCL,QUARANTINE_UNCERTIFIED_EMPTY_GT,untrusted empty-GT in contaminated source
BCL_f12.png,/hdd1/hieulc/datacrack/images/training/BCL_f12.png,/hdd1/hieulc/datacrack/annotations/training/BCL_f12.png,train,BCL,QUARANTINE_UNCERTIFIED_EMPTY_GT,untrusted empty-GT in contaminated source
BCL_f120.png,/hdd1/hieulc/datacrack/images/training/BCL_f120.png,/hdd1/hieulc/datacrack/annotations/training/BCL_f120.png,train,BCL,QUARANTINE_UNCERTIFIED_EMPTY_GT,untrusted empty-GT in contaminated source
BCL_f1200.png,/hdd1/hieulc/datacrack/images/training/BCL_f1200.png,/hdd1/hieulc/datacrack/annotations/training/BCL_f1200.png,train,BCL,QUARANTINE_UNCERTIFIED_EMPTY_GT,untrusted empty-GT in contaminated source
BCL_f1201.png,/hdd1/hieulc/datacrack/images/training/BCL_f1201.png,/hdd1/hieulc/datacrack/annotations/training/BCL_f1201.png,train,BCL,QUARANTINE_UNCERTIFIED_EMPTY_GT,untrusted empty-GT in contaminated source
BCL_f1202.png,/hdd1/hieulc/datacrack/images/training/BCL_f1202.png,/hdd1/hieulc/datacrack/annotations/training/BCL_f1202.png,train,BCL,QUARANTINE_UNCERTIFIED_EMPTY_GT,untrusted empty-GT in contaminated source
BCL_f1203.png,/hdd1/hieulc/datacrack/images/training/BCL_f1203.png,/hdd1/hieulc/datacrack/annotations/training/BCL_f1203.png,train,BCL,QUARANTINE_UNCERTIFIED_EMPTY_GT,untrusted empty-GT in contaminated source
BCL_f1204.png,/hdd1/hieulc/datacrack/images/training/BCL_f1204.png,/hdd1/hieulc/datacrack/annotations/training/BCL_f1204.png,train,BCL,QUARANTINE_UNCERTIFIED_EMPTY_GT,untrusted empty-GT in contaminated source
BCL_f1205.png,/hdd1/hieulc/datacrack/images/training/BCL_f1205.png,/hdd1/hieulc/datacrack/annotations/training/BCL_f1205.png,train,BCL,QUARANTINE_UNCERTIFIED_EMPTY_GT,untrusted empty-GT in contaminated source
BCL_f1206.png,/hdd1/hieulc/datacrack/images/training/BCL_f1206.png,/hdd1/hieulc/datacrack/annotations/training/BCL_f1206.png,train,BCL,QUARANTINE_UNCERTIFIED_EMPTY_GT,untrusted empty-GT in contaminated source
BCL_f1207.png,/hdd1/hieulc/datacrack/images/training/BCL_f1207.png,/hdd1/hieulc/datacrack/annotations/training/BCL_f1207.png,train,BCL,QUARANTINE_UNCERTIFIED_EMPTY_GT,untrusted empty-GT in contaminated source
BCL_f1208.png,/hdd1/hieulc/datacrack/images/training/BCL_f1208.png,/hdd1/hieulc/datacrack/annotations/training/BCL_f1208.png,train,BCL,QUARANTINE_UNCERTIFIED_EMPTY_GT,untrusted empty-GT in contaminated source
BCL_f1209.png,/hdd1/hieulc/datacrack/images/training/BCL_f1209.png,/hdd1/hieulc/datacrack/annotations/training/BCL_f1209.png,train,BCL,QUARANTINE_UNCERTIFIED_EMPTY_GT,untrusted empty-GT in contaminated source
BCL_f121.png,/hdd1/hieulc/datacrack/images/training/BCL_f121.png,/hdd1/hieulc/datacrack/annotations/training/BCL_f121.png,train,BCL,QUARANTINE_UNCERTIFIED_EMPTY_GT,untrusted empty-GT in contaminated source
BCL_f1210.png,/hdd1/hieulc/datacrack/images/training/BCL_f1210.png,/hdd1/hieulc/datacrack/annotations/training/BCL_f1210.png,train,BCL,QUARANTINE_UNCERTIFIED_EMPTY_GT,untrusted empty-GT in contaminated source
BCL_f1212.png,/hdd1/hieulc/datacrack/images/training/BCL_f1212.png,/hdd1/hieulc/datacrack/annotations/training/BCL_f1212.png,train,BCL,QUARANTINE_UNCERTIFIED_EMPTY_GT,untrusted empty-GT in contaminated source
BCL_f1213.png,/hdd1/hieulc/datacrack/images/training/BCL_f1213.png,/hdd1/hieulc/datacrack/annotations/training/BCL_f1213.png,train,BCL,QUARANTINE_UNCERTIFIED_EMPTY_GT,untrusted empty-GT in contaminated source
BCL_f1214.png,/hdd1/hieulc/datacrack/images/training/BCL_f1214.png,/hdd1/hieulc/datacrack/annotations/training/BCL_f1214.png,train,BCL,QUARANTINE_UNCERTIFIED_EMPTY_GT,untrusted empty-GT in contaminated source
BCL_f1215.png,/hdd1/hieulc/datacrack/images/training/BCL_f1215.png,/hdd1/hieulc/datacrack/annotations/training/BCL_f1215.png,train,BCL,QUARANTINE_UNCERTIFIED_EMPTY_GT,untrusted empty-GT in contaminated source
BCL_f1216.png,/hdd1/hieulc/datacrack/images/training/BCL_f1216.png,/hdd1/hieulc/datacrack/annotations/training/BCL_f1216.png,train,BCL,QUARANTINE_UNCERTIFIED_EMPTY_GT,untrusted empty-GT in contaminated source
BCL_f1217.png,/hdd1/hieulc/datacrack/images/training/BCL_f1217.png,/hdd1/hieulc/datacrack/annotations/training/BCL_f1217.png,train,BCL,QUARANTINE_UNCERTIFIED_EMPTY_GT,untrusted empty-GT in contaminated source
BCL_f1218.png,/hdd1/hieulc/datacrack/images/training/BCL_f1218.png,/hdd1/hieulc/datacrack/annotations/training/BCL_f1218.png,train,BCL,QUARANTINE_UNCERTIFIED_EMPTY_GT,untrusted empty-GT in contaminated source
BCL_f122.png,/hdd1/hieulc/datacrack/images/training/BCL_f122.png,/hdd1/hieulc/datacrack/annotations/training/BCL_f122.png,train,BCL,QUARANTINE_UNCERTIFIED_EMPTY_GT,untrusted empty-GT in contaminated source
BCL_f1220.png,/hdd1/hieulc/datacrack/images/training/BCL_f1220.png,/hdd1/hieulc/datacrack/annotations/training/BCL_f1220.png,train,BCL,QUARANTINE_UNCERTIFIED_EMPTY_GT,untrusted empty-GT in contaminated source
BCL_f1221.png,/hdd1/hieulc/datacrack/images/training/BCL_f1221.png,/hdd1/hieulc/datacrack/annotations/training/BCL_f1221.png,train,BCL,QUARANTINE_UNCERTIFIED_EMPTY_GT,untrusted empty-GT in contaminated source
BCL_f1222.png,/hdd1/hieulc/datacrack/images/training/BCL_f1222.png,/hdd1/hieulc/datacrack/annotations/training/BCL_f1222.png,train,BCL,QUARANTINE_UNCERTIFIED_EMPTY_GT,untrusted empty-GT in contaminated source
BCL_f1224.png,/hdd1/hieulc/datacrack/images/training/BCL_f1224.png,/hdd1/hieulc/datacrack/annotations/training/BCL_f1224.png,train,BCL,QUARANTINE_UNCERTIFIED_EMPTY_GT,untrusted empty-GT in contaminated source
BCL_f1226.png,/hdd1/hieulc/datacrack/images/training/BCL_f1226.png,/hdd1/hieulc/datacrack/annotations/training/BCL_f1226.png,train,BCL,QUARANTINE_UNCERTIFIED_EMPTY_GT,untrusted empty-GT in contaminated source
BCL_f1227.png,/hdd1/hieulc/datacrack/images/training/BCL_f1227.png,/hdd1/hieulc/datacrack/annotations/training/BCL_f1227.png,train,BCL,QUARANTINE_UNCERTIFIED_EMPTY_GT,untrusted empty-GT in contaminated source
BCL_f1228.png,/hdd1/hieulc/datacrack/images/training/BCL_f1228.png,/hdd1/hieulc/datacrack/annotations/training/BCL_f1228.png,train,BCL,QUARANTINE_UNCERTIFIED_EMPTY_GT,untrusted empty-GT in contaminated source
BCL_f1229.png,/hdd1/hieulc/datacrack/images/training/BCL_f1229.png,/hdd1/hieulc/datacrack/annotations/training/BCL_f1229.png,train,BCL,QUARANTINE_UNCERTIFIED_EMPTY_GT,untrusted empty-GT in contaminated source
BCL_f123.png,/hdd1/hieulc/datacrack/images/training/BCL_f123.png,/hdd1/hieulc/datacrack/annotations/training/BCL_f123.png,train,BCL,QUARANTINE_UNCERTIFIED_EMPTY_GT,untrusted empty-GT in contaminated source
BCL_f1230.png,/hdd1/hieulc/datacrack/images/training/BCL_f1230.png,/hdd1/hieulc/datacrack/annotations/training/BCL_f1230.png,train,BCL,QUARANTINE_UNCERTIFIED_EMPTY_GT,untrusted empty-GT in contaminated source
BCL_f1231.png,/hdd1/hieulc/datacrack/images/training/BCL_f1231.png,/hdd1/hieulc/datacrack/annotations/training/BCL_f1231.png,train,BCL,QUARANTINE_UNCERTIFIED_EMPTY_GT,untrusted empty-GT in contaminated source
BCL_f1233.png,/hdd1/hieulc/datacrack/images/training/BCL_f1233.png,/hdd1/hieulc/datacrack/annotations/training/BCL_f1233.png,train,BCL,QUARANTINE_UNCERTIFIED_EMPTY_GT,untrusted empty-GT in contaminated source
BCL_f1234.png,/hdd1/hieulc/datacrack/images/training/BCL_f1234.png,/hdd1/hieulc/datacrack/annotations/training/BCL_f1234.png,train,BCL,QUARANTINE_UNCERTIFIED_EMPTY_GT,untrusted empty-GT in contaminated source
BCL_f1235.png,/hdd1/hieulc/datacrack/images/training/BCL_f1235.png,/hdd1/hieulc/datacrack/annotations/training/BCL_f1235.png,train,BCL,QUARANTINE_UNCERTIFIED_EMPTY_GT,untrusted empty-GT in contaminated source
BCL_f1236.png,/hdd1/hieulc/datacrack/images/training/BCL_f1236.png,/hdd1/hieulc/datacrack/annotations/training/BCL_f1236.png,train,BCL,QUARANTINE_UNCERTIFIED_EMPTY_GT,untrusted empty-GT in contaminated source
BCL_f1237.png,/hdd1/hieulc/datacrack/images/training/BCL_f1237.png,/hdd1/hieulc/datacrack/annotations/training/BCL_f1237.png,train,BCL,QUARANTINE_UNCERTIFIED_EMPTY_GT,untrusted empty-GT in contaminated source
BCL_f1238.png,/hdd1/hieulc/datacrack/images/training/BCL_f1238.png,/hdd1/hieulc/datacrack/annotations/training/BCL_f1238.png,train,BCL,QUARANTINE_UNCERTIFIED_EMPTY_GT,untrusted empty-GT in contaminated source
BCL_f1239.png,/hdd1/hieulc/datacrack/images/training/BCL_f1239.png,/hdd1/hieulc/datacrack/annotations/training/BCL_f1239.png,train,BCL,QUARANTINE_UNCERTIFIED_EMPTY_GT,untrusted empty-GT in contaminated source
BCL_f124.png,/hdd1/hieulc/datacrack/images/training/BCL_f124.png,/hdd1/hieulc/datacrack/annotations/training/BCL_f124.png,train,BCL,QUARANTINE_UNCERTIFIED_EMPTY_GT,untrusted empty-GT in contaminated source
BCL_f1240.png,/hdd1/hieulc/datacrack/images/training/BCL_f1240.png,/hdd1/hieulc/datacrack/annotations/training/BCL_f1240.png,train,BCL,QUARANTINE_UNCERTIFIED_EMPTY_GT,untrusted empty-GT in contaminated source
BCL_f1242.png,/hdd1/hieulc/datacrack/images/training/BCL_f1242.png,/hdd1/hieulc/datacrack/annotations/training/BCL_f1242.png,train,BCL,QUARANTINE_UNCERTIFIED_EMPTY_GT,untrusted empty-GT in contaminated source
BCL_f1244.png,/hdd1/hieulc/datacrack/images/training/BCL_f1244.png,/hdd1/hieulc/datacrack/annotations/training/BCL_f1244.png,train,BCL,QUARANTINE_UNCERTIFIED_EMPTY_GT,untrusted empty-GT in contaminated source
BCL_f1246.png,/hdd1/hieulc/datacrack/images/training/BCL_f1246.png,/hdd1/hieulc/datacrack/annotations/training/BCL_f1246.png,train,BCL,QUARANTINE_UNCERTIFIED_EMPTY_GT,untrusted empty-GT in contaminated source
BCL_f1247.png,/hdd1/hieulc/datacrack/images/training/BCL_f1247.png,/hdd1/hieulc/datacrack/annotations/training/BCL_f1247.png,train,BCL,QUARANTINE_UNCERTIFIED_EMPTY_GT,untrusted empty-GT in contaminated source
BCL_f1248.png,/hdd1/hieulc/datacrack/images/training/BCL_f1248.png,/hdd1/hieulc/datacrack/annotations/training/BCL_f1248.png,train,BCL,QUARANTINE_UNCERTIFIED_EMPTY_GT,untrusted empty-GT in contaminated source
BCL_f1249.png,/hdd1/hieulc/datacrack/images/training/BCL_f1249.png,/hdd1/hieulc/datacrack/annotations/training/BCL_f1249.png,train,BCL,QUARANTINE_UNCERTIFIED_EMPTY_GT,untrusted empty-GT in contaminated source
BCL_f125.png,/hdd1/hieulc/datacrack/images/training/BCL_f125.png,/hdd1/hieulc/datacrack/annotations/training/BCL_f125.png,train,BCL,QUARANTINE_UNCERTIFIED_EMPTY_GT,untrusted empty-GT in contaminated source
BCL_f1250.png,/hdd1/hieulc/datacrack/images/training/BCL_f1250.png,/hdd1/hieulc/datacrack/annotations/training/BCL_f1250.png,train,BCL,QUARANTINE_UNCERTIFIED_EMPTY_GT,untrusted empty-GT in contaminated source
BCL_f1251.png,/hdd1/hieulc/datacrack/images/training/BCL_f1251.png,/hdd1/hieulc/datacrack/annotations/training/BCL_f1251.png,train,BCL,QUARANTINE_UNCERTIFIED_EMPTY_GT,untrusted empty-GT in contaminated source
BCL_f1252.png,/hdd1/hieulc/datacrack/images/training/BCL_f1252.png,/hdd1/hieulc/datacrack/annotations/training/BCL_f1252.png,train,BCL,QUARANTINE_UNCERTIFIED_EMPTY_GT,untrusted empty-GT in contaminated source
BCL_f1253.png,/hdd1/hieulc/datacrack/images/training/BCL_f1253.png,/hdd1/hieulc/datacrack/annotations/training/BCL_f1253.png,train,BCL,QUARANTINE_UNCERTIFIED_EMPTY_GT,untrusted empty-GT in contaminated source
BCL_f1254.png,/hdd1/hieulc/datacrack/images/training/BCL_f1254.png,/hdd1/hieulc/datacrack/annotations/training/BCL_f1254.png,train,BCL,QUARANTINE_UNCERTIFIED_EMPTY_GT,untrusted empty-GT in contaminated source
BCL_f1255.png,/hdd1/hieulc/datacrack/images/training/BCL_f1255.png,/hdd1/hieulc/datacrack/annotations/training/BCL_f1255.png,train,BCL,QUARANTINE_UNCERTIFIED_EMPTY_GT,untrusted empty-GT in contaminated source
BCL_f1256.png,/hdd1/hieulc/datacrack/images/training/BCL_f1256.png,/hdd1/hieulc/datacrack/annotations/training/BCL_f1256.png,train,BCL,QUARANTINE_UNCERTIFIED_EMPTY_GT,untrusted empty-GT in contaminated source
BCL_f1259.png,/hdd1/hieulc/datacrack/images/training/BCL_f1259.png,/hdd1/hieulc/datacrack/annotations/training/BCL_f1259.png,train,BCL,QUARANTINE_UNCERTIFIED_EMPTY_GT,untrusted empty-GT in contaminated source
BCL_f1260.png,/hdd1/hieulc/datacrack/images/training/BCL_f1260.png,/hdd1/hieulc/datacrack/annotations/training/BCL_f1260.png,train,BCL,QUARANTINE_UNCERTIFIED_EMPTY_GT,untrusted empty-GT in contaminated source
BCL_f1261.png,/hdd1/hieulc/datacrack/images/training/BCL_f1261.png,/hdd1/hieulc/datacrack/annotations/training/BCL_f1261.png,train,BCL,QUARANTINE_UNCERTIFIED_EMPTY_GT,untrusted empty-GT in contaminated source
BCL_f1262.png,/hdd1/hieulc/datacrack/images/training/BCL_f1262.png,/hdd1/hieulc/datacrack/annotations/training/BCL_f1262.png,train,BCL,QUARANTINE_UNCERTIFIED_EMPTY_GT,untrusted empty-GT in contaminated source
BCL_f1264.png,/hdd1/hieulc/datacrack/images/training/BCL_f1264.png,/hdd1/hieulc/datacrack/annotations/training/BCL_f1264.png,train,BCL,QUARANTINE_UNCERTIFIED_EMPTY_GT,untrusted empty-GT in contaminated source
BCL_f1265.png,/hdd1/hieulc/datacrack/images/training/BCL_f1265.png,/hdd1/hieulc/datacrack/annotations/training/BCL_f1265.png,train,BCL,QUARANTINE_UNCERTIFIED_EMPTY_GT,untrusted empty-GT in contaminated source
BCL_f1266.png,/hdd1/hieulc/datacrack/images/training/BCL_f1266.png,/hdd1/hieulc/datacrack/annotations/training/BCL_f1266.png,train,BCL,QUARANTINE_UNCERTIFIED_EMPTY_GT,untrusted empty-GT in contaminated source
BCL_f1267.png,/hdd1/hieulc/datacrack/images/training/BCL_f1267.png,/hdd1/hieulc/datacrack/annotations/training/BCL_f1267.png,train,BCL,QUARANTINE_UNCERTIFIED_EMPTY_GT,untrusted empty-GT in contaminated source
BCL_f1269.png,/hdd1/hieulc/datacrack/images/training/BCL_f1269.png,/hdd1/hieulc/datacrack/annotations/training/BCL_f1269.png,train,BCL,QUARANTINE_UNCERTIFIED_EMPTY_GT,untrusted empty-GT in contaminated source
BCL_f127.png,/hdd1/hieulc/datacrack/images/training/BCL_f127.png,/hdd1/hieulc/datacrack/annotations/training/BCL_f127.png,train,BCL,QUARANTINE_UNCERTIFIED_EMPTY_GT,untrusted empty-GT in contaminated source
BCL_f1270.png,/hdd1/hieulc/datacrack/images/training/BCL_f1270.png,/hdd1/hieulc/datacrack/annotations/training/BCL_f1270.png,train,BCL,QUARANTINE_UNCERTIFIED_EMPTY_GT,untrusted empty-GT in contaminated source
BCL_f1271.png,/hdd1/hieulc/datacrack/images/training/BCL_f1271.png,/hdd1/hieulc/datacrack/annotations/training/BCL_f1271.png,train,BCL,QUARANTINE_UNCERTIFIED_EMPTY_GT,untrusted empty-GT in contaminated source
BCL_f1272.png,/hdd1/hieulc/datacrack/images/training/BCL_f1272.png,/hdd1/hieulc/datacrack/annotations/training/BCL_f1272.png,train,BCL,QUARANTINE_UNCERTIFIED_EMPTY_GT,untrusted empty-GT in contaminated source
BCL_f1275.png,/hdd1/hieulc/datacrack/images/training/BCL_f1275.png,/hdd1/hieulc/datacrack/annotations/training/BCL_f1275.png,train,BCL,QUARANTINE_UNCERTIFIED_EMPTY_GT,untrusted empty-GT in contaminated source
BCL_f1276.png,/hdd1/hieulc/datacrack/images/training/BCL_f1276.png,/hdd1/hieulc/datacrack/annotations/training/BCL_f1276.png,train,BCL,QUARANTINE_UNCERTIFIED_EMPTY_GT,untrusted empty-GT in contaminated source
BCL_f1278.png,/hdd1/hieulc/datacrack/images/training/BCL_f1278.png,/hdd1/hieulc/datacrack/annotations/training/BCL_f1278.png,train,BCL,QUARANTINE_UNCERTIFIED_EMPTY_GT,untrusted empty-GT in contaminated source
BCL_f1279.png,/hdd1/hieulc/datacrack/images/training/BCL_f1279.png,/hdd1/hieulc/datacrack/annotations/training/BCL_f1279.png,train,BCL,QUARANTINE_UNCERTIFIED_EMPTY_GT,untrusted empty-GT in contaminated source
BCL_f128.png,/hdd1/hieulc/datacrack/images/training/BCL_f128.png,/hdd1/hieulc/datacrack/annotations/training/BCL_f128.png,train,BCL,QUARANTINE_UNCERTIFIED_EMPTY_GT,untrusted empty-GT in contaminated source
BCL_f1281.png,/hdd1/hieulc/datacrack/images/training/BCL_f1281.png,/hdd1/hieulc/datacrack/annotations/training/BCL_f1281.png,train,BCL,QUARANTINE_UNCERTIFIED_EMPTY_GT,untrusted empty-GT in contaminated source
BCL_f1282.png,/hdd1/hieulc/datacrack/images/training/BCL_f1282.png,/hdd1/hieulc/datacrack/annotations/training/BCL_f1282.png,train,BCL,QUARANTINE_UNCERTIFIED_EMPTY_GT,untrusted empty-GT in contaminated source
BCL_f1284.png,/hdd1/hieulc/datacrack/images/training/BCL_f1284.png,/hdd1/hieulc/datacrack/annotations/training/BCL_f1284.png,train,BCL,QUARANTINE_UNCERTIFIED_EMPTY_GT,untrusted empty-GT in contaminated source
BCL_f1285.png,/hdd1/hieulc/datacrack/images/training/BCL_f1285.png,/hdd1/hieulc/datacrack/annotations/training/BCL_f1285.png,train,BCL,QUARANTINE_UNCERTIFIED_EMPTY_GT,untrusted empty-GT in contaminated source
BCL_f1286.png,/hdd1/hieulc/datacrack/images/training/BCL_f1286.png,/hdd1/hieulc/datacrack/annotations/training/BCL_f1286.png,train,BCL,QUARANTINE_UNCERTIFIED_EMPTY_GT,untrusted empty-GT in contaminated source
BCL_f1287.png,/hdd1/hieulc/datacrack/images/training/BCL_f1287.png,/hdd1/hieulc/datacrack/annotations/training/BCL_f1287.png,train,BCL,QUARANTINE_UNCERTIFIED_EMPTY_GT,untrusted empty-GT in contaminated source
BCL_f1288.png,/hdd1/hieulc/datacrack/images/training/BCL_f1288.png,/hdd1/hieulc/datacrack/annotations/training/BCL_f1288.png,train,BCL,QUARANTINE_UNCERTIFIED_EMPTY_GT,untrusted empty-GT in contaminated source
BCL_f129.png,/hdd1/hieulc/datacrack/images/training/BCL_f129.png,/hdd1/hieulc/datacrack/annotations/training/BCL_f129.png,train,BCL,QUARANTINE_UNCERTIFIED_EMPTY_GT,untrusted empty-GT in contaminated source
BCL_f1290.png,/hdd1/hieulc/datacrack/images/training/BCL_f1290.png,/hdd1/hieulc/datacrack/annotations/training/BCL_f1290.png,train,BCL,QUARANTINE_UNCERTIFIED_EMPTY_GT,untrusted empty-GT in contaminated source
BCL_f1291.png,/hdd1/hieulc/datacrack/images/training/BCL_f1291.png,/hdd1/hieulc/datacrack/annotations/training/BCL_f1291.png,train,BCL,QUARANTINE_UNCERTIFIED_EMPTY_GT,untrusted empty-GT in contaminated source
BCL_f1292.png,/hdd1/hieulc/datacrack/images/training/BCL_f1292.png,/hdd1/hieulc/datacrack/annotations/training/BCL_f1292.png,train,BCL,QUARANTINE_UNCERTIFIED_EMPTY_GT,untrusted empty-GT in contaminated source
BCL_f1293.png,/hdd1/hieulc/datacrack/images/training/BCL_f1293.png,/hdd1/hieulc/datacrack/annotations/training/BCL_f1293.png,train,BCL,QUARANTINE_UNCERTIFIED_EMPTY_GT,untrusted empty-GT in contaminated source
BCL_f1296.png,/hdd1/hieulc/datacrack/images/training/BCL_f1296.png,/hdd1/hieulc/datacrack/annotations/training/BCL_f1296.png,train,BCL,QUARANTINE_UNCERTIFIED_EMPTY_GT,untrusted empty-GT in contaminated source
BCL_f1297.png,/hdd1/hieulc/datacrack/images/training/BCL_f1297.png,/hdd1/hieulc/datacrack/annotations/training/BCL_f1297.png,train,BCL,QUARANTINE_UNCERTIFIED_EMPTY_GT,untrusted empty-GT in contaminated source
BCL_f1298.png,/hdd1/hieulc/datacrack/images/training/BCL_f1298.png,/hdd1/hieulc/datacrack/annotations/training/BCL_f1298.png,train,BCL,QUARANTINE_UNCERTIFIED_EMPTY_GT,untrusted empty-GT in contaminated source
BCL_f1299.png,/hdd1/hieulc/datacrack/images/training/BCL_f1299.png,/hdd1/hieulc/datacrack/annotations/training/BCL_f1299.png,train,BCL,QUARANTINE_UNCERTIFIED_EMPTY_GT,untrusted empty-GT in contaminated source
BCL_f130.png,/hdd1/hieulc/datacrack/images/training/BCL_f130.png,/hdd1/hieulc/datacrack/annotations/training/BCL_f130.png,train,BCL,QUARANTINE_UNCERTIFIED_EMPTY_GT,untrusted empty-GT in contaminated source
BCL_f1300.png,/hdd1/hieulc/datacrack/images/training/BCL_f1300.png,/hdd1/hieulc/datacrack/annotations/training/BCL_f1300.png,train,BCL,QUARANTINE_UNCERTIFIED_EMPTY_GT,untrusted empty-GT in contaminated source
BCL_f1302.png,/hdd1/hieulc/datacrack/images/training/BCL_f1302.png,/hdd1/hieulc/datacrack/annotations/training/BCL_f1302.png,train,BCL,QUARANTINE_UNCERTIFIED_EMPTY_GT,untrusted empty-GT in contaminated source
BCL_f1303.png,/hdd1/hieulc/datacrack/images/training/BCL_f1303.png,/hdd1/hieulc/datacrack/annotations/training/BCL_f1303.png,train,BCL,QUARANTINE_UNCERTIFIED_EMPTY_GT,untrusted empty-GT in contaminated source
BCL_f1304.png,/hdd1/hieulc/datacrack/images/training/BCL_f1304.png,/hdd1/hieulc/datacrack/annotations/training/BCL_f1304.png,train,BCL,QUARANTINE_UNCERTIFIED_EMPTY_GT,untrusted empty-GT in contaminated source
BCL_f1305.png,/hdd1/hieulc/datacrack/images/training/BCL_f1305.png,/hdd1/hieulc/datacrack/annotations/training/BCL_f1305.png,train,BCL,QUARANTINE_UNCERTIFIED_EMPTY_GT,untrusted empty-GT in contaminated source
BCL_f1306.png,/hdd1/hieulc/datacrack/images/training/BCL_f1306.png,/hdd1/hieulc/datacrack/annotations/training/BCL_f1306.png,train,BCL,QUARANTINE_UNCERTIFIED_EMPTY_GT,untrusted empty-GT in contaminated source
BCL_f1309.png,/hdd1/hieulc/datacrack/images/training/BCL_f1309.png,/hdd1/hieulc/datacrack/annotations/training/BCL_f1309.png,train,BCL,QUARANTINE_UNCERTIFIED_EMPTY_GT,untrusted empty-GT in contaminated source
BCL_f131.png,/hdd1/hieulc/datacrack/images/training/BCL_f131.png,/hdd1/hieulc/datacrack/annotations/training/BCL_f131.png,train,BCL,QUARANTINE_UNCERTIFIED_EMPTY_GT,untrusted empty-GT in contaminated source
BCL_f1310.png,/hdd1/hieulc/datacrack/images/training/BCL_f1310.png,/hdd1/hieulc/datacrack/annotations/training/BCL_f1310.png,train,BCL,QUARANTINE_UNCERTIFIED_EMPTY_GT,untrusted empty-GT in contaminated source
BCL_f1311.png,/hdd1/hieulc/datacrack/images/training/BCL_f1311.png,/hdd1/hieulc/datacrack/annotations/training/BCL_f1311.png,train,BCL,QUARANTINE_UNCERTIFIED_EMPTY_GT,untrusted empty-GT in contaminated source
BCL_f1313.png,/hdd1/hieulc/datacrack/images/training/BCL_f1313.png,/hdd1/hieulc/datacrack/annotations/training/BCL_f1313.png,train,BCL,QUARANTINE_UNCERTIFIED_EMPTY_GT,untrusted empty-GT in contaminated source
BCL_f1314.png,/hdd1/hieulc/datacrack/images/training/BCL_f1314.png,/hdd1/hieulc/datacrack/annotations/training/BCL_f1314.png,train,BCL,QUARANTINE_UNCERTIFIED_EMPTY_GT,untrusted empty-GT in contaminated source
BCL_f1315.png,/hdd1/hieulc/datacrack/images/training/BCL_f1315.png,/hdd1/hieulc/datacrack/annotations/training/BCL_f1315.png,train,BCL,QUARANTINE_UNCERTIFIED_EMPTY_GT,untrusted empty-GT in contaminated source
BCL_f1316.png,/hdd1/hieulc/datacrack/images/training/BCL_f1316.png,/hdd1/hieulc/datacrack/annotations/training/BCL_f1316.png,train,BCL,QUARANTINE_UNCERTIFIED_EMPTY_GT,untrusted empty-GT in contaminated source
BCL_f1318.png,/hdd1/hieulc/datacrack/images/training/BCL_f1318.png,/hdd1/hieulc/datacrack/annotations/training/BCL_f1318.png,train,BCL,QUARANTINE_UNCERTIFIED_EMPTY_GT,untrusted empty-GT in contaminated source
BCL_f1319.png,/hdd1/hieulc/datacrack/images/training/BCL_f1319.png,/hdd1/hieulc/datacrack/annotations/training/BCL_f1319.png,train,BCL,QUARANTINE_UNCERTIFIED_EMPTY_GT,untrusted empty-GT in contaminated source
BCL_f132.png,/hdd1/hieulc/datacrack/images/training/BCL_f132.png,/hdd1/hieulc/datacrack/annotations/training/BCL_f132.png,train,BCL,QUARANTINE_UNCERTIFIED_EMPTY_GT,untrusted empty-GT in contaminated source
BCL_f1320.png,/hdd1/hieulc/datacrack/images/training/BCL_f1320.png,/hdd1/hieulc/datacrack/annotations/training/BCL_f1320.png,train,BCL,QUARANTINE_UNCERTIFIED_EMPTY_GT,untrusted empty-GT in contaminated source
BCL_f1321.png,/hdd1/hieulc/datacrack/images/training/BCL_f1321.png,/hdd1/hieulc/datacrack/annotations/training/BCL_f1321.png,train,BCL,QUARANTINE_UNCERTIFIED_EMPTY_GT,untrusted empty-GT in contaminated source
BCL_f1323.png,/hdd1/hieulc/datacrack/images/training/BCL_f1323.png,/hdd1/hieulc/datacrack/annotations/training/BCL_f1323.png,train,BCL,QUARANTINE_UNCERTIFIED_EMPTY_GT,untrusted empty-GT in contaminated source
BCL_f1326.png,/hdd1/hieulc/datacrack/images/training/BCL_f1326.png,/hdd1/hieulc/datacrack/annotations/training/BCL_f1326.png,train,BCL,QUARANTINE_UNCERTIFIED_EMPTY_GT,untrusted empty-GT in contaminated source
BCL_f1327.png,/hdd1/hieulc/datacrack/images/training/BCL_f1327.png,/hdd1/hieulc/datacrack/annotations/training/BCL_f1327.png,train,BCL,QUARANTINE_UNCERTIFIED_EMPTY_GT,untrusted empty-GT in contaminated source
BCL_f1328.png,/hdd1/hieulc/datacrack/images/training/BCL_f1328.png,/hdd1/hieulc/datacrack/annotations/training/BCL_f1328.png,train,BCL,QUARANTINE_UNCERTIFIED_EMPTY_GT,untrusted empty-GT in contaminated source
BCL_f1329.png,/hdd1/hieulc/datacrack/images/training/BCL_f1329.png,/hdd1/hieulc/datacrack/annotations/training/BCL_f1329.png,train,BCL,QUARANTINE_UNCERTIFIED_EMPTY_GT,untrusted empty-GT in contaminated source
BCL_f133.png,/hdd1/hieulc/datacrack/images/training/BCL_f133.png,/hdd1/hieulc/datacrack/annotations/training/BCL_f133.png,train,BCL,QUARANTINE_UNCERTIFIED_EMPTY_GT,untrusted empty-GT in contaminated source
BCL_f1330.png,/hdd1/hieulc/datacrack/images/training/BCL_f1330.png,/hdd1/hieulc/datacrack/annotations/training/BCL_f1330.png,train,BCL,QUARANTINE_UNCERTIFIED_EMPTY_GT,untrusted empty-GT in contaminated source
BCL_f1331.png,/hdd1/hieulc/datacrack/images/training/BCL_f1331.png,/hdd1/hieulc/datacrack/annotations/training/BCL_f1331.png,train,BCL,QUARANTINE_UNCERTIFIED_EMPTY_GT,untrusted empty-GT in contaminated source
BCL_f1332.png,/hdd1/hieulc/datacrack/images/training/BCL_f1332.png,/hdd1/hieulc/datacrack/annotations/training/BCL_f1332.png,train,BCL,QUARANTINE_UNCERTIFIED_EMPTY_GT,untrusted empty-GT in contaminated source
BCL_f1334.png,/hdd1/hieulc/datacrack/images/training/BCL_f1334.png,/hdd1/hieulc/datacrack/annotations/training/BCL_f1334.png,train,BCL,QUARANTINE_UNCERTIFIED_EMPTY_GT,untrusted empty-GT in contaminated source
BCL_f1336.png,/hdd1/hieulc/datacrack/images/training/BCL_f1336.png,/hdd1/hieulc/datacrack/annotations/training/BCL_f1336.png,train,BCL,QUARANTINE_UNCERTIFIED_EMPTY_GT,untrusted empty-GT in contaminated source
BCL_f1337.png,/hdd1/hieulc/datacrack/images/training/BCL_f1337.png,/hdd1/hieulc/datacrack/annotations/training/BCL_f1337.png,train,BCL,QUARANTINE_UNCERTIFIED_EMPTY_GT,untrusted empty-GT in contaminated source
BCL_f1338.png,/hdd1/hieulc/datacrack/images/training/BCL_f1338.png,/hdd1/hieulc/datacrack/annotations/training/BCL_f1338.png,train,BCL,QUARANTINE_UNCERTIFIED_EMPTY_GT,untrusted empty-GT in contaminated source
BCL_f1339.png,/hdd1/hieulc/datacrack/images/training/BCL_f1339.png,/hdd1/hieulc/datacrack/annotations/training/BCL_f1339.png,train,BCL,QUARANTINE_UNCERTIFIED_EMPTY_GT,untrusted empty-GT in contaminated source
BCL_f134.png,/hdd1/hieulc/datacrack/images/training/BCL_f134.png,/hdd1/hieulc/datacrack/annotations/training/BCL_f134.png,train,BCL,QUARANTINE_UNCERTIFIED_EMPTY_GT,untrusted empty-GT in contaminated source
BCL_f1340.png,/hdd1/hieulc/datacrack/images/training/BCL_f1340.png,/hdd1/hieulc/datacrack/annotations/training/BCL_f1340.png,train,BCL,QUARANTINE_UNCERTIFIED_EMPTY_GT,untrusted empty-GT in contaminated source
BCL_f1342.png,/hdd1/hieulc/datacrack/images/training/BCL_f1342.png,/hdd1/hieulc/datacrack/annotations/training/BCL_f1342.png,train,BCL,QUARANTINE_UNCERTIFIED_EMPTY_GT,untrusted empty-GT in contaminated source
BCL_f1343.png,/hdd1/hieulc/datacrack/images/training/BCL_f1343.png,/hdd1/hieulc/datacrack/annotations/training/BCL_f1343.png,train,BCL,QUARANTINE_UNCERTIFIED_EMPTY_GT,untrusted empty-GT in contaminated source
BCL_f1346.png,/hdd1/hieulc/datacrack/images/training/BCL_f1346.png,/hdd1/hieulc/datacrack/annotations/training/BCL_f1346.png,train,BCL,QUARANTINE_UNCERTIFIED_EMPTY_GT,untrusted empty-GT in contaminated source
BCL_f1347.png,/hdd1/hieulc/datacrack/images/training/BCL_f1347.png,/hdd1/hieulc/datacrack/annotations/training/BCL_f1347.png,train,BCL,QUARANTINE_UNCERTIFIED_EMPTY_GT,untrusted empty-GT in contaminated source
BCL_f1348.png,/hdd1/hieulc/datacrack/images/training/BCL_f1348.png,/hdd1/hieulc/datacrack/annotations/training/BCL_f1348.png,train,BCL,QUARANTINE_UNCERTIFIED_EMPTY_GT,untrusted empty-GT in contaminated source
BCL_f1349.png,/hdd1/hieulc/datacrack/images/training/BCL_f1349.png,/hdd1/hieulc/datacrack/annotations/training/BCL_f1349.png,train,BCL,QUARANTINE_UNCERTIFIED_EMPTY_GT,untrusted empty-GT in contaminated source
BCL_f135.png,/hdd1/hieulc/datacrack/images/training/BCL_f135.png,/hdd1/hieulc/datacrack/annotations/training/BCL_f135.png,train,BCL,QUARANTINE_UNCERTIFIED_EMPTY_GT,untrusted empty-GT in contaminated source
BCL_f1350.png,/hdd1/hieulc/datacrack/images/training/BCL_f1350.png,/hdd1/hieulc/datacrack/annotations/training/BCL_f1350.png,train,BCL,QUARANTINE_UNCERTIFIED_EMPTY_GT,untrusted empty-GT in contaminated source
BCL_f1352.png,/hdd1/hieulc/datacrack/images/training/BCL_f1352.png,/hdd1/hieulc/datacrack/annotations/training/BCL_f1352.png,train,BCL,QUARANTINE_UNCERTIFIED_EMPTY_GT,untrusted empty-GT in contaminated source
BCL_f1353.png,/hdd1/hieulc/datacrack/images/training/BCL_f1353.png,/hdd1/hieulc/datacrack/annotations/training/BCL_f1353.png,train,BCL,QUARANTINE_UNCERTIFIED_EMPTY_GT,untrusted empty-GT in contaminated source
BCL_f1354.png,/hdd1/hieulc/datacrack/images/training/BCL_f1354.png,/hdd1/hieulc/datacrack/annotations/training/BCL_f1354.png,train,BCL,QUARANTINE_UNCERTIFIED_EMPTY_GT,untrusted empty-GT in contaminated source
BCL_f1355.png,/hdd1/hieulc/datacrack/images/training/BCL_f1355.png,/hdd1/hieulc/datacrack/annotations/training/BCL_f1355.png,train,BCL,QUARANTINE_UNCERTIFIED_EMPTY_GT,untrusted empty-GT in contaminated source
BCL_f1356.png,/hdd1/hieulc/datacrack/images/training/BCL_f1356.png,/hdd1/hieulc/datacrack/annotations/training/BCL_f1356.png,train,BCL,QUARANTINE_UNCERTIFIED_EMPTY_GT,untrusted empty-GT in contaminated source
BCL_f1357.png,/hdd1/hieulc/datacrack/images/training/BCL_f1357.png,/hdd1/hieulc/datacrack/annotations/training/BCL_f1357.png,train,BCL,QUARANTINE_UNCERTIFIED_EMPTY_GT,untrusted empty-GT in contaminated source
BCL_f1358.png,/hdd1/hieulc/datacrack/images/training/BCL_f1358.png,/hdd1/hieulc/datacrack/annotations/training/BCL_f1358.png,train,BCL,QUARANTINE_UNCERTIFIED_EMPTY_GT,untrusted empty-GT in contaminated source
BCL_f1359.png,/hdd1/hieulc/datacrack/images/training/BCL_f1359.png,/hdd1/hieulc/datacrack/annotations/training/BCL_f1359.png,train,BCL,QUARANTINE_UNCERTIFIED_EMPTY_GT,untrusted empty-GT in contaminated source
BCL_f136.png,/hdd1/hieulc/datacrack/images/training/BCL_f136.png,/hdd1/hieulc/datacrack/annotations/training/BCL_f136.png,train,BCL,QUARANTINE_UNCERTIFIED_EMPTY_GT,untrusted empty-GT in contaminated source
BCL_f1360.png,/hdd1/hieulc/datacrack/images/training/BCL_f1360.png,/hdd1/hieulc/datacrack/annotations/training/BCL_f1360.png,train,BCL,QUARANTINE_UNCERTIFIED_EMPTY_GT,untrusted empty-GT in contaminated source
BCL_f1361.png,/hdd1/hieulc/datacrack/images/training/BCL_f1361.png,/hdd1/hieulc/datacrack/annotations/training/BCL_f1361.png,train,BCL,QUARANTINE_UNCERTIFIED_EMPTY_GT,untrusted empty-GT in contaminated source
BCL_f1362.png,/hdd1/hieulc/datacrack/images/training/BCL_f1362.png,/hdd1/hieulc/datacrack/annotations/training/BCL_f1362.png,train,BCL,QUARANTINE_UNCERTIFIED_EMPTY_GT,untrusted empty-GT in contaminated source
BCL_f1363.png,/hdd1/hieulc/datacrack/images/training/BCL_f1363.png,/hdd1/hieulc/datacrack/annotations/training/BCL_f1363.png,train,BCL,QUARANTINE_UNCERTIFIED_EMPTY_GT,untrusted empty-GT in contaminated source
BCL_f1364.png,/hdd1/hieulc/datacrack/images/training/BCL_f1364.png,/hdd1/hieulc/datacrack/annotations/training/BCL_f1364.png,train,BCL,QUARANTINE_UNCERTIFIED_EMPTY_GT,untrusted empty-GT in contaminated source
BCL_f1365.png,/hdd1/hieulc/datacrack/images/training/BCL_f1365.png,/hdd1/hieulc/datacrack/annotations/training/BCL_f1365.png,train,BCL,QUARANTINE_UNCERTIFIED_EMPTY_GT,untrusted empty-GT in contaminated source
BCL_f1366.png,/hdd1/hieulc/datacrack/images/training/BCL_f1366.png,/hdd1/hieulc/datacrack/annotations/training/BCL_f1366.png,train,BCL,QUARANTINE_UNCERTIFIED_EMPTY_GT,untrusted empty-GT in contaminated source
BCL_f1367.png,/hdd1/hieulc/datacrack/images/training/BCL_f1367.png,/hdd1/hieulc/datacrack/annotations/training/BCL_f1367.png,train,BCL,QUARANTINE_UNCERTIFIED_EMPTY_GT,untrusted empty-GT in contaminated source
BCL_f1368.png,/hdd1/hieulc/datacrack/images/training/BCL_f1368.png,/hdd1/hieulc/datacrack/annotations/training/BCL_f1368.png,train,BCL,QUARANTINE_UNCERTIFIED_EMPTY_GT,untrusted empty-GT in contaminated source
BCL_f1370.png,/hdd1/hieulc/datacrack/images/training/BCL_f1370.png,/hdd1/hieulc/datacrack/annotations/training/BCL_f1370.png,train,BCL,QUARANTINE_UNCERTIFIED_EMPTY_GT,untrusted empty-GT in contaminated source
BCL_f1371.png,/hdd1/hieulc/datacrack/images/training/BCL_f1371.png,/hdd1/hieulc/datacrack/annotations/training/BCL_f1371.png,train,BCL,QUARANTINE_UNCERTIFIED_EMPTY_GT,untrusted empty-GT in contaminated source
BCL_f1372.png,/hdd1/hieulc/datacrack/images/training/BCL_f1372.png,/hdd1/hieulc/datacrack/annotations/training/BCL_f1372.png,train,BCL,QUARANTINE_UNCERTIFIED_EMPTY_GT,untrusted empty-GT in contaminated source
BCL_f1373.png,/hdd1/hieulc/datacrack/images/training/BCL_f1373.png,/hdd1/hieulc/datacrack/annotations/training/BCL_f1373.png,train,BCL,QUARANTINE_UNCERTIFIED_EMPTY_GT,untrusted empty-GT in contaminated source
BCL_f1374.png,/hdd1/hieulc/datacrack/images/training/BCL_f1374.png,/hdd1/hieulc/datacrack/annotations/training/BCL_f1374.png,train,BCL,QUARANTINE_UNCERTIFIED_EMPTY_GT,untrusted empty-GT in contaminated source
BCL_f1375.png,/hdd1/hieulc/datacrack/images/training/BCL_f1375.png,/hdd1/hieulc/datacrack/annotations/training/BCL_f1375.png,train,BCL,QUARANTINE_UNCERTIFIED_EMPTY_GT,untrusted empty-GT in contaminated source
BCL_f1376.png,/hdd1/hieulc/datacrack/images/training/BCL_f1376.png,/hdd1/hieulc/datacrack/annotations/training/BCL_f1376.png,train,BCL,QUARANTINE_UNCERTIFIED_EMPTY_GT,untrusted empty-GT in contaminated source
BCL_f1377.png,/hdd1/hieulc/datacrack/images/training/BCL_f1377.png,/hdd1/hieulc/datacrack/annotations/training/BCL_f1377.png,train,BCL,QUARANTINE_UNCERTIFIED_EMPTY_GT,untrusted empty-GT in contaminated source
BCL_f1378.png,/hdd1/hieulc/datacrack/images/training/BCL_f1378.png,/hdd1/hieulc/datacrack/annotations/training/BCL_f1378.png,train,BCL,QUARANTINE_UNCERTIFIED_EMPTY_GT,untrusted empty-GT in contaminated source
BCL_f138.png,/hdd1/hieulc/datacrack/images/training/BCL_f138.png,/hdd1/hieulc/datacrack/annotations/training/BCL_f138.png,train,BCL,QUARANTINE_UNCERTIFIED_EMPTY_GT,untrusted empty-GT in contaminated source
BCL_f1380.png,/hdd1/hieulc/datacrack/images/training/BCL_f1380.png,/hdd1/hieulc/datacrack/annotations/training/BCL_f1380.png,train,BCL,QUARANTINE_UNCERTIFIED_EMPTY_GT,untrusted empty-GT in contaminated source
BCL_f1381.png,/hdd1/hieulc/datacrack/images/training/BCL_f1381.png,/hdd1/hieulc/datacrack/annotations/training/BCL_f1381.png,train,BCL,QUARANTINE_UNCERTIFIED_EMPTY_GT,untrusted empty-GT in contaminated source
BCL_f1382.png,/hdd1/hieulc/datacrack/images/training/BCL_f1382.png,/hdd1/hieulc/datacrack/annotations/training/BCL_f1382.png,train,BCL,QUARANTINE_UNCERTIFIED_EMPTY_GT,untrusted empty-GT in contaminated source
BCL_f1383.png,/hdd1/hieulc/datacrack/images/training/BCL_f1383.png,/hdd1/hieulc/datacrack/annotations/training/BCL_f1383.png,train,BCL,QUARANTINE_UNCERTIFIED_EMPTY_GT,untrusted empty-GT in contaminated source
BCL_f1385.png,/hdd1/hieulc/datacrack/images/training/BCL_f1385.png,/hdd1/hieulc/datacrack/annotations/training/BCL_f1385.png,train,BCL,QUARANTINE_UNCERTIFIED_EMPTY_GT,untrusted empty-GT in contaminated source
BCL_f1386.png,/hdd1/hieulc/datacrack/images/training/BCL_f1386.png,/hdd1/hieulc/datacrack/annotations/training/BCL_f1386.png,train,BCL,QUARANTINE_UNCERTIFIED_EMPTY_GT,untrusted empty-GT in contaminated source
BCL_f1387.png,/hdd1/hieulc/datacrack/images/training/BCL_f1387.png,/hdd1/hieulc/datacrack/annotations/training/BCL_f1387.png,train,BCL,QUARANTINE_UNCERTIFIED_EMPTY_GT,untrusted empty-GT in contaminated source
BCL_f1389.png,/hdd1/hieulc/datacrack/images/training/BCL_f1389.png,/hdd1/hieulc/datacrack/annotations/training/BCL_f1389.png,train,BCL,QUARANTINE_UNCERTIFIED_EMPTY_GT,untrusted empty-GT in contaminated source
BCL_f139.png,/hdd1/hieulc/datacrack/images/training/BCL_f139.png,/hdd1/hieulc/datacrack/annotations/training/BCL_f139.png,train,BCL,QUARANTINE_UNCERTIFIED_EMPTY_GT,untrusted empty-GT in contaminated source
BCL_f1390.png,/hdd1/hieulc/datacrack/images/training/BCL_f1390.png,/hdd1/hieulc/datacrack/annotations/training/BCL_f1390.png,train,BCL,QUARANTINE_UNCERTIFIED_EMPTY_GT,untrusted empty-GT in contaminated source
BCL_f1391.png,/hdd1/hieulc/datacrack/images/training/BCL_f1391.png,/hdd1/hieulc/datacrack/annotations/training/BCL_f1391.png,train,BCL,QUARANTINE_UNCERTIFIED_EMPTY_GT,untrusted empty-GT in contaminated source
BCL_f1392.png,/hdd1/hieulc/datacrack/images/training/BCL_f1392.png,/hdd1/hieulc/datacrack/annotations/training/BCL_f1392.png,train,BCL,QUARANTINE_UNCERTIFIED_EMPTY_GT,untrusted empty-GT in contaminated source
BCL_f1393.png,/hdd1/hieulc/datacrack/images/training/BCL_f1393.png,/hdd1/hieulc/datacrack/annotations/training/BCL_f1393.png,train,BCL,QUARANTINE_UNCERTIFIED_EMPTY_GT,untrusted empty-GT in contaminated source
BCL_f1394.png,/hdd1/hieulc/datacrack/images/training/BCL_f1394.png,/hdd1/hieulc/datacrack/annotations/training/BCL_f1394.png,train,BCL,QUARANTINE_UNCERTIFIED_EMPTY_GT,untrusted empty-GT in contaminated source
BCL_f1395.png,/hdd1/hieulc/datacrack/images/training/BCL_f1395.png,/hdd1/hieulc/datacrack/annotations/training/BCL_f1395.png,train,BCL,QUARANTINE_UNCERTIFIED_EMPTY_GT,untrusted empty-GT in contaminated source
BCL_f1396.png,/hdd1/hieulc/datacrack/images/training/BCL_f1396.png,/hdd1/hieulc/datacrack/annotations/training/BCL_f1396.png,train,BCL,QUARANTINE_UNCERTIFIED_EMPTY_GT,untrusted empty-GT in contaminated source
BCL_f1397.png,/hdd1/hieulc/datacrack/images/training/BCL_f1397.png,/hdd1/hieulc/datacrack/annotations/training/BCL_f1397.png,train,BCL,QUARANTINE_UNCERTIFIED_EMPTY_GT,untrusted empty-GT in contaminated source
BCL_f1398.png,/hdd1/hieulc/datacrack/images/training/BCL_f1398.png,/hdd1/hieulc/datacrack/annotations/training/BCL_f1398.png,train,BCL,QUARANTINE_UNCERTIFIED_EMPTY_GT,untrusted empty-GT in contaminated source
BCL_f1399.png,/hdd1/hieulc/datacrack/images/training/BCL_f1399.png,/hdd1/hieulc/datacrack/annotations/training/BCL_f1399.png,train,BCL,QUARANTINE_UNCERTIFIED_EMPTY_GT,untrusted empty-GT in contaminated source
BCL_f14.png,/hdd1/hieulc/datacrack/images/training/BCL_f14.png,/hdd1/hieulc/datacrack/annotations/training/BCL_f14.png,train,BCL,QUARANTINE_UNCERTIFIED_EMPTY_GT,untrusted empty-GT in contaminated source
BCL_f140.png,/hdd1/hieulc/datacrack/images/training/BCL_f140.png,/hdd1/hieulc/datacrack/annotations/training/BCL_f140.png,train,BCL,QUARANTINE_UNCERTIFIED_EMPTY_GT,untrusted empty-GT in contaminated source
BCL_f1400.png,/hdd1/hieulc/datacrack/images/training/BCL_f1400.png,/hdd1/hieulc/datacrack/annotations/training/BCL_f1400.png,train,BCL,QUARANTINE_UNCERTIFIED_EMPTY_GT,untrusted empty-GT in contaminated source
BCL_f1401.png,/hdd1/hieulc/datacrack/images/training/BCL_f1401.png,/hdd1/hieulc/datacrack/annotations/training/BCL_f1401.png,train,BCL,QUARANTINE_UNCERTIFIED_EMPTY_GT,untrusted empty-GT in contaminated source
BCL_f1403.png,/hdd1/hieulc/datacrack/images/training/BCL_f1403.png,/hdd1/hieulc/datacrack/annotations/training/BCL_f1403.png,train,BCL,QUARANTINE_UNCERTIFIED_EMPTY_GT,untrusted empty-GT in contaminated source
BCL_f1404.png,/hdd1/hieulc/datacrack/images/training/BCL_f1404.png,/hdd1/hieulc/datacrack/annotations/training/BCL_f1404.png,train,BCL,QUARANTINE_UNCERTIFIED_EMPTY_GT,untrusted empty-GT in contaminated source
BCL_f1405.png,/hdd1/hieulc/datacrack/images/training/BCL_f1405.png,/hdd1/hieulc/datacrack/annotations/training/BCL_f1405.png,train,BCL,QUARANTINE_UNCERTIFIED_EMPTY_GT,untrusted empty-GT in contaminated source
BCL_f1406.png,/hdd1/hieulc/datacrack/images/training/BCL_f1406.png,/hdd1/hieulc/datacrack/annotations/training/BCL_f1406.png,train,BCL,QUARANTINE_UNCERTIFIED_EMPTY_GT,untrusted empty-GT in contaminated source
BCL_f1407.png,/hdd1/hieulc/datacrack/images/training/BCL_f1407.png,/hdd1/hieulc/datacrack/annotations/training/BCL_f1407.png,train,BCL,QUARANTINE_UNCERTIFIED_EMPTY_GT,untrusted empty-GT in contaminated source
BCL_f1409.png,/hdd1/hieulc/datacrack/images/training/BCL_f1409.png,/hdd1/hieulc/datacrack/annotations/training/BCL_f1409.png,train,BCL,QUARANTINE_UNCERTIFIED_EMPTY_GT,untrusted empty-GT in contaminated source
BCL_f1410.png,/hdd1/hieulc/datacrack/images/training/BCL_f1410.png,/hdd1/hieulc/datacrack/annotations/training/BCL_f1410.png,train,BCL,QUARANTINE_UNCERTIFIED_EMPTY_GT,untrusted empty-GT in contaminated source
BCL_f1411.png,/hdd1/hieulc/datacrack/images/training/BCL_f1411.png,/hdd1/hieulc/datacrack/annotations/training/BCL_f1411.png,train,BCL,QUARANTINE_UNCERTIFIED_EMPTY_GT,untrusted empty-GT in contaminated source
BCL_f1412.png,/hdd1/hieulc/datacrack/images/training/BCL_f1412.png,/hdd1/hieulc/datacrack/annotations/training/BCL_f1412.png,train,BCL,QUARANTINE_UNCERTIFIED_EMPTY_GT,untrusted empty-GT in contaminated source
BCL_f1413.png,/hdd1/hieulc/datacrack/images/training/BCL_f1413.png,/hdd1/hieulc/datacrack/annotations/training/BCL_f1413.png,train,BCL,QUARANTINE_UNCERTIFIED_EMPTY_GT,untrusted empty-GT in contaminated source
BCL_f1414.png,/hdd1/hieulc/datacrack/images/training/BCL_f1414.png,/hdd1/hieulc/datacrack/annotations/training/BCL_f1414.png,train,BCL,QUARANTINE_UNCERTIFIED_EMPTY_GT,untrusted empty-GT in contaminated source
BCL_f1415.png,/hdd1/hieulc/datacrack/images/training/BCL_f1415.png,/hdd1/hieulc/datacrack/annotations/training/BCL_f1415.png,train,BCL,QUARANTINE_UNCERTIFIED_EMPTY_GT,untrusted empty-GT in contaminated source
BCL_f1417.png,/hdd1/hieulc/datacrack/images/training/BCL_f1417.png,/hdd1/hieulc/datacrack/annotations/training/BCL_f1417.png,train,BCL,QUARANTINE_UNCERTIFIED_EMPTY_GT,untrusted empty-GT in contaminated source
BCL_f1418.png,/hdd1/hieulc/datacrack/images/training/BCL_f1418.png,/hdd1/hieulc/datacrack/annotations/training/BCL_f1418.png,train,BCL,QUARANTINE_UNCERTIFIED_EMPTY_GT,untrusted empty-GT in contaminated source
BCL_f1419.png,/hdd1/hieulc/datacrack/images/training/BCL_f1419.png,/hdd1/hieulc/datacrack/annotations/training/BCL_f1419.png,train,BCL,QUARANTINE_UNCERTIFIED_EMPTY_GT,untrusted empty-GT in contaminated source
BCL_f142.png,/hdd1/hieulc/datacrack/images/training/BCL_f142.png,/hdd1/hieulc/datacrack/annotations/training/BCL_f142.png,train,BCL,QUARANTINE_UNCERTIFIED_EMPTY_GT,untrusted empty-GT in contaminated source
BCL_f1420.png,/hdd1/hieulc/datacrack/images/training/BCL_f1420.png,/hdd1/hieulc/datacrack/annotations/training/BCL_f1420.png,train,BCL,QUARANTINE_UNCERTIFIED_EMPTY_GT,untrusted empty-GT in contaminated source
BCL_f1421.png,/hdd1/hieulc/datacrack/images/training/BCL_f1421.png,/hdd1/hieulc/datacrack/annotations/training/BCL_f1421.png,train,BCL,QUARANTINE_UNCERTIFIED_EMPTY_GT,untrusted empty-GT in contaminated source
BCL_f1423.png,/hdd1/hieulc/datacrack/images/training/BCL_f1423.png,/hdd1/hieulc/datacrack/annotations/training/BCL_f1423.png,train,BCL,QUARANTINE_UNCERTIFIED_EMPTY_GT,untrusted empty-GT in contaminated source
BCL_f1424.png,/hdd1/hieulc/datacrack/images/training/BCL_f1424.png,/hdd1/hieulc/datacrack/annotations/training/BCL_f1424.png,train,BCL,QUARANTINE_UNCERTIFIED_EMPTY_GT,untrusted empty-GT in contaminated source
BCL_f1425.png,/hdd1/hieulc/datacrack/images/training/BCL_f1425.png,/hdd1/hieulc/datacrack/annotations/training/BCL_f1425.png,train,BCL,QUARANTINE_UNCERTIFIED_EMPTY_GT,untrusted empty-GT in contaminated source
BCL_f1427.png,/hdd1/hieulc/datacrack/images/training/BCL_f1427.png,/hdd1/hieulc/datacrack/annotations/training/BCL_f1427.png,train,BCL,QUARANTINE_UNCERTIFIED_EMPTY_GT,untrusted empty-GT in contaminated source
BCL_f1428.png,/hdd1/hieulc/datacrack/images/training/BCL_f1428.png,/hdd1/hieulc/datacrack/annotations/training/BCL_f1428.png,train,BCL,QUARANTINE_UNCERTIFIED_EMPTY_GT,untrusted empty-GT in contaminated source
BCL_f1429.png,/hdd1/hieulc/datacrack/images/training/BCL_f1429.png,/hdd1/hieulc/datacrack/annotations/training/BCL_f1429.png,train,BCL,QUARANTINE_UNCERTIFIED_EMPTY_GT,untrusted empty-GT in contaminated source
BCL_f143.png,/hdd1/hieulc/datacrack/images/training/BCL_f143.png,/hdd1/hieulc/datacrack/annotations/training/BCL_f143.png,train,BCL,QUARANTINE_UNCERTIFIED_EMPTY_GT,untrusted empty-GT in contaminated source
BCL_f1431.png,/hdd1/hieulc/datacrack/images/training/BCL_f1431.png,/hdd1/hieulc/datacrack/annotations/training/BCL_f1431.png,train,BCL,QUARANTINE_UNCERTIFIED_EMPTY_GT,untrusted empty-GT in contaminated source
BCL_f1432.png,/hdd1/hieulc/datacrack/images/training/BCL_f1432.png,/hdd1/hieulc/datacrack/annotations/training/BCL_f1432.png,train,BCL,QUARANTINE_UNCERTIFIED_EMPTY_GT,untrusted empty-GT in contaminated source
BCL_f1433.png,/hdd1/hieulc/datacrack/images/training/BCL_f1433.png,/hdd1/hieulc/datacrack/annotations/training/BCL_f1433.png,train,BCL,QUARANTINE_UNCERTIFIED_EMPTY_GT,untrusted empty-GT in contaminated source
BCL_f1435.png,/hdd1/hieulc/datacrack/images/training/BCL_f1435.png,/hdd1/hieulc/datacrack/annotations/training/BCL_f1435.png,train,BCL,QUARANTINE_UNCERTIFIED_EMPTY_GT,untrusted empty-GT in contaminated source
BCL_f1436.png,/hdd1/hieulc/datacrack/images/training/BCL_f1436.png,/hdd1/hieulc/datacrack/annotations/training/BCL_f1436.png,train,BCL,QUARANTINE_UNCERTIFIED_EMPTY_GT,untrusted empty-GT in contaminated source
BCL_f144.png,/hdd1/hieulc/datacrack/images/training/BCL_f144.png,/hdd1/hieulc/datacrack/annotations/training/BCL_f144.png,train,BCL,QUARANTINE_UNCERTIFIED_EMPTY_GT,untrusted empty-GT in contaminated source
BCL_f1441.png,/hdd1/hieulc/datacrack/images/training/BCL_f1441.png,/hdd1/hieulc/datacrack/annotations/training/BCL_f1441.png,train,BCL,QUARANTINE_UNCERTIFIED_EMPTY_GT,untrusted empty-GT in contaminated source
BCL_f1442.png,/hdd1/hieulc/datacrack/images/training/BCL_f1442.png,/hdd1/hieulc/datacrack/annotations/training/BCL_f1442.png,train,BCL,QUARANTINE_UNCERTIFIED_EMPTY_GT,untrusted empty-GT in contaminated source
BCL_f1443.png,/hdd1/hieulc/datacrack/images/training/BCL_f1443.png,/hdd1/hieulc/datacrack/annotations/training/BCL_f1443.png,train,BCL,QUARANTINE_UNCERTIFIED_EMPTY_GT,untrusted empty-GT in contaminated source
BCL_f1444.png,/hdd1/hieulc/datacrack/images/training/BCL_f1444.png,/hdd1/hieulc/datacrack/annotations/training/BCL_f1444.png,train,BCL,QUARANTINE_UNCERTIFIED_EMPTY_GT,untrusted empty-GT in contaminated source
BCL_f1446.png,/hdd1/hieulc/datacrack/images/training/BCL_f1446.png,/hdd1/hieulc/datacrack/annotations/training/BCL_f1446.png,train,BCL,QUARANTINE_UNCERTIFIED_EMPTY_GT,untrusted empty-GT in contaminated source
BCL_f1447.png,/hdd1/hieulc/datacrack/images/training/BCL_f1447.png,/hdd1/hieulc/datacrack/annotations/training/BCL_f1447.png,train,BCL,QUARANTINE_UNCERTIFIED_EMPTY_GT,untrusted empty-GT in contaminated source
BCL_f1448.png,/hdd1/hieulc/datacrack/images/training/BCL_f1448.png,/hdd1/hieulc/datacrack/annotations/training/BCL_f1448.png,train,BCL,QUARANTINE_UNCERTIFIED_EMPTY_GT,untrusted empty-GT in contaminated source
BCL_f1449.png,/hdd1/hieulc/datacrack/images/training/BCL_f1449.png,/hdd1/hieulc/datacrack/annotations/training/BCL_f1449.png,train,BCL,QUARANTINE_UNCERTIFIED_EMPTY_GT,untrusted empty-GT in contaminated source
BCL_f1450.png,/hdd1/hieulc/datacrack/images/training/BCL_f1450.png,/hdd1/hieulc/datacrack/annotations/training/BCL_f1450.png,train,BCL,QUARANTINE_UNCERTIFIED_EMPTY_GT,untrusted empty-GT in contaminated source
BCL_f1451.png,/hdd1/hieulc/datacrack/images/training/BCL_f1451.png,/hdd1/hieulc/datacrack/annotations/training/BCL_f1451.png,train,BCL,QUARANTINE_UNCERTIFIED_EMPTY_GT,untrusted empty-GT in contaminated source
BCL_f1452.png,/hdd1/hieulc/datacrack/images/training/BCL_f1452.png,/hdd1/hieulc/datacrack/annotations/training/BCL_f1452.png,train,BCL,QUARANTINE_UNCERTIFIED_EMPTY_GT,untrusted empty-GT in contaminated source
BCL_f1453.png,/hdd1/hieulc/datacrack/images/training/BCL_f1453.png,/hdd1/hieulc/datacrack/annotations/training/BCL_f1453.png,train,BCL,QUARANTINE_UNCERTIFIED_EMPTY_GT,untrusted empty-GT in contaminated source
BCL_f1454.png,/hdd1/hieulc/datacrack/images/training/BCL_f1454.png,/hdd1/hieulc/datacrack/annotations/training/BCL_f1454.png,train,BCL,QUARANTINE_UNCERTIFIED_EMPTY_GT,untrusted empty-GT in contaminated source
BCL_f1455.png,/hdd1/hieulc/datacrack/images/training/BCL_f1455.png,/hdd1/hieulc/datacrack/annotations/training/BCL_f1455.png,train,BCL,QUARANTINE_UNCERTIFIED_EMPTY_GT,untrusted empty-GT in contaminated source
BCL_f1457.png,/hdd1/hieulc/datacrack/images/training/BCL_f1457.png,/hdd1/hieulc/datacrack/annotations/training/BCL_f1457.png,train,BCL,QUARANTINE_UNCERTIFIED_EMPTY_GT,untrusted empty-GT in contaminated source
BCL_f1458.png,/hdd1/hieulc/datacrack/images/training/BCL_f1458.png,/hdd1/hieulc/datacrack/annotations/training/BCL_f1458.png,train,BCL,QUARANTINE_UNCERTIFIED_EMPTY_GT,untrusted empty-GT in contaminated source
BCL_f1459.png,/hdd1/hieulc/datacrack/images/training/BCL_f1459.png,/hdd1/hieulc/datacrack/annotations/training/BCL_f1459.png,train,BCL,QUARANTINE_UNCERTIFIED_EMPTY_GT,untrusted empty-GT in contaminated source
BCL_f146.png,/hdd1/hieulc/datacrack/images/training/BCL_f146.png,/hdd1/hieulc/datacrack/annotations/training/BCL_f146.png,train,BCL,QUARANTINE_UNCERTIFIED_EMPTY_GT,untrusted empty-GT in contaminated source
BCL_f1463.png,/hdd1/hieulc/datacrack/images/training/BCL_f1463.png,/hdd1/hieulc/datacrack/annotations/training/BCL_f1463.png,train,BCL,QUARANTINE_UNCERTIFIED_EMPTY_GT,untrusted empty-GT in contaminated source
BCL_f1464.png,/hdd1/hieulc/datacrack/images/training/BCL_f1464.png,/hdd1/hieulc/datacrack/annotations/training/BCL_f1464.png,train,BCL,QUARANTINE_UNCERTIFIED_EMPTY_GT,untrusted empty-GT in contaminated source
BCL_f1465.png,/hdd1/hieulc/datacrack/images/training/BCL_f1465.png,/hdd1/hieulc/datacrack/annotations/training/BCL_f1465.png,train,BCL,QUARANTINE_UNCERTIFIED_EMPTY_GT,untrusted empty-GT in contaminated source
BCL_f1466.png,/hdd1/hieulc/datacrack/images/training/BCL_f1466.png,/hdd1/hieulc/datacrack/annotations/training/BCL_f1466.png,train,BCL,QUARANTINE_UNCERTIFIED_EMPTY_GT,untrusted empty-GT in contaminated source
BCL_f1467.png,/hdd1/hieulc/datacrack/images/training/BCL_f1467.png,/hdd1/hieulc/datacrack/annotations/training/BCL_f1467.png,train,BCL,QUARANTINE_UNCERTIFIED_EMPTY_GT,untrusted empty-GT in contaminated source
BCL_f1468.png,/hdd1/hieulc/datacrack/images/training/BCL_f1468.png,/hdd1/hieulc/datacrack/annotations/training/BCL_f1468.png,train,BCL,QUARANTINE_UNCERTIFIED_EMPTY_GT,untrusted empty-GT in contaminated source
BCL_f147.png,/hdd1/hieulc/datacrack/images/training/BCL_f147.png,/hdd1/hieulc/datacrack/annotations/training/BCL_f147.png,train,BCL,QUARANTINE_UNCERTIFIED_EMPTY_GT,untrusted empty-GT in contaminated source
BCL_f1470.png,/hdd1/hieulc/datacrack/images/training/BCL_f1470.png,/hdd1/hieulc/datacrack/annotations/training/BCL_f1470.png,train,BCL,QUARANTINE_UNCERTIFIED_EMPTY_GT,untrusted empty-GT in contaminated source
BCL_f1471.png,/hdd1/hieulc/datacrack/images/training/BCL_f1471.png,/hdd1/hieulc/datacrack/annotations/training/BCL_f1471.png,train,BCL,QUARANTINE_UNCERTIFIED_EMPTY_GT,untrusted empty-GT in contaminated source
BCL_f1472.png,/hdd1/hieulc/datacrack/images/training/BCL_f1472.png,/hdd1/hieulc/datacrack/annotations/training/BCL_f1472.png,train,BCL,QUARANTINE_UNCERTIFIED_EMPTY_GT,untrusted empty-GT in contaminated source
BCL_f1473.png,/hdd1/hieulc/datacrack/images/training/BCL_f1473.png,/hdd1/hieulc/datacrack/annotations/training/BCL_f1473.png,train,BCL,QUARANTINE_UNCERTIFIED_EMPTY_GT,untrusted empty-GT in contaminated source
BCL_f1474.png,/hdd1/hieulc/datacrack/images/training/BCL_f1474.png,/hdd1/hieulc/datacrack/annotations/training/BCL_f1474.png,train,BCL,QUARANTINE_UNCERTIFIED_EMPTY_GT,untrusted empty-GT in contaminated source
BCL_f1475.png,/hdd1/hieulc/datacrack/images/training/BCL_f1475.png,/hdd1/hieulc/datacrack/annotations/training/BCL_f1475.png,train,BCL,QUARANTINE_UNCERTIFIED_EMPTY_GT,untrusted empty-GT in contaminated source
BCL_f1476.png,/hdd1/hieulc/datacrack/images/training/BCL_f1476.png,/hdd1/hieulc/datacrack/annotations/training/BCL_f1476.png,train,BCL,QUARANTINE_UNCERTIFIED_EMPTY_GT,untrusted empty-GT in contaminated source
BCL_f1478.png,/hdd1/hieulc/datacrack/images/training/BCL_f1478.png,/hdd1/hieulc/datacrack/annotations/training/BCL_f1478.png,train,BCL,QUARANTINE_UNCERTIFIED_EMPTY_GT,untrusted empty-GT in contaminated source
BCL_f1479.png,/hdd1/hieulc/datacrack/images/training/BCL_f1479.png,/hdd1/hieulc/datacrack/annotations/training/BCL_f1479.png,train,BCL,QUARANTINE_UNCERTIFIED_EMPTY_GT,untrusted empty-GT in contaminated source
BCL_f1481.png,/hdd1/hieulc/datacrack/images/training/BCL_f1481.png,/hdd1/hieulc/datacrack/annotations/training/BCL_f1481.png,train,BCL,QUARANTINE_UNCERTIFIED_EMPTY_GT,untrusted empty-GT in contaminated source
BCL_f1482.png,/hdd1/hieulc/datacrack/images/training/BCL_f1482.png,/hdd1/hieulc/datacrack/annotations/training/BCL_f1482.png,train,BCL,QUARANTINE_UNCERTIFIED_EMPTY_GT,untrusted empty-GT in contaminated source
BCL_f1483.png,/hdd1/hieulc/datacrack/images/training/BCL_f1483.png,/hdd1/hieulc/datacrack/annotations/training/BCL_f1483.png,train,BCL,QUARANTINE_UNCERTIFIED_EMPTY_GT,untrusted empty-GT in contaminated source
BCL_f1484.png,/hdd1/hieulc/datacrack/images/training/BCL_f1484.png,/hdd1/hieulc/datacrack/annotations/training/BCL_f1484.png,train,BCL,QUARANTINE_UNCERTIFIED_EMPTY_GT,untrusted empty-GT in contaminated source
BCL_f1485.png,/hdd1/hieulc/datacrack/images/training/BCL_f1485.png,/hdd1/hieulc/datacrack/annotations/training/BCL_f1485.png,train,BCL,QUARANTINE_UNCERTIFIED_EMPTY_GT,untrusted empty-GT in contaminated source
BCL_f1486.png,/hdd1/hieulc/datacrack/images/training/BCL_f1486.png,/hdd1/hieulc/datacrack/annotations/training/BCL_f1486.png,train,BCL,QUARANTINE_UNCERTIFIED_EMPTY_GT,untrusted empty-GT in contaminated source
BCL_f1488.png,/hdd1/hieulc/datacrack/images/training/BCL_f1488.png,/hdd1/hieulc/datacrack/annotations/training/BCL_f1488.png,train,BCL,QUARANTINE_UNCERTIFIED_EMPTY_GT,untrusted empty-GT in contaminated source
BCL_f1489.png,/hdd1/hieulc/datacrack/images/training/BCL_f1489.png,/hdd1/hieulc/datacrack/annotations/training/BCL_f1489.png,train,BCL,QUARANTINE_UNCERTIFIED_EMPTY_GT,untrusted empty-GT in contaminated source
BCL_f149.png,/hdd1/hieulc/datacrack/images/training/BCL_f149.png,/hdd1/hieulc/datacrack/annotations/training/BCL_f149.png,train,BCL,QUARANTINE_UNCERTIFIED_EMPTY_GT,untrusted empty-GT in contaminated source
BCL_f1490.png,/hdd1/hieulc/datacrack/images/training/BCL_f1490.png,/hdd1/hieulc/datacrack/annotations/training/BCL_f1490.png,train,BCL,QUARANTINE_UNCERTIFIED_EMPTY_GT,untrusted empty-GT in contaminated source
BCL_f1492.png,/hdd1/hieulc/datacrack/images/training/BCL_f1492.png,/hdd1/hieulc/datacrack/annotations/training/BCL_f1492.png,train,BCL,QUARANTINE_UNCERTIFIED_EMPTY_GT,untrusted empty-GT in contaminated source
BCL_f1494.png,/hdd1/hieulc/datacrack/images/training/BCL_f1494.png,/hdd1/hieulc/datacrack/annotations/training/BCL_f1494.png,train,BCL,QUARANTINE_UNCERTIFIED_EMPTY_GT,untrusted empty-GT in contaminated source
BCL_f1495.png,/hdd1/hieulc/datacrack/images/training/BCL_f1495.png,/hdd1/hieulc/datacrack/annotations/training/BCL_f1495.png,train,BCL,QUARANTINE_UNCERTIFIED_EMPTY_GT,untrusted empty-GT in contaminated source
BCL_f1496.png,/hdd1/hieulc/datacrack/images/training/BCL_f1496.png,/hdd1/hieulc/datacrack/annotations/training/BCL_f1496.png,train,BCL,QUARANTINE_UNCERTIFIED_EMPTY_GT,untrusted empty-GT in contaminated source
BCL_f1497.png,/hdd1/hieulc/datacrack/images/training/BCL_f1497.png,/hdd1/hieulc/datacrack/annotations/training/BCL_f1497.png,train,BCL,QUARANTINE_UNCERTIFIED_EMPTY_GT,untrusted empty-GT in contaminated source
BCL_f1498.png,/hdd1/hieulc/datacrack/images/training/BCL_f1498.png,/hdd1/hieulc/datacrack/annotations/training/BCL_f1498.png,train,BCL,QUARANTINE_UNCERTIFIED_EMPTY_GT,untrusted empty-GT in contaminated source
BCL_f1499.png,/hdd1/hieulc/datacrack/images/training/BCL_f1499.png,/hdd1/hieulc/datacrack/annotations/training/BCL_f1499.png,train,BCL,QUARANTINE_UNCERTIFIED_EMPTY_GT,untrusted empty-GT in contaminated source
BCL_f15.png,/hdd1/hieulc/datacrack/images/training/BCL_f15.png,/hdd1/hieulc/datacrack/annotations/training/BCL_f15.png,train,BCL,QUARANTINE_UNCERTIFIED_EMPTY_GT,untrusted empty-GT in contaminated source
BCL_f150.png,/hdd1/hieulc/datacrack/images/training/BCL_f150.png,/hdd1/hieulc/datacrack/annotations/training/BCL_f150.png,train,BCL,QUARANTINE_UNCERTIFIED_EMPTY_GT,untrusted empty-GT in contaminated source
BCL_f1500.png,/hdd1/hieulc/datacrack/images/training/BCL_f1500.png,/hdd1/hieulc/datacrack/annotations/training/BCL_f1500.png,train,BCL,QUARANTINE_UNCERTIFIED_EMPTY_GT,untrusted empty-GT in contaminated source
BCL_f1501.png,/hdd1/hieulc/datacrack/images/training/BCL_f1501.png,/hdd1/hieulc/datacrack/annotations/training/BCL_f1501.png,train,BCL,QUARANTINE_UNCERTIFIED_EMPTY_GT,untrusted empty-GT in contaminated source
BCL_f1503.png,/hdd1/hieulc/datacrack/images/training/BCL_f1503.png,/hdd1/hieulc/datacrack/annotations/training/BCL_f1503.png,train,BCL,QUARANTINE_UNCERTIFIED_EMPTY_GT,untrusted empty-GT in contaminated source
BCL_f1506.png,/hdd1/hieulc/datacrack/images/training/BCL_f1506.png,/hdd1/hieulc/datacrack/annotations/training/BCL_f1506.png,train,BCL,QUARANTINE_UNCERTIFIED_EMPTY_GT,untrusted empty-GT in contaminated source
BCL_f1507.png,/hdd1/hieulc/datacrack/images/training/BCL_f1507.png,/hdd1/hieulc/datacrack/annotations/training/BCL_f1507.png,train,BCL,QUARANTINE_UNCERTIFIED_EMPTY_GT,untrusted empty-GT in contaminated source
BCL_f1508.png,/hdd1/hieulc/datacrack/images/training/BCL_f1508.png,/hdd1/hieulc/datacrack/annotations/training/BCL_f1508.png,train,BCL,QUARANTINE_UNCERTIFIED_EMPTY_GT,untrusted empty-GT in contaminated source
BCL_f1509.png,/hdd1/hieulc/datacrack/images/training/BCL_f1509.png,/hdd1/hieulc/datacrack/annotations/training/BCL_f1509.png,train,BCL,QUARANTINE_UNCERTIFIED_EMPTY_GT,untrusted empty-GT in contaminated source
BCL_f151.png,/hdd1/hieulc/datacrack/images/training/BCL_f151.png,/hdd1/hieulc/datacrack/annotations/training/BCL_f151.png,train,BCL,QUARANTINE_UNCERTIFIED_EMPTY_GT,untrusted empty-GT in contaminated source
BCL_f1510.png,/hdd1/hieulc/datacrack/images/training/BCL_f1510.png,/hdd1/hieulc/datacrack/annotations/training/BCL_f1510.png,train,BCL,QUARANTINE_UNCERTIFIED_EMPTY_GT,untrusted empty-GT in contaminated source
BCL_f1511.png,/hdd1/hieulc/datacrack/images/training/BCL_f1511.png,/hdd1/hieulc/datacrack/annotations/training/BCL_f1511.png,train,BCL,QUARANTINE_UNCERTIFIED_EMPTY_GT,untrusted empty-GT in contaminated source
BCL_f1512.png,/hdd1/hieulc/datacrack/images/training/BCL_f1512.png,/hdd1/hieulc/datacrack/annotations/training/BCL_f1512.png,train,BCL,QUARANTINE_UNCERTIFIED_EMPTY_GT,untrusted empty-GT in contaminated source
BCL_f1513.png,/hdd1/hieulc/datacrack/images/training/BCL_f1513.png,/hdd1/hieulc/datacrack/annotations/training/BCL_f1513.png,train,BCL,QUARANTINE_UNCERTIFIED_EMPTY_GT,untrusted empty-GT in contaminated source
BCL_f1514.png,/hdd1/hieulc/datacrack/images/training/BCL_f1514.png,/hdd1/hieulc/datacrack/annotations/training/BCL_f1514.png,train,BCL,QUARANTINE_UNCERTIFIED_EMPTY_GT,untrusted empty-GT in contaminated source
BCL_f1515.png,/hdd1/hieulc/datacrack/images/training/BCL_f1515.png,/hdd1/hieulc/datacrack/annotations/training/BCL_f1515.png,train,BCL,QUARANTINE_UNCERTIFIED_EMPTY_GT,untrusted empty-GT in contaminated source
BCL_f1516.png,/hdd1/hieulc/datacrack/images/training/BCL_f1516.png,/hdd1/hieulc/datacrack/annotations/training/BCL_f1516.png,train,BCL,QUARANTINE_UNCERTIFIED_EMPTY_GT,untrusted empty-GT in contaminated source
BCL_f1518.png,/hdd1/hieulc/datacrack/images/training/BCL_f1518.png,/hdd1/hieulc/datacrack/annotations/training/BCL_f1518.png,train,BCL,QUARANTINE_UNCERTIFIED_EMPTY_GT,untrusted empty-GT in contaminated source
BCL_f1519.png,/hdd1/hieulc/datacrack/images/training/BCL_f1519.png,/hdd1/hieulc/datacrack/annotations/training/BCL_f1519.png,train,BCL,QUARANTINE_UNCERTIFIED_EMPTY_GT,untrusted empty-GT in contaminated source
BCL_f1520.png,/hdd1/hieulc/datacrack/images/training/BCL_f1520.png,/hdd1/hieulc/datacrack/annotations/training/BCL_f1520.png,train,BCL,QUARANTINE_UNCERTIFIED_EMPTY_GT,untrusted empty-GT in contaminated source
BCL_f1521.png,/hdd1/hieulc/datacrack/images/training/BCL_f1521.png,/hdd1/hieulc/datacrack/annotations/training/BCL_f1521.png,train,BCL,QUARANTINE_UNCERTIFIED_EMPTY_GT,untrusted empty-GT in contaminated source
BCL_f1522.png,/hdd1/hieulc/datacrack/images/training/BCL_f1522.png,/hdd1/hieulc/datacrack/annotations/training/BCL_f1522.png,train,BCL,QUARANTINE_UNCERTIFIED_EMPTY_GT,untrusted empty-GT in contaminated source
BCL_f1524.png,/hdd1/hieulc/datacrack/images/training/BCL_f1524.png,/hdd1/hieulc/datacrack/annotations/training/BCL_f1524.png,train,BCL,QUARANTINE_UNCERTIFIED_EMPTY_GT,untrusted empty-GT in contaminated source
BCL_f1525.png,/hdd1/hieulc/datacrack/images/training/BCL_f1525.png,/hdd1/hieulc/datacrack/annotations/training/BCL_f1525.png,train,BCL,QUARANTINE_UNCERTIFIED_EMPTY_GT,untrusted empty-GT in contaminated source
BCL_f1526.png,/hdd1/hieulc/datacrack/images/training/BCL_f1526.png,/hdd1/hieulc/datacrack/annotations/training/BCL_f1526.png,train,BCL,QUARANTINE_UNCERTIFIED_EMPTY_GT,untrusted empty-GT in contaminated source
BCL_f1529.png,/hdd1/hieulc/datacrack/images/training/BCL_f1529.png,/hdd1/hieulc/datacrack/annotations/training/BCL_f1529.png,train,BCL,QUARANTINE_UNCERTIFIED_EMPTY_GT,untrusted empty-GT in contaminated source
BCL_f153.png,/hdd1/hieulc/datacrack/images/training/BCL_f153.png,/hdd1/hieulc/datacrack/annotations/training/BCL_f153.png,train,BCL,QUARANTINE_UNCERTIFIED_EMPTY_GT,untrusted empty-GT in contaminated source
BCL_f1530.png,/hdd1/hieulc/datacrack/images/training/BCL_f1530.png,/hdd1/hieulc/datacrack/annotations/training/BCL_f1530.png,train,BCL,QUARANTINE_UNCERTIFIED_EMPTY_GT,untrusted empty-GT in contaminated source
BCL_f1531.png,/hdd1/hieulc/datacrack/images/training/BCL_f1531.png,/hdd1/hieulc/datacrack/annotations/training/BCL_f1531.png,train,BCL,QUARANTINE_UNCERTIFIED_EMPTY_GT,untrusted empty-GT in contaminated source
BCL_f1532.png,/hdd1/hieulc/datacrack/images/training/BCL_f1532.png,/hdd1/hieulc/datacrack/annotations/training/BCL_f1532.png,train,BCL,QUARANTINE_UNCERTIFIED_EMPTY_GT,untrusted empty-GT in contaminated source
BCL_f1534.png,/hdd1/hieulc/datacrack/images/training/BCL_f1534.png,/hdd1/hieulc/datacrack/annotations/training/BCL_f1534.png,train,BCL,QUARANTINE_UNCERTIFIED_EMPTY_GT,untrusted empty-GT in contaminated source
BCL_f1535.png,/hdd1/hieulc/datacrack/images/training/BCL_f1535.png,/hdd1/hieulc/datacrack/annotations/training/BCL_f1535.png,train,BCL,QUARANTINE_UNCERTIFIED_EMPTY_GT,untrusted empty-GT in contaminated source
BCL_f1536.png,/hdd1/hieulc/datacrack/images/training/BCL_f1536.png,/hdd1/hieulc/datacrack/annotations/training/BCL_f1536.png,train,BCL,QUARANTINE_UNCERTIFIED_EMPTY_GT,untrusted empty-GT in contaminated source
BCL_f1537.png,/hdd1/hieulc/datacrack/images/training/BCL_f1537.png,/hdd1/hieulc/datacrack/annotations/training/BCL_f1537.png,train,BCL,QUARANTINE_UNCERTIFIED_EMPTY_GT,untrusted empty-GT in contaminated source
BCL_f1538.png,/hdd1/hieulc/datacrack/images/training/BCL_f1538.png,/hdd1/hieulc/datacrack/annotations/training/BCL_f1538.png,train,BCL,QUARANTINE_UNCERTIFIED_EMPTY_GT,untrusted empty-GT in contaminated source
BCL_f1539.png,/hdd1/hieulc/datacrack/images/training/BCL_f1539.png,/hdd1/hieulc/datacrack/annotations/training/BCL_f1539.png,train,BCL,QUARANTINE_UNCERTIFIED_EMPTY_GT,untrusted empty-GT in contaminated source
BCL_f1542.png,/hdd1/hieulc/datacrack/images/training/BCL_f1542.png,/hdd1/hieulc/datacrack/annotations/training/BCL_f1542.png,train,BCL,QUARANTINE_UNCERTIFIED_EMPTY_GT,untrusted empty-GT in contaminated source
BCL_f1543.png,/hdd1/hieulc/datacrack/images/training/BCL_f1543.png,/hdd1/hieulc/datacrack/annotations/training/BCL_f1543.png,train,BCL,QUARANTINE_UNCERTIFIED_EMPTY_GT,untrusted empty-GT in contaminated source
BCL_f1544.png,/hdd1/hieulc/datacrack/images/training/BCL_f1544.png,/hdd1/hieulc/datacrack/annotations/training/BCL_f1544.png,train,BCL,QUARANTINE_UNCERTIFIED_EMPTY_GT,untrusted empty-GT in contaminated source
BCL_f1545.png,/hdd1/hieulc/datacrack/images/training/BCL_f1545.png,/hdd1/hieulc/datacrack/annotations/training/BCL_f1545.png,train,BCL,QUARANTINE_UNCERTIFIED_EMPTY_GT,untrusted empty-GT in contaminated source
BCL_f1546.png,/hdd1/hieulc/datacrack/images/training/BCL_f1546.png,/hdd1/hieulc/datacrack/annotations/training/BCL_f1546.png,train,BCL,QUARANTINE_UNCERTIFIED_EMPTY_GT,untrusted empty-GT in contaminated source
BCL_f1547.png,/hdd1/hieulc/datacrack/images/training/BCL_f1547.png,/hdd1/hieulc/datacrack/annotations/training/BCL_f1547.png,train,BCL,QUARANTINE_UNCERTIFIED_EMPTY_GT,untrusted empty-GT in contaminated source
BCL_f1548.png,/hdd1/hieulc/datacrack/images/training/BCL_f1548.png,/hdd1/hieulc/datacrack/annotations/training/BCL_f1548.png,train,BCL,QUARANTINE_UNCERTIFIED_EMPTY_GT,untrusted empty-GT in contaminated source
BCL_f1551.png,/hdd1/hieulc/datacrack/images/training/BCL_f1551.png,/hdd1/hieulc/datacrack/annotations/training/BCL_f1551.png,train,BCL,QUARANTINE_UNCERTIFIED_EMPTY_GT,untrusted empty-GT in contaminated source
BCL_f1554.png,/hdd1/hieulc/datacrack/images/training/BCL_f1554.png,/hdd1/hieulc/datacrack/annotations/training/BCL_f1554.png,train,BCL,QUARANTINE_UNCERTIFIED_EMPTY_GT,untrusted empty-GT in contaminated source
BCL_f1555.png,/hdd1/hieulc/datacrack/images/training/BCL_f1555.png,/hdd1/hieulc/datacrack/annotations/training/BCL_f1555.png,train,BCL,QUARANTINE_UNCERTIFIED_EMPTY_GT,untrusted empty-GT in contaminated source
BCL_f1556.png,/hdd1/hieulc/datacrack/images/training/BCL_f1556.png,/hdd1/hieulc/datacrack/annotations/training/BCL_f1556.png,train,BCL,QUARANTINE_UNCERTIFIED_EMPTY_GT,untrusted empty-GT in contaminated source
BCL_f1557.png,/hdd1/hieulc/datacrack/images/training/BCL_f1557.png,/hdd1/hieulc/datacrack/annotations/training/BCL_f1557.png,train,BCL,QUARANTINE_UNCERTIFIED_EMPTY_GT,untrusted empty-GT in contaminated source
BCL_f1559.png,/hdd1/hieulc/datacrack/images/training/BCL_f1559.png,/hdd1/hieulc/datacrack/annotations/training/BCL_f1559.png,train,BCL,QUARANTINE_UNCERTIFIED_EMPTY_GT,untrusted empty-GT in contaminated source
BCL_f156.png,/hdd1/hieulc/datacrack/images/training/BCL_f156.png,/hdd1/hieulc/datacrack/annotations/training/BCL_f156.png,train,BCL,QUARANTINE_UNCERTIFIED_EMPTY_GT,untrusted empty-GT in contaminated source
BCL_f1560.png,/hdd1/hieulc/datacrack/images/training/BCL_f1560.png,/hdd1/hieulc/datacrack/annotations/training/BCL_f1560.png,train,BCL,QUARANTINE_UNCERTIFIED_EMPTY_GT,untrusted empty-GT in contaminated source
BCL_f1562.png,/hdd1/hieulc/datacrack/images/training/BCL_f1562.png,/hdd1/hieulc/datacrack/annotations/training/BCL_f1562.png,train,BCL,QUARANTINE_UNCERTIFIED_EMPTY_GT,untrusted empty-GT in contaminated source
BCL_f1563.png,/hdd1/hieulc/datacrack/images/training/BCL_f1563.png,/hdd1/hieulc/datacrack/annotations/training/BCL_f1563.png,train,BCL,QUARANTINE_UNCERTIFIED_EMPTY_GT,untrusted empty-GT in contaminated source
BCL_f1564.png,/hdd1/hieulc/datacrack/images/training/BCL_f1564.png,/hdd1/hieulc/datacrack/annotations/training/BCL_f1564.png,train,BCL,QUARANTINE_UNCERTIFIED_EMPTY_GT,untrusted empty-GT in contaminated source
BCL_f1565.png,/hdd1/hieulc/datacrack/images/training/BCL_f1565.png,/hdd1/hieulc/datacrack/annotations/training/BCL_f1565.png,train,BCL,QUARANTINE_UNCERTIFIED_EMPTY_GT,untrusted empty-GT in contaminated source
BCL_f1566.png,/hdd1/hieulc/datacrack/images/training/BCL_f1566.png,/hdd1/hieulc/datacrack/annotations/training/BCL_f1566.png,train,BCL,QUARANTINE_UNCERTIFIED_EMPTY_GT,untrusted empty-GT in contaminated source
BCL_f1567.png,/hdd1/hieulc/datacrack/images/training/BCL_f1567.png,/hdd1/hieulc/datacrack/annotations/training/BCL_f1567.png,train,BCL,QUARANTINE_UNCERTIFIED_EMPTY_GT,untrusted empty-GT in contaminated source
BCL_f1568.png,/hdd1/hieulc/datacrack/images/training/BCL_f1568.png,/hdd1/hieulc/datacrack/annotations/training/BCL_f1568.png,train,BCL,QUARANTINE_UNCERTIFIED_EMPTY_GT,untrusted empty-GT in contaminated source
BCL_f1569.png,/hdd1/hieulc/datacrack/images/training/BCL_f1569.png,/hdd1/hieulc/datacrack/annotations/training/BCL_f1569.png,train,BCL,QUARANTINE_UNCERTIFIED_EMPTY_GT,untrusted empty-GT in contaminated source
BCL_f157.png,/hdd1/hieulc/datacrack/images/training/BCL_f157.png,/hdd1/hieulc/datacrack/annotations/training/BCL_f157.png,train,BCL,QUARANTINE_UNCERTIFIED_EMPTY_GT,untrusted empty-GT in contaminated source
BCL_f1570.png,/hdd1/hieulc/datacrack/images/training/BCL_f1570.png,/hdd1/hieulc/datacrack/annotations/training/BCL_f1570.png,train,BCL,QUARANTINE_UNCERTIFIED_EMPTY_GT,untrusted empty-GT in contaminated source
BCL_f1571.png,/hdd1/hieulc/datacrack/images/training/BCL_f1571.png,/hdd1/hieulc/datacrack/annotations/training/BCL_f1571.png,train,BCL,QUARANTINE_UNCERTIFIED_EMPTY_GT,untrusted empty-GT in contaminated source
BCL_f1572.png,/hdd1/hieulc/datacrack/images/training/BCL_f1572.png,/hdd1/hieulc/datacrack/annotations/training/BCL_f1572.png,train,BCL,QUARANTINE_UNCERTIFIED_EMPTY_GT,untrusted empty-GT in contaminated source
BCL_f1573.png,/hdd1/hieulc/datacrack/images/training/BCL_f1573.png,/hdd1/hieulc/datacrack/annotations/training/BCL_f1573.png,train,BCL,QUARANTINE_UNCERTIFIED_EMPTY_GT,untrusted empty-GT in contaminated source
BCL_f1574.png,/hdd1/hieulc/datacrack/images/training/BCL_f1574.png,/hdd1/hieulc/datacrack/annotations/training/BCL_f1574.png,train,BCL,QUARANTINE_UNCERTIFIED_EMPTY_GT,untrusted empty-GT in contaminated source
BCL_f1575.png,/hdd1/hieulc/datacrack/images/training/BCL_f1575.png,/hdd1/hieulc/datacrack/annotations/training/BCL_f1575.png,train,BCL,QUARANTINE_UNCERTIFIED_EMPTY_GT,untrusted empty-GT in contaminated source
BCL_f1577.png,/hdd1/hieulc/datacrack/images/training/BCL_f1577.png,/hdd1/hieulc/datacrack/annotations/training/BCL_f1577.png,train,BCL,QUARANTINE_UNCERTIFIED_EMPTY_GT,untrusted empty-GT in contaminated source
BCL_f1578.png,/hdd1/hieulc/datacrack/images/training/BCL_f1578.png,/hdd1/hieulc/datacrack/annotations/training/BCL_f1578.png,train,BCL,QUARANTINE_UNCERTIFIED_EMPTY_GT,untrusted empty-GT in contaminated source
BCL_f1579.png,/hdd1/hieulc/datacrack/images/training/BCL_f1579.png,/hdd1/hieulc/datacrack/annotations/training/BCL_f1579.png,train,BCL,QUARANTINE_UNCERTIFIED_EMPTY_GT,untrusted empty-GT in contaminated source
BCL_f158.png,/hdd1/hieulc/datacrack/images/training/BCL_f158.png,/hdd1/hieulc/datacrack/annotations/training/BCL_f158.png,train,BCL,QUARANTINE_UNCERTIFIED_EMPTY_GT,untrusted empty-GT in contaminated source
BCL_f1580.png,/hdd1/hieulc/datacrack/images/training/BCL_f1580.png,/hdd1/hieulc/datacrack/annotations/training/BCL_f1580.png,train,BCL,QUARANTINE_UNCERTIFIED_EMPTY_GT,untrusted empty-GT in contaminated source
BCL_f1581.png,/hdd1/hieulc/datacrack/images/training/BCL_f1581.png,/hdd1/hieulc/datacrack/annotations/training/BCL_f1581.png,train,BCL,QUARANTINE_UNCERTIFIED_EMPTY_GT,untrusted empty-GT in contaminated source
BCL_f1582.png,/hdd1/hieulc/datacrack/images/training/BCL_f1582.png,/hdd1/hieulc/datacrack/annotations/training/BCL_f1582.png,train,BCL,QUARANTINE_UNCERTIFIED_EMPTY_GT,untrusted empty-GT in contaminated source
BCL_f1583.png,/hdd1/hieulc/datacrack/images/training/BCL_f1583.png,/hdd1/hieulc/datacrack/annotations/training/BCL_f1583.png,train,BCL,QUARANTINE_UNCERTIFIED_EMPTY_GT,untrusted empty-GT in contaminated source
BCL_f1584.png,/hdd1/hieulc/datacrack/images/training/BCL_f1584.png,/hdd1/hieulc/datacrack/annotations/training/BCL_f1584.png,train,BCL,QUARANTINE_UNCERTIFIED_EMPTY_GT,untrusted empty-GT in contaminated source
BCL_f1585.png,/hdd1/hieulc/datacrack/images/training/BCL_f1585.png,/hdd1/hieulc/datacrack/annotations/training/BCL_f1585.png,train,BCL,QUARANTINE_UNCERTIFIED_EMPTY_GT,untrusted empty-GT in contaminated source
BCL_f1586.png,/hdd1/hieulc/datacrack/images/training/BCL_f1586.png,/hdd1/hieulc/datacrack/annotations/training/BCL_f1586.png,train,BCL,QUARANTINE_UNCERTIFIED_EMPTY_GT,untrusted empty-GT in contaminated source
BCL_f1587.png,/hdd1/hieulc/datacrack/images/training/BCL_f1587.png,/hdd1/hieulc/datacrack/annotations/training/BCL_f1587.png,train,BCL,QUARANTINE_UNCERTIFIED_EMPTY_GT,untrusted empty-GT in contaminated source
BCL_f1588.png,/hdd1/hieulc/datacrack/images/training/BCL_f1588.png,/hdd1/hieulc/datacrack/annotations/training/BCL_f1588.png,train,BCL,QUARANTINE_UNCERTIFIED_EMPTY_GT,untrusted empty-GT in contaminated source
BCL_f159.png,/hdd1/hieulc/datacrack/images/training/BCL_f159.png,/hdd1/hieulc/datacrack/annotations/training/BCL_f159.png,train,BCL,QUARANTINE_UNCERTIFIED_EMPTY_GT,untrusted empty-GT in contaminated source
BCL_f1590.png,/hdd1/hieulc/datacrack/images/training/BCL_f1590.png,/hdd1/hieulc/datacrack/annotations/training/BCL_f1590.png,train,BCL,QUARANTINE_UNCERTIFIED_EMPTY_GT,untrusted empty-GT in contaminated source
BCL_f1591.png,/hdd1/hieulc/datacrack/images/training/BCL_f1591.png,/hdd1/hieulc/datacrack/annotations/training/BCL_f1591.png,train,BCL,QUARANTINE_UNCERTIFIED_EMPTY_GT,untrusted empty-GT in contaminated source
BCL_f1592.png,/hdd1/hieulc/datacrack/images/training/BCL_f1592.png,/hdd1/hieulc/datacrack/annotations/training/BCL_f1592.png,train,BCL,QUARANTINE_UNCERTIFIED_EMPTY_GT,untrusted empty-GT in contaminated source
BCL_f1593.png,/hdd1/hieulc/datacrack/images/training/BCL_f1593.png,/hdd1/hieulc/datacrack/annotations/training/BCL_f1593.png,train,BCL,QUARANTINE_UNCERTIFIED_EMPTY_GT,untrusted empty-GT in contaminated source
BCL_f1594.png,/hdd1/hieulc/datacrack/images/training/BCL_f1594.png,/hdd1/hieulc/datacrack/annotations/training/BCL_f1594.png,train,BCL,QUARANTINE_UNCERTIFIED_EMPTY_GT,untrusted empty-GT in contaminated source
BCL_f1595.png,/hdd1/hieulc/datacrack/images/training/BCL_f1595.png,/hdd1/hieulc/datacrack/annotations/training/BCL_f1595.png,train,BCL,QUARANTINE_UNCERTIFIED_EMPTY_GT,untrusted empty-GT in contaminated source
BCL_f1597.png,/hdd1/hieulc/datacrack/images/training/BCL_f1597.png,/hdd1/hieulc/datacrack/annotations/training/BCL_f1597.png,train,BCL,QUARANTINE_UNCERTIFIED_EMPTY_GT,untrusted empty-GT in contaminated source
BCL_f1598.png,/hdd1/hieulc/datacrack/images/training/BCL_f1598.png,/hdd1/hieulc/datacrack/annotations/training/BCL_f1598.png,train,BCL,QUARANTINE_UNCERTIFIED_EMPTY_GT,untrusted empty-GT in contaminated source
BCL_f1599.png,/hdd1/hieulc/datacrack/images/training/BCL_f1599.png,/hdd1/hieulc/datacrack/annotations/training/BCL_f1599.png,train,BCL,QUARANTINE_UNCERTIFIED_EMPTY_GT,untrusted empty-GT in contaminated source
BCL_f16.png,/hdd1/hieulc/datacrack/images/training/BCL_f16.png,/hdd1/hieulc/datacrack/annotations/training/BCL_f16.png,train,BCL,QUARANTINE_UNCERTIFIED_EMPTY_GT,untrusted empty-GT in contaminated source
BCL_f160.png,/hdd1/hieulc/datacrack/images/training/BCL_f160.png,/hdd1/hieulc/datacrack/annotations/training/BCL_f160.png,train,BCL,QUARANTINE_UNCERTIFIED_EMPTY_GT,untrusted empty-GT in contaminated source
BCL_f1601.png,/hdd1/hieulc/datacrack/images/training/BCL_f1601.png,/hdd1/hieulc/datacrack/annotations/training/BCL_f1601.png,train,BCL,QUARANTINE_UNCERTIFIED_EMPTY_GT,untrusted empty-GT in contaminated source
BCL_f1602.png,/hdd1/hieulc/datacrack/images/training/BCL_f1602.png,/hdd1/hieulc/datacrack/annotations/training/BCL_f1602.png,train,BCL,QUARANTINE_UNCERTIFIED_EMPTY_GT,untrusted empty-GT in contaminated source
BCL_f1605.png,/hdd1/hieulc/datacrack/images/training/BCL_f1605.png,/hdd1/hieulc/datacrack/annotations/training/BCL_f1605.png,train,BCL,QUARANTINE_UNCERTIFIED_EMPTY_GT,untrusted empty-GT in contaminated source
BCL_f1606.png,/hdd1/hieulc/datacrack/images/training/BCL_f1606.png,/hdd1/hieulc/datacrack/annotations/training/BCL_f1606.png,train,BCL,QUARANTINE_UNCERTIFIED_EMPTY_GT,untrusted empty-GT in contaminated source
BCL_f1607.png,/hdd1/hieulc/datacrack/images/training/BCL_f1607.png,/hdd1/hieulc/datacrack/annotations/training/BCL_f1607.png,train,BCL,QUARANTINE_UNCERTIFIED_EMPTY_GT,untrusted empty-GT in contaminated source
BCL_f1608.png,/hdd1/hieulc/datacrack/images/training/BCL_f1608.png,/hdd1/hieulc/datacrack/annotations/training/BCL_f1608.png,train,BCL,QUARANTINE_UNCERTIFIED_EMPTY_GT,untrusted empty-GT in contaminated source
BCL_f161.png,/hdd1/hieulc/datacrack/images/training/BCL_f161.png,/hdd1/hieulc/datacrack/annotations/training/BCL_f161.png,train,BCL,QUARANTINE_UNCERTIFIED_EMPTY_GT,untrusted empty-GT in contaminated source
BCL_f1610.png,/hdd1/hieulc/datacrack/images/training/BCL_f1610.png,/hdd1/hieulc/datacrack/annotations/training/BCL_f1610.png,train,BCL,QUARANTINE_UNCERTIFIED_EMPTY_GT,untrusted empty-GT in contaminated source
BCL_f1611.png,/hdd1/hieulc/datacrack/images/training/BCL_f1611.png,/hdd1/hieulc/datacrack/annotations/training/BCL_f1611.png,train,BCL,QUARANTINE_UNCERTIFIED_EMPTY_GT,untrusted empty-GT in contaminated source
BCL_f1612.png,/hdd1/hieulc/datacrack/images/training/BCL_f1612.png,/hdd1/hieulc/datacrack/annotations/training/BCL_f1612.png,train,BCL,QUARANTINE_UNCERTIFIED_EMPTY_GT,untrusted empty-GT in contaminated source
BCL_f1613.png,/hdd1/hieulc/datacrack/images/training/BCL_f1613.png,/hdd1/hieulc/datacrack/annotations/training/BCL_f1613.png,train,BCL,QUARANTINE_UNCERTIFIED_EMPTY_GT,untrusted empty-GT in contaminated source
BCL_f1614.png,/hdd1/hieulc/datacrack/images/training/BCL_f1614.png,/hdd1/hieulc/datacrack/annotations/training/BCL_f1614.png,train,BCL,QUARANTINE_UNCERTIFIED_EMPTY_GT,untrusted empty-GT in contaminated source
BCL_f1615.png,/hdd1/hieulc/datacrack/images/training/BCL_f1615.png,/hdd1/hieulc/datacrack/annotations/training/BCL_f1615.png,train,BCL,QUARANTINE_UNCERTIFIED_EMPTY_GT,untrusted empty-GT in contaminated source
BCL_f1618.png,/hdd1/hieulc/datacrack/images/training/BCL_f1618.png,/hdd1/hieulc/datacrack/annotations/training/BCL_f1618.png,train,BCL,QUARANTINE_UNCERTIFIED_EMPTY_GT,untrusted empty-GT in contaminated source
BCL_f162.png,/hdd1/hieulc/datacrack/images/training/BCL_f162.png,/hdd1/hieulc/datacrack/annotations/training/BCL_f162.png,train,BCL,QUARANTINE_UNCERTIFIED_EMPTY_GT,untrusted empty-GT in contaminated source
BCL_f1621.png,/hdd1/hieulc/datacrack/images/training/BCL_f1621.png,/hdd1/hieulc/datacrack/annotations/training/BCL_f1621.png,train,BCL,QUARANTINE_UNCERTIFIED_EMPTY_GT,untrusted empty-GT in contaminated source
BCL_f1622.png,/hdd1/hieulc/datacrack/images/training/BCL_f1622.png,/hdd1/hieulc/datacrack/annotations/training/BCL_f1622.png,train,BCL,QUARANTINE_UNCERTIFIED_EMPTY_GT,untrusted empty-GT in contaminated source
BCL_f1623.png,/hdd1/hieulc/datacrack/images/training/BCL_f1623.png,/hdd1/hieulc/datacrack/annotations/training/BCL_f1623.png,train,BCL,QUARANTINE_UNCERTIFIED_EMPTY_GT,untrusted empty-GT in contaminated source
BCL_f1624.png,/hdd1/hieulc/datacrack/images/training/BCL_f1624.png,/hdd1/hieulc/datacrack/annotations/training/BCL_f1624.png,train,BCL,QUARANTINE_UNCERTIFIED_EMPTY_GT,untrusted empty-GT in contaminated source
BCL_f1625.png,/hdd1/hieulc/datacrack/images/training/BCL_f1625.png,/hdd1/hieulc/datacrack/annotations/training/BCL_f1625.png,train,BCL,QUARANTINE_UNCERTIFIED_EMPTY_GT,untrusted empty-GT in contaminated source
BCL_f1626.png,/hdd1/hieulc/datacrack/images/training/BCL_f1626.png,/hdd1/hieulc/datacrack/annotations/training/BCL_f1626.png,train,BCL,QUARANTINE_UNCERTIFIED_EMPTY_GT,untrusted empty-GT in contaminated source
BCL_f1627.png,/hdd1/hieulc/datacrack/images/training/BCL_f1627.png,/hdd1/hieulc/datacrack/annotations/training/BCL_f1627.png,train,BCL,QUARANTINE_UNCERTIFIED_EMPTY_GT,untrusted empty-GT in contaminated source
BCL_f1628.png,/hdd1/hieulc/datacrack/images/training/BCL_f1628.png,/hdd1/hieulc/datacrack/annotations/training/BCL_f1628.png,train,BCL,QUARANTINE_UNCERTIFIED_EMPTY_GT,untrusted empty-GT in contaminated source
BCL_f163.png,/hdd1/hieulc/datacrack/images/training/BCL_f163.png,/hdd1/hieulc/datacrack/annotations/training/BCL_f163.png,train,BCL,QUARANTINE_UNCERTIFIED_EMPTY_GT,untrusted empty-GT in contaminated source
BCL_f1630.png,/hdd1/hieulc/datacrack/images/training/BCL_f1630.png,/hdd1/hieulc/datacrack/annotations/training/BCL_f1630.png,train,BCL,QUARANTINE_UNCERTIFIED_EMPTY_GT,untrusted empty-GT in contaminated source
BCL_f1632.png,/hdd1/hieulc/datacrack/images/training/BCL_f1632.png,/hdd1/hieulc/datacrack/annotations/training/BCL_f1632.png,train,BCL,QUARANTINE_UNCERTIFIED_EMPTY_GT,untrusted empty-GT in contaminated source
BCL_f1633.png,/hdd1/hieulc/datacrack/images/training/BCL_f1633.png,/hdd1/hieulc/datacrack/annotations/training/BCL_f1633.png,train,BCL,QUARANTINE_UNCERTIFIED_EMPTY_GT,untrusted empty-GT in contaminated source
BCL_f1634.png,/hdd1/hieulc/datacrack/images/training/BCL_f1634.png,/hdd1/hieulc/datacrack/annotations/training/BCL_f1634.png,train,BCL,QUARANTINE_UNCERTIFIED_EMPTY_GT,untrusted empty-GT in contaminated source
BCL_f1635.png,/hdd1/hieulc/datacrack/images/training/BCL_f1635.png,/hdd1/hieulc/datacrack/annotations/training/BCL_f1635.png,train,BCL,QUARANTINE_UNCERTIFIED_EMPTY_GT,untrusted empty-GT in contaminated source
BCL_f1637.png,/hdd1/hieulc/datacrack/images/training/BCL_f1637.png,/hdd1/hieulc/datacrack/annotations/training/BCL_f1637.png,train,BCL,QUARANTINE_UNCERTIFIED_EMPTY_GT,untrusted empty-GT in contaminated source
BCL_f1638.png,/hdd1/hieulc/datacrack/images/training/BCL_f1638.png,/hdd1/hieulc/datacrack/annotations/training/BCL_f1638.png,train,BCL,QUARANTINE_UNCERTIFIED_EMPTY_GT,untrusted empty-GT in contaminated source
BCL_f164.png,/hdd1/hieulc/datacrack/images/training/BCL_f164.png,/hdd1/hieulc/datacrack/annotations/training/BCL_f164.png,train,BCL,QUARANTINE_UNCERTIFIED_EMPTY_GT,untrusted empty-GT in contaminated source
BCL_f1641.png,/hdd1/hieulc/datacrack/images/training/BCL_f1641.png,/hdd1/hieulc/datacrack/annotations/training/BCL_f1641.png,train,BCL,QUARANTINE_UNCERTIFIED_EMPTY_GT,untrusted empty-GT in contaminated source
BCL_f1643.png,/hdd1/hieulc/datacrack/images/training/BCL_f1643.png,/hdd1/hieulc/datacrack/annotations/training/BCL_f1643.png,train,BCL,QUARANTINE_UNCERTIFIED_EMPTY_GT,untrusted empty-GT in contaminated source
BCL_f1644.png,/hdd1/hieulc/datacrack/images/training/BCL_f1644.png,/hdd1/hieulc/datacrack/annotations/training/BCL_f1644.png,train,BCL,QUARANTINE_UNCERTIFIED_EMPTY_GT,untrusted empty-GT in contaminated source
BCL_f1645.png,/hdd1/hieulc/datacrack/images/training/BCL_f1645.png,/hdd1/hieulc/datacrack/annotations/training/BCL_f1645.png,train,BCL,QUARANTINE_UNCERTIFIED_EMPTY_GT,untrusted empty-GT in contaminated source
BCL_f1646.png,/hdd1/hieulc/datacrack/images/training/BCL_f1646.png,/hdd1/hieulc/datacrack/annotations/training/BCL_f1646.png,train,BCL,QUARANTINE_UNCERTIFIED_EMPTY_GT,untrusted empty-GT in contaminated source
BCL_f1647.png,/hdd1/hieulc/datacrack/images/training/BCL_f1647.png,/hdd1/hieulc/datacrack/annotations/training/BCL_f1647.png,train,BCL,QUARANTINE_UNCERTIFIED_EMPTY_GT,untrusted empty-GT in contaminated source
BCL_f1648.png,/hdd1/hieulc/datacrack/images/training/BCL_f1648.png,/hdd1/hieulc/datacrack/annotations/training/BCL_f1648.png,train,BCL,QUARANTINE_UNCERTIFIED_EMPTY_GT,untrusted empty-GT in contaminated source
BCL_f1650.png,/hdd1/hieulc/datacrack/images/training/BCL_f1650.png,/hdd1/hieulc/datacrack/annotations/training/BCL_f1650.png,train,BCL,QUARANTINE_UNCERTIFIED_EMPTY_GT,untrusted empty-GT in contaminated source
BCL_f1651.png,/hdd1/hieulc/datacrack/images/training/BCL_f1651.png,/hdd1/hieulc/datacrack/annotations/training/BCL_f1651.png,train,BCL,QUARANTINE_UNCERTIFIED_EMPTY_GT,untrusted empty-GT in contaminated source
BCL_f1652.png,/hdd1/hieulc/datacrack/images/training/BCL_f1652.png,/hdd1/hieulc/datacrack/annotations/training/BCL_f1652.png,train,BCL,QUARANTINE_UNCERTIFIED_EMPTY_GT,untrusted empty-GT in contaminated source
BCL_f1653.png,/hdd1/hieulc/datacrack/images/training/BCL_f1653.png,/hdd1/hieulc/datacrack/annotations/training/BCL_f1653.png,train,BCL,QUARANTINE_UNCERTIFIED_EMPTY_GT,untrusted empty-GT in contaminated source
BCL_f1655.png,/hdd1/hieulc/datacrack/images/training/BCL_f1655.png,/hdd1/hieulc/datacrack/annotations/training/BCL_f1655.png,train,BCL,QUARANTINE_UNCERTIFIED_EMPTY_GT,untrusted empty-GT in contaminated source
BCL_f1658.png,/hdd1/hieulc/datacrack/images/training/BCL_f1658.png,/hdd1/hieulc/datacrack/annotations/training/BCL_f1658.png,train,BCL,QUARANTINE_UNCERTIFIED_EMPTY_GT,untrusted empty-GT in contaminated source
BCL_f1659.png,/hdd1/hieulc/datacrack/images/training/BCL_f1659.png,/hdd1/hieulc/datacrack/annotations/training/BCL_f1659.png,train,BCL,QUARANTINE_UNCERTIFIED_EMPTY_GT,untrusted empty-GT in contaminated source
BCL_f1660.png,/hdd1/hieulc/datacrack/images/training/BCL_f1660.png,/hdd1/hieulc/datacrack/annotations/training/BCL_f1660.png,train,BCL,QUARANTINE_UNCERTIFIED_EMPTY_GT,untrusted empty-GT in contaminated source
BCL_f1661.png,/hdd1/hieulc/datacrack/images/training/BCL_f1661.png,/hdd1/hieulc/datacrack/annotations/training/BCL_f1661.png,train,BCL,QUARANTINE_UNCERTIFIED_EMPTY_GT,untrusted empty-GT in contaminated source
BCL_f1662.png,/hdd1/hieulc/datacrack/images/training/BCL_f1662.png,/hdd1/hieulc/datacrack/annotations/training/BCL_f1662.png,train,BCL,QUARANTINE_UNCERTIFIED_EMPTY_GT,untrusted empty-GT in contaminated source
BCL_f1663.png,/hdd1/hieulc/datacrack/images/training/BCL_f1663.png,/hdd1/hieulc/datacrack/annotations/training/BCL_f1663.png,train,BCL,QUARANTINE_UNCERTIFIED_EMPTY_GT,untrusted empty-GT in contaminated source
BCL_f1665.png,/hdd1/hieulc/datacrack/images/training/BCL_f1665.png,/hdd1/hieulc/datacrack/annotations/training/BCL_f1665.png,train,BCL,QUARANTINE_UNCERTIFIED_EMPTY_GT,untrusted empty-GT in contaminated source
BCL_f1666.png,/hdd1/hieulc/datacrack/images/training/BCL_f1666.png,/hdd1/hieulc/datacrack/annotations/training/BCL_f1666.png,train,BCL,QUARANTINE_UNCERTIFIED_EMPTY_GT,untrusted empty-GT in contaminated source
BCL_f1667.png,/hdd1/hieulc/datacrack/images/training/BCL_f1667.png,/hdd1/hieulc/datacrack/annotations/training/BCL_f1667.png,train,BCL,QUARANTINE_UNCERTIFIED_EMPTY_GT,untrusted empty-GT in contaminated source
BCL_f1668.png,/hdd1/hieulc/datacrack/images/training/BCL_f1668.png,/hdd1/hieulc/datacrack/annotations/training/BCL_f1668.png,train,BCL,QUARANTINE_UNCERTIFIED_EMPTY_GT,untrusted empty-GT in contaminated source
BCL_f1669.png,/hdd1/hieulc/datacrack/images/training/BCL_f1669.png,/hdd1/hieulc/datacrack/annotations/training/BCL_f1669.png,train,BCL,QUARANTINE_UNCERTIFIED_EMPTY_GT,untrusted empty-GT in contaminated source
BCL_f167.png,/hdd1/hieulc/datacrack/images/training/BCL_f167.png,/hdd1/hieulc/datacrack/annotations/training/BCL_f167.png,train,BCL,QUARANTINE_UNCERTIFIED_EMPTY_GT,untrusted empty-GT in contaminated source
BCL_f1670.png,/hdd1/hieulc/datacrack/images/training/BCL_f1670.png,/hdd1/hieulc/datacrack/annotations/training/BCL_f1670.png,train,BCL,QUARANTINE_UNCERTIFIED_EMPTY_GT,untrusted empty-GT in contaminated source
BCL_f1671.png,/hdd1/hieulc/datacrack/images/training/BCL_f1671.png,/hdd1/hieulc/datacrack/annotations/training/BCL_f1671.png,train,BCL,QUARANTINE_UNCERTIFIED_EMPTY_GT,untrusted empty-GT in contaminated source
BCL_f1672.png,/hdd1/hieulc/datacrack/images/training/BCL_f1672.png,/hdd1/hieulc/datacrack/annotations/training/BCL_f1672.png,train,BCL,QUARANTINE_UNCERTIFIED_EMPTY_GT,untrusted empty-GT in contaminated source
BCL_f1673.png,/hdd1/hieulc/datacrack/images/training/BCL_f1673.png,/hdd1/hieulc/datacrack/annotations/training/BCL_f1673.png,train,BCL,QUARANTINE_UNCERTIFIED_EMPTY_GT,untrusted empty-GT in contaminated source
BCL_f1674.png,/hdd1/hieulc/datacrack/images/training/BCL_f1674.png,/hdd1/hieulc/datacrack/annotations/training/BCL_f1674.png,train,BCL,QUARANTINE_UNCERTIFIED_EMPTY_GT,untrusted empty-GT in contaminated source
BCL_f1675.png,/hdd1/hieulc/datacrack/images/training/BCL_f1675.png,/hdd1/hieulc/datacrack/annotations/training/BCL_f1675.png,train,BCL,QUARANTINE_UNCERTIFIED_EMPTY_GT,untrusted empty-GT in contaminated source
BCL_f1676.png,/hdd1/hieulc/datacrack/images/training/BCL_f1676.png,/hdd1/hieulc/datacrack/annotations/training/BCL_f1676.png,train,BCL,QUARANTINE_UNCERTIFIED_EMPTY_GT,untrusted empty-GT in contaminated source
BCL_f1677.png,/hdd1/hieulc/datacrack/images/training/BCL_f1677.png,/hdd1/hieulc/datacrack/annotations/training/BCL_f1677.png,train,BCL,QUARANTINE_UNCERTIFIED_EMPTY_GT,untrusted empty-GT in contaminated source
BCL_f1678.png,/hdd1/hieulc/datacrack/images/training/BCL_f1678.png,/hdd1/hieulc/datacrack/annotations/training/BCL_f1678.png,train,BCL,QUARANTINE_UNCERTIFIED_EMPTY_GT,untrusted empty-GT in contaminated source
BCL_f1679.png,/hdd1/hieulc/datacrack/images/training/BCL_f1679.png,/hdd1/hieulc/datacrack/annotations/training/BCL_f1679.png,train,BCL,QUARANTINE_UNCERTIFIED_EMPTY_GT,untrusted empty-GT in contaminated source
BCL_f1680.png,/hdd1/hieulc/datacrack/images/training/BCL_f1680.png,/hdd1/hieulc/datacrack/annotations/training/BCL_f1680.png,train,BCL,QUARANTINE_UNCERTIFIED_EMPTY_GT,untrusted empty-GT in contaminated source
BCL_f1681.png,/hdd1/hieulc/datacrack/images/training/BCL_f1681.png,/hdd1/hieulc/datacrack/annotations/training/BCL_f1681.png,train,BCL,QUARANTINE_UNCERTIFIED_EMPTY_GT,untrusted empty-GT in contaminated source
BCL_f1682.png,/hdd1/hieulc/datacrack/images/training/BCL_f1682.png,/hdd1/hieulc/datacrack/annotations/training/BCL_f1682.png,train,BCL,QUARANTINE_UNCERTIFIED_EMPTY_GT,untrusted empty-GT in contaminated source
BCL_f1683.png,/hdd1/hieulc/datacrack/images/training/BCL_f1683.png,/hdd1/hieulc/datacrack/annotations/training/BCL_f1683.png,train,BCL,QUARANTINE_UNCERTIFIED_EMPTY_GT,untrusted empty-GT in contaminated source
BCL_f1684.png,/hdd1/hieulc/datacrack/images/training/BCL_f1684.png,/hdd1/hieulc/datacrack/annotations/training/BCL_f1684.png,train,BCL,QUARANTINE_UNCERTIFIED_EMPTY_GT,untrusted empty-GT in contaminated source
BCL_f1685.png,/hdd1/hieulc/datacrack/images/training/BCL_f1685.png,/hdd1/hieulc/datacrack/annotations/training/BCL_f1685.png,train,BCL,QUARANTINE_UNCERTIFIED_EMPTY_GT,untrusted empty-GT in contaminated source
BCL_f1686.png,/hdd1/hieulc/datacrack/images/training/BCL_f1686.png,/hdd1/hieulc/datacrack/annotations/training/BCL_f1686.png,train,BCL,QUARANTINE_UNCERTIFIED_EMPTY_GT,untrusted empty-GT in contaminated source
BCL_f1687.png,/hdd1/hieulc/datacrack/images/training/BCL_f1687.png,/hdd1/hieulc/datacrack/annotations/training/BCL_f1687.png,train,BCL,QUARANTINE_UNCERTIFIED_EMPTY_GT,untrusted empty-GT in contaminated source
BCL_f1688.png,/hdd1/hieulc/datacrack/images/training/BCL_f1688.png,/hdd1/hieulc/datacrack/annotations/training/BCL_f1688.png,train,BCL,QUARANTINE_UNCERTIFIED_EMPTY_GT,untrusted empty-GT in contaminated source
BCL_f1689.png,/hdd1/hieulc/datacrack/images/training/BCL_f1689.png,/hdd1/hieulc/datacrack/annotations/training/BCL_f1689.png,train,BCL,QUARANTINE_UNCERTIFIED_EMPTY_GT,untrusted empty-GT in contaminated source
BCL_f169.png,/hdd1/hieulc/datacrack/images/training/BCL_f169.png,/hdd1/hieulc/datacrack/annotations/training/BCL_f169.png,train,BCL,QUARANTINE_UNCERTIFIED_EMPTY_GT,untrusted empty-GT in contaminated source
BCL_f1690.png,/hdd1/hieulc/datacrack/images/training/BCL_f1690.png,/hdd1/hieulc/datacrack/annotations/training/BCL_f1690.png,train,BCL,QUARANTINE_UNCERTIFIED_EMPTY_GT,untrusted empty-GT in contaminated source
BCL_f1691.png,/hdd1/hieulc/datacrack/images/training/BCL_f1691.png,/hdd1/hieulc/datacrack/annotations/training/BCL_f1691.png,train,BCL,QUARANTINE_UNCERTIFIED_EMPTY_GT,untrusted empty-GT in contaminated source
BCL_f1692.png,/hdd1/hieulc/datacrack/images/training/BCL_f1692.png,/hdd1/hieulc/datacrack/annotations/training/BCL_f1692.png,train,BCL,QUARANTINE_UNCERTIFIED_EMPTY_GT,untrusted empty-GT in contaminated source
BCL_f1693.png,/hdd1/hieulc/datacrack/images/training/BCL_f1693.png,/hdd1/hieulc/datacrack/annotations/training/BCL_f1693.png,train,BCL,QUARANTINE_UNCERTIFIED_EMPTY_GT,untrusted empty-GT in contaminated source
BCL_f1694.png,/hdd1/hieulc/datacrack/images/training/BCL_f1694.png,/hdd1/hieulc/datacrack/annotations/training/BCL_f1694.png,train,BCL,QUARANTINE_UNCERTIFIED_EMPTY_GT,untrusted empty-GT in contaminated source
BCL_f1695.png,/hdd1/hieulc/datacrack/images/training/BCL_f1695.png,/hdd1/hieulc/datacrack/annotations/training/BCL_f1695.png,train,BCL,QUARANTINE_UNCERTIFIED_EMPTY_GT,untrusted empty-GT in contaminated source
BCL_f1696.png,/hdd1/hieulc/datacrack/images/training/BCL_f1696.png,/hdd1/hieulc/datacrack/annotations/training/BCL_f1696.png,train,BCL,QUARANTINE_UNCERTIFIED_EMPTY_GT,untrusted empty-GT in contaminated source
BCL_f1697.png,/hdd1/hieulc/datacrack/images/training/BCL_f1697.png,/hdd1/hieulc/datacrack/annotations/training/BCL_f1697.png,train,BCL,QUARANTINE_UNCERTIFIED_EMPTY_GT,untrusted empty-GT in contaminated source
BCL_f1698.png,/hdd1/hieulc/datacrack/images/training/BCL_f1698.png,/hdd1/hieulc/datacrack/annotations/training/BCL_f1698.png,train,BCL,QUARANTINE_UNCERTIFIED_EMPTY_GT,untrusted empty-GT in contaminated source
BCL_f1699.png,/hdd1/hieulc/datacrack/images/training/BCL_f1699.png,/hdd1/hieulc/datacrack/annotations/training/BCL_f1699.png,train,BCL,QUARANTINE_UNCERTIFIED_EMPTY_GT,untrusted empty-GT in contaminated source
BCL_f17.png,/hdd1/hieulc/datacrack/images/training/BCL_f17.png,/hdd1/hieulc/datacrack/annotations/training/BCL_f17.png,train,BCL,QUARANTINE_UNCERTIFIED_EMPTY_GT,untrusted empty-GT in contaminated source
BCL_f170.png,/hdd1/hieulc/datacrack/images/training/BCL_f170.png,/hdd1/hieulc/datacrack/annotations/training/BCL_f170.png,train,BCL,QUARANTINE_UNCERTIFIED_EMPTY_GT,untrusted empty-GT in contaminated source
BCL_f1701.png,/hdd1/hieulc/datacrack/images/training/BCL_f1701.png,/hdd1/hieulc/datacrack/annotations/training/BCL_f1701.png,train,BCL,QUARANTINE_UNCERTIFIED_EMPTY_GT,untrusted empty-GT in contaminated source
BCL_f1702.png,/hdd1/hieulc/datacrack/images/training/BCL_f1702.png,/hdd1/hieulc/datacrack/annotations/training/BCL_f1702.png,train,BCL,QUARANTINE_UNCERTIFIED_EMPTY_GT,untrusted empty-GT in contaminated source
BCL_f1703.png,/hdd1/hieulc/datacrack/images/training/BCL_f1703.png,/hdd1/hieulc/datacrack/annotations/training/BCL_f1703.png,train,BCL,QUARANTINE_UNCERTIFIED_EMPTY_GT,untrusted empty-GT in contaminated source
BCL_f1704.png,/hdd1/hieulc/datacrack/images/training/BCL_f1704.png,/hdd1/hieulc/datacrack/annotations/training/BCL_f1704.png,train,BCL,QUARANTINE_UNCERTIFIED_EMPTY_GT,untrusted empty-GT in contaminated source
BCL_f1706.png,/hdd1/hieulc/datacrack/images/training/BCL_f1706.png,/hdd1/hieulc/datacrack/annotations/training/BCL_f1706.png,train,BCL,QUARANTINE_UNCERTIFIED_EMPTY_GT,untrusted empty-GT in contaminated source
BCL_f1707.png,/hdd1/hieulc/datacrack/images/training/BCL_f1707.png,/hdd1/hieulc/datacrack/annotations/training/BCL_f1707.png,train,BCL,QUARANTINE_UNCERTIFIED_EMPTY_GT,untrusted empty-GT in contaminated source
BCL_f1708.png,/hdd1/hieulc/datacrack/images/training/BCL_f1708.png,/hdd1/hieulc/datacrack/annotations/training/BCL_f1708.png,train,BCL,QUARANTINE_UNCERTIFIED_EMPTY_GT,untrusted empty-GT in contaminated source
BCL_f1709.png,/hdd1/hieulc/datacrack/images/training/BCL_f1709.png,/hdd1/hieulc/datacrack/annotations/training/BCL_f1709.png,train,BCL,QUARANTINE_UNCERTIFIED_EMPTY_GT,untrusted empty-GT in contaminated source
BCL_f171.png,/hdd1/hieulc/datacrack/images/training/BCL_f171.png,/hdd1/hieulc/datacrack/annotations/training/BCL_f171.png,train,BCL,QUARANTINE_UNCERTIFIED_EMPTY_GT,untrusted empty-GT in contaminated source
BCL_f1710.png,/hdd1/hieulc/datacrack/images/training/BCL_f1710.png,/hdd1/hieulc/datacrack/annotations/training/BCL_f1710.png,train,BCL,QUARANTINE_UNCERTIFIED_EMPTY_GT,untrusted empty-GT in contaminated source
BCL_f1711.png,/hdd1/hieulc/datacrack/images/training/BCL_f1711.png,/hdd1/hieulc/datacrack/annotations/training/BCL_f1711.png,train,BCL,QUARANTINE_UNCERTIFIED_EMPTY_GT,untrusted empty-GT in contaminated source
BCL_f1712.png,/hdd1/hieulc/datacrack/images/training/BCL_f1712.png,/hdd1/hieulc/datacrack/annotations/training/BCL_f1712.png,train,BCL,QUARANTINE_UNCERTIFIED_EMPTY_GT,untrusted empty-GT in contaminated source
BCL_f1713.png,/hdd1/hieulc/datacrack/images/training/BCL_f1713.png,/hdd1/hieulc/datacrack/annotations/training/BCL_f1713.png,train,BCL,QUARANTINE_UNCERTIFIED_EMPTY_GT,untrusted empty-GT in contaminated source
BCL_f1714.png,/hdd1/hieulc/datacrack/images/training/BCL_f1714.png,/hdd1/hieulc/datacrack/annotations/training/BCL_f1714.png,train,BCL,QUARANTINE_UNCERTIFIED_EMPTY_GT,untrusted empty-GT in contaminated source
BCL_f1715.png,/hdd1/hieulc/datacrack/images/training/BCL_f1715.png,/hdd1/hieulc/datacrack/annotations/training/BCL_f1715.png,train,BCL,QUARANTINE_UNCERTIFIED_EMPTY_GT,untrusted empty-GT in contaminated source
BCL_f1716.png,/hdd1/hieulc/datacrack/images/training/BCL_f1716.png,/hdd1/hieulc/datacrack/annotations/training/BCL_f1716.png,train,BCL,QUARANTINE_UNCERTIFIED_EMPTY_GT,untrusted empty-GT in contaminated source
BCL_f1718.png,/hdd1/hieulc/datacrack/images/training/BCL_f1718.png,/hdd1/hieulc/datacrack/annotations/training/BCL_f1718.png,train,BCL,QUARANTINE_UNCERTIFIED_EMPTY_GT,untrusted empty-GT in contaminated source
BCL_f1720.png,/hdd1/hieulc/datacrack/images/training/BCL_f1720.png,/hdd1/hieulc/datacrack/annotations/training/BCL_f1720.png,train,BCL,QUARANTINE_UNCERTIFIED_EMPTY_GT,untrusted empty-GT in contaminated source
BCL_f1721.png,/hdd1/hieulc/datacrack/images/training/BCL_f1721.png,/hdd1/hieulc/datacrack/annotations/training/BCL_f1721.png,train,BCL,QUARANTINE_UNCERTIFIED_EMPTY_GT,untrusted empty-GT in contaminated source
BCL_f1722.png,/hdd1/hieulc/datacrack/images/training/BCL_f1722.png,/hdd1/hieulc/datacrack/annotations/training/BCL_f1722.png,train,BCL,QUARANTINE_UNCERTIFIED_EMPTY_GT,untrusted empty-GT in contaminated source
BCL_f1723.png,/hdd1/hieulc/datacrack/images/training/BCL_f1723.png,/hdd1/hieulc/datacrack/annotations/training/BCL_f1723.png,train,BCL,QUARANTINE_UNCERTIFIED_EMPTY_GT,untrusted empty-GT in contaminated source
BCL_f1724.png,/hdd1/hieulc/datacrack/images/training/BCL_f1724.png,/hdd1/hieulc/datacrack/annotations/training/BCL_f1724.png,train,BCL,QUARANTINE_UNCERTIFIED_EMPTY_GT,untrusted empty-GT in contaminated source
BCL_f1725.png,/hdd1/hieulc/datacrack/images/training/BCL_f1725.png,/hdd1/hieulc/datacrack/annotations/training/BCL_f1725.png,train,BCL,QUARANTINE_UNCERTIFIED_EMPTY_GT,untrusted empty-GT in contaminated source
BCL_f1726.png,/hdd1/hieulc/datacrack/images/training/BCL_f1726.png,/hdd1/hieulc/datacrack/annotations/training/BCL_f1726.png,train,BCL,QUARANTINE_UNCERTIFIED_EMPTY_GT,untrusted empty-GT in contaminated source
BCL_f1727.png,/hdd1/hieulc/datacrack/images/training/BCL_f1727.png,/hdd1/hieulc/datacrack/annotations/training/BCL_f1727.png,train,BCL,QUARANTINE_UNCERTIFIED_EMPTY_GT,untrusted empty-GT in contaminated source
BCL_f1728.png,/hdd1/hieulc/datacrack/images/training/BCL_f1728.png,/hdd1/hieulc/datacrack/annotations/training/BCL_f1728.png,train,BCL,QUARANTINE_UNCERTIFIED_EMPTY_GT,untrusted empty-GT in contaminated source
BCL_f1729.png,/hdd1/hieulc/datacrack/images/training/BCL_f1729.png,/hdd1/hieulc/datacrack/annotations/training/BCL_f1729.png,train,BCL,QUARANTINE_UNCERTIFIED_EMPTY_GT,untrusted empty-GT in contaminated source
BCL_f173.png,/hdd1/hieulc/datacrack/images/training/BCL_f173.png,/hdd1/hieulc/datacrack/annotations/training/BCL_f173.png,train,BCL,QUARANTINE_UNCERTIFIED_EMPTY_GT,untrusted empty-GT in contaminated source
BCL_f1730.png,/hdd1/hieulc/datacrack/images/training/BCL_f1730.png,/hdd1/hieulc/datacrack/annotations/training/BCL_f1730.png,train,BCL,QUARANTINE_UNCERTIFIED_EMPTY_GT,untrusted empty-GT in contaminated source
BCL_f1731.png,/hdd1/hieulc/datacrack/images/training/BCL_f1731.png,/hdd1/hieulc/datacrack/annotations/training/BCL_f1731.png,train,BCL,QUARANTINE_UNCERTIFIED_EMPTY_GT,untrusted empty-GT in contaminated source
BCL_f1733.png,/hdd1/hieulc/datacrack/images/training/BCL_f1733.png,/hdd1/hieulc/datacrack/annotations/training/BCL_f1733.png,train,BCL,QUARANTINE_UNCERTIFIED_EMPTY_GT,untrusted empty-GT in contaminated source
BCL_f1734.png,/hdd1/hieulc/datacrack/images/training/BCL_f1734.png,/hdd1/hieulc/datacrack/annotations/training/BCL_f1734.png,train,BCL,QUARANTINE_UNCERTIFIED_EMPTY_GT,untrusted empty-GT in contaminated source
BCL_f1735.png,/hdd1/hieulc/datacrack/images/training/BCL_f1735.png,/hdd1/hieulc/datacrack/annotations/training/BCL_f1735.png,train,BCL,QUARANTINE_UNCERTIFIED_EMPTY_GT,untrusted empty-GT in contaminated source
BCL_f1736.png,/hdd1/hieulc/datacrack/images/training/BCL_f1736.png,/hdd1/hieulc/datacrack/annotations/training/BCL_f1736.png,train,BCL,QUARANTINE_UNCERTIFIED_EMPTY_GT,untrusted empty-GT in contaminated source
BCL_f1737.png,/hdd1/hieulc/datacrack/images/training/BCL_f1737.png,/hdd1/hieulc/datacrack/annotations/training/BCL_f1737.png,train,BCL,QUARANTINE_UNCERTIFIED_EMPTY_GT,untrusted empty-GT in contaminated source
BCL_f1739.png,/hdd1/hieulc/datacrack/images/training/BCL_f1739.png,/hdd1/hieulc/datacrack/annotations/training/BCL_f1739.png,train,BCL,QUARANTINE_UNCERTIFIED_EMPTY_GT,untrusted empty-GT in contaminated source
BCL_f174.png,/hdd1/hieulc/datacrack/images/training/BCL_f174.png,/hdd1/hieulc/datacrack/annotations/training/BCL_f174.png,train,BCL,QUARANTINE_UNCERTIFIED_EMPTY_GT,untrusted empty-GT in contaminated source
BCL_f1741.png,/hdd1/hieulc/datacrack/images/training/BCL_f1741.png,/hdd1/hieulc/datacrack/annotations/training/BCL_f1741.png,train,BCL,QUARANTINE_UNCERTIFIED_EMPTY_GT,untrusted empty-GT in contaminated source
BCL_f1742.png,/hdd1/hieulc/datacrack/images/training/BCL_f1742.png,/hdd1/hieulc/datacrack/annotations/training/BCL_f1742.png,train,BCL,QUARANTINE_UNCERTIFIED_EMPTY_GT,untrusted empty-GT in contaminated source
BCL_f1743.png,/hdd1/hieulc/datacrack/images/training/BCL_f1743.png,/hdd1/hieulc/datacrack/annotations/training/BCL_f1743.png,train,BCL,QUARANTINE_UNCERTIFIED_EMPTY_GT,untrusted empty-GT in contaminated source
BCL_f1745.png,/hdd1/hieulc/datacrack/images/training/BCL_f1745.png,/hdd1/hieulc/datacrack/annotations/training/BCL_f1745.png,train,BCL,QUARANTINE_UNCERTIFIED_EMPTY_GT,untrusted empty-GT in contaminated source
BCL_f1746.png,/hdd1/hieulc/datacrack/images/training/BCL_f1746.png,/hdd1/hieulc/datacrack/annotations/training/BCL_f1746.png,train,BCL,QUARANTINE_UNCERTIFIED_EMPTY_GT,untrusted empty-GT in contaminated source
BCL_f1747.png,/hdd1/hieulc/datacrack/images/training/BCL_f1747.png,/hdd1/hieulc/datacrack/annotations/training/BCL_f1747.png,train,BCL,QUARANTINE_UNCERTIFIED_EMPTY_GT,untrusted empty-GT in contaminated source
BCL_f1748.png,/hdd1/hieulc/datacrack/images/training/BCL_f1748.png,/hdd1/hieulc/datacrack/annotations/training/BCL_f1748.png,train,BCL,QUARANTINE_UNCERTIFIED_EMPTY_GT,untrusted empty-GT in contaminated source
BCL_f1749.png,/hdd1/hieulc/datacrack/images/training/BCL_f1749.png,/hdd1/hieulc/datacrack/annotations/training/BCL_f1749.png,train,BCL,QUARANTINE_UNCERTIFIED_EMPTY_GT,untrusted empty-GT in contaminated source
BCL_f175.png,/hdd1/hieulc/datacrack/images/training/BCL_f175.png,/hdd1/hieulc/datacrack/annotations/training/BCL_f175.png,train,BCL,QUARANTINE_UNCERTIFIED_EMPTY_GT,untrusted empty-GT in contaminated source
BCL_f1750.png,/hdd1/hieulc/datacrack/images/training/BCL_f1750.png,/hdd1/hieulc/datacrack/annotations/training/BCL_f1750.png,train,BCL,QUARANTINE_UNCERTIFIED_EMPTY_GT,untrusted empty-GT in contaminated source
BCL_f1751.png,/hdd1/hieulc/datacrack/images/training/BCL_f1751.png,/hdd1/hieulc/datacrack/annotations/training/BCL_f1751.png,train,BCL,QUARANTINE_UNCERTIFIED_EMPTY_GT,untrusted empty-GT in contaminated source
BCL_f1753.png,/hdd1/hieulc/datacrack/images/training/BCL_f1753.png,/hdd1/hieulc/datacrack/annotations/training/BCL_f1753.png,train,BCL,QUARANTINE_UNCERTIFIED_EMPTY_GT,untrusted empty-GT in contaminated source
BCL_f1754.png,/hdd1/hieulc/datacrack/images/training/BCL_f1754.png,/hdd1/hieulc/datacrack/annotations/training/BCL_f1754.png,train,BCL,QUARANTINE_UNCERTIFIED_EMPTY_GT,untrusted empty-GT in contaminated source
BCL_f1755.png,/hdd1/hieulc/datacrack/images/training/BCL_f1755.png,/hdd1/hieulc/datacrack/annotations/training/BCL_f1755.png,train,BCL,QUARANTINE_UNCERTIFIED_EMPTY_GT,untrusted empty-GT in contaminated source
BCL_f1756.png,/hdd1/hieulc/datacrack/images/training/BCL_f1756.png,/hdd1/hieulc/datacrack/annotations/training/BCL_f1756.png,train,BCL,QUARANTINE_UNCERTIFIED_EMPTY_GT,untrusted empty-GT in contaminated source
BCL_f1757.png,/hdd1/hieulc/datacrack/images/training/BCL_f1757.png,/hdd1/hieulc/datacrack/annotations/training/BCL_f1757.png,train,BCL,QUARANTINE_UNCERTIFIED_EMPTY_GT,untrusted empty-GT in contaminated source
BCL_f1758.png,/hdd1/hieulc/datacrack/images/training/BCL_f1758.png,/hdd1/hieulc/datacrack/annotations/training/BCL_f1758.png,train,BCL,QUARANTINE_UNCERTIFIED_EMPTY_GT,untrusted empty-GT in contaminated source
BCL_f176.png,/hdd1/hieulc/datacrack/images/training/BCL_f176.png,/hdd1/hieulc/datacrack/annotations/training/BCL_f176.png,train,BCL,QUARANTINE_UNCERTIFIED_EMPTY_GT,untrusted empty-GT in contaminated source
BCL_f1760.png,/hdd1/hieulc/datacrack/images/training/BCL_f1760.png,/hdd1/hieulc/datacrack/annotations/training/BCL_f1760.png,train,BCL,QUARANTINE_UNCERTIFIED_EMPTY_GT,untrusted empty-GT in contaminated source
BCL_f1761.png,/hdd1/hieulc/datacrack/images/training/BCL_f1761.png,/hdd1/hieulc/datacrack/annotations/training/BCL_f1761.png,train,BCL,QUARANTINE_UNCERTIFIED_EMPTY_GT,untrusted empty-GT in contaminated source
BCL_f1762.png,/hdd1/hieulc/datacrack/images/training/BCL_f1762.png,/hdd1/hieulc/datacrack/annotations/training/BCL_f1762.png,train,BCL,QUARANTINE_UNCERTIFIED_EMPTY_GT,untrusted empty-GT in contaminated source
BCL_f1763.png,/hdd1/hieulc/datacrack/images/training/BCL_f1763.png,/hdd1/hieulc/datacrack/annotations/training/BCL_f1763.png,train,BCL,QUARANTINE_UNCERTIFIED_EMPTY_GT,untrusted empty-GT in contaminated source
BCL_f1764.png,/hdd1/hieulc/datacrack/images/training/BCL_f1764.png,/hdd1/hieulc/datacrack/annotations/training/BCL_f1764.png,train,BCL,QUARANTINE_UNCERTIFIED_EMPTY_GT,untrusted empty-GT in contaminated source
BCL_f1765.png,/hdd1/hieulc/datacrack/images/training/BCL_f1765.png,/hdd1/hieulc/datacrack/annotations/training/BCL_f1765.png,train,BCL,QUARANTINE_UNCERTIFIED_EMPTY_GT,untrusted empty-GT in contaminated source
BCL_f1766.png,/hdd1/hieulc/datacrack/images/training/BCL_f1766.png,/hdd1/hieulc/datacrack/annotations/training/BCL_f1766.png,train,BCL,QUARANTINE_UNCERTIFIED_EMPTY_GT,untrusted empty-GT in contaminated source
BCL_f1767.png,/hdd1/hieulc/datacrack/images/training/BCL_f1767.png,/hdd1/hieulc/datacrack/annotations/training/BCL_f1767.png,train,BCL,QUARANTINE_UNCERTIFIED_EMPTY_GT,untrusted empty-GT in contaminated source
BCL_f1768.png,/hdd1/hieulc/datacrack/images/training/BCL_f1768.png,/hdd1/hieulc/datacrack/annotations/training/BCL_f1768.png,train,BCL,QUARANTINE_UNCERTIFIED_EMPTY_GT,untrusted empty-GT in contaminated source
BCL_f1769.png,/hdd1/hieulc/datacrack/images/training/BCL_f1769.png,/hdd1/hieulc/datacrack/annotations/training/BCL_f1769.png,train,BCL,QUARANTINE_UNCERTIFIED_EMPTY_GT,untrusted empty-GT in contaminated source
BCL_f177.png,/hdd1/hieulc/datacrack/images/training/BCL_f177.png,/hdd1/hieulc/datacrack/annotations/training/BCL_f177.png,train,BCL,QUARANTINE_UNCERTIFIED_EMPTY_GT,untrusted empty-GT in contaminated source
BCL_f1770.png,/hdd1/hieulc/datacrack/images/training/BCL_f1770.png,/hdd1/hieulc/datacrack/annotations/training/BCL_f1770.png,train,BCL,QUARANTINE_UNCERTIFIED_EMPTY_GT,untrusted empty-GT in contaminated source
BCL_f1771.png,/hdd1/hieulc/datacrack/images/training/BCL_f1771.png,/hdd1/hieulc/datacrack/annotations/training/BCL_f1771.png,train,BCL,QUARANTINE_UNCERTIFIED_EMPTY_GT,untrusted empty-GT in contaminated source
BCL_f1773.png,/hdd1/hieulc/datacrack/images/training/BCL_f1773.png,/hdd1/hieulc/datacrack/annotations/training/BCL_f1773.png,train,BCL,QUARANTINE_UNCERTIFIED_EMPTY_GT,untrusted empty-GT in contaminated source
BCL_f1774.png,/hdd1/hieulc/datacrack/images/training/BCL_f1774.png,/hdd1/hieulc/datacrack/annotations/training/BCL_f1774.png,train,BCL,QUARANTINE_UNCERTIFIED_EMPTY_GT,untrusted empty-GT in contaminated source
BCL_f1776.png,/hdd1/hieulc/datacrack/images/training/BCL_f1776.png,/hdd1/hieulc/datacrack/annotations/training/BCL_f1776.png,train,BCL,QUARANTINE_UNCERTIFIED_EMPTY_GT,untrusted empty-GT in contaminated source
BCL_f1777.png,/hdd1/hieulc/datacrack/images/training/BCL_f1777.png,/hdd1/hieulc/datacrack/annotations/training/BCL_f1777.png,train,BCL,QUARANTINE_UNCERTIFIED_EMPTY_GT,untrusted empty-GT in contaminated source
BCL_f1778.png,/hdd1/hieulc/datacrack/images/training/BCL_f1778.png,/hdd1/hieulc/datacrack/annotations/training/BCL_f1778.png,train,BCL,QUARANTINE_UNCERTIFIED_EMPTY_GT,untrusted empty-GT in contaminated source
BCL_f178.png,/hdd1/hieulc/datacrack/images/training/BCL_f178.png,/hdd1/hieulc/datacrack/annotations/training/BCL_f178.png,train,BCL,QUARANTINE_UNCERTIFIED_EMPTY_GT,untrusted empty-GT in contaminated source
BCL_f1780.png,/hdd1/hieulc/datacrack/images/training/BCL_f1780.png,/hdd1/hieulc/datacrack/annotations/training/BCL_f1780.png,train,BCL,QUARANTINE_UNCERTIFIED_EMPTY_GT,untrusted empty-GT in contaminated source
BCL_f1781.png,/hdd1/hieulc/datacrack/images/training/BCL_f1781.png,/hdd1/hieulc/datacrack/annotations/training/BCL_f1781.png,train,BCL,QUARANTINE_UNCERTIFIED_EMPTY_GT,untrusted empty-GT in contaminated source
BCL_f1782.png,/hdd1/hieulc/datacrack/images/training/BCL_f1782.png,/hdd1/hieulc/datacrack/annotations/training/BCL_f1782.png,train,BCL,QUARANTINE_UNCERTIFIED_EMPTY_GT,untrusted empty-GT in contaminated source
BCL_f1784.png,/hdd1/hieulc/datacrack/images/training/BCL_f1784.png,/hdd1/hieulc/datacrack/annotations/training/BCL_f1784.png,train,BCL,QUARANTINE_UNCERTIFIED_EMPTY_GT,untrusted empty-GT in contaminated source
BCL_f1785.png,/hdd1/hieulc/datacrack/images/training/BCL_f1785.png,/hdd1/hieulc/datacrack/annotations/training/BCL_f1785.png,train,BCL,QUARANTINE_UNCERTIFIED_EMPTY_GT,untrusted empty-GT in contaminated source
BCL_f1786.png,/hdd1/hieulc/datacrack/images/training/BCL_f1786.png,/hdd1/hieulc/datacrack/annotations/training/BCL_f1786.png,train,BCL,QUARANTINE_UNCERTIFIED_EMPTY_GT,untrusted empty-GT in contaminated source
BCL_f1787.png,/hdd1/hieulc/datacrack/images/training/BCL_f1787.png,/hdd1/hieulc/datacrack/annotations/training/BCL_f1787.png,train,BCL,QUARANTINE_UNCERTIFIED_EMPTY_GT,untrusted empty-GT in contaminated source
BCL_f1789.png,/hdd1/hieulc/datacrack/images/training/BCL_f1789.png,/hdd1/hieulc/datacrack/annotations/training/BCL_f1789.png,train,BCL,QUARANTINE_UNCERTIFIED_EMPTY_GT,untrusted empty-GT in contaminated source
BCL_f179.png,/hdd1/hieulc/datacrack/images/training/BCL_f179.png,/hdd1/hieulc/datacrack/annotations/training/BCL_f179.png,train,BCL,QUARANTINE_UNCERTIFIED_EMPTY_GT,untrusted empty-GT in contaminated source
BCL_f1790.png,/hdd1/hieulc/datacrack/images/training/BCL_f1790.png,/hdd1/hieulc/datacrack/annotations/training/BCL_f1790.png,train,BCL,QUARANTINE_UNCERTIFIED_EMPTY_GT,untrusted empty-GT in contaminated source
BCL_f1791.png,/hdd1/hieulc/datacrack/images/training/BCL_f1791.png,/hdd1/hieulc/datacrack/annotations/training/BCL_f1791.png,train,BCL,QUARANTINE_UNCERTIFIED_EMPTY_GT,untrusted empty-GT in contaminated source
BCL_f1792.png,/hdd1/hieulc/datacrack/images/training/BCL_f1792.png,/hdd1/hieulc/datacrack/annotations/training/BCL_f1792.png,train,BCL,QUARANTINE_UNCERTIFIED_EMPTY_GT,untrusted empty-GT in contaminated source
BCL_f1793.png,/hdd1/hieulc/datacrack/images/training/BCL_f1793.png,/hdd1/hieulc/datacrack/annotations/training/BCL_f1793.png,train,BCL,QUARANTINE_UNCERTIFIED_EMPTY_GT,untrusted empty-GT in contaminated source
BCL_f1794.png,/hdd1/hieulc/datacrack/images/training/BCL_f1794.png,/hdd1/hieulc/datacrack/annotations/training/BCL_f1794.png,train,BCL,QUARANTINE_UNCERTIFIED_EMPTY_GT,untrusted empty-GT in contaminated source
BCL_f1795.png,/hdd1/hieulc/datacrack/images/training/BCL_f1795.png,/hdd1/hieulc/datacrack/annotations/training/BCL_f1795.png,train,BCL,QUARANTINE_UNCERTIFIED_EMPTY_GT,untrusted empty-GT in contaminated source
BCL_f1797.png,/hdd1/hieulc/datacrack/images/training/BCL_f1797.png,/hdd1/hieulc/datacrack/annotations/training/BCL_f1797.png,train,BCL,QUARANTINE_UNCERTIFIED_EMPTY_GT,untrusted empty-GT in contaminated source
BCL_f1798.png,/hdd1/hieulc/datacrack/images/training/BCL_f1798.png,/hdd1/hieulc/datacrack/annotations/training/BCL_f1798.png,train,BCL,QUARANTINE_UNCERTIFIED_EMPTY_GT,untrusted empty-GT in contaminated source
BCL_f1799.png,/hdd1/hieulc/datacrack/images/training/BCL_f1799.png,/hdd1/hieulc/datacrack/annotations/training/BCL_f1799.png,train,BCL,QUARANTINE_UNCERTIFIED_EMPTY_GT,untrusted empty-GT in contaminated source
BCL_f180.png,/hdd1/hieulc/datacrack/images/training/BCL_f180.png,/hdd1/hieulc/datacrack/annotations/training/BCL_f180.png,train,BCL,QUARANTINE_UNCERTIFIED_EMPTY_GT,untrusted empty-GT in contaminated source
BCL_f1800.png,/hdd1/hieulc/datacrack/images/training/BCL_f1800.png,/hdd1/hieulc/datacrack/annotations/training/BCL_f1800.png,train,BCL,QUARANTINE_UNCERTIFIED_EMPTY_GT,untrusted empty-GT in contaminated source
BCL_f1802.png,/hdd1/hieulc/datacrack/images/training/BCL_f1802.png,/hdd1/hieulc/datacrack/annotations/training/BCL_f1802.png,train,BCL,QUARANTINE_UNCERTIFIED_EMPTY_GT,untrusted empty-GT in contaminated source
BCL_f1803.png,/hdd1/hieulc/datacrack/images/training/BCL_f1803.png,/hdd1/hieulc/datacrack/annotations/training/BCL_f1803.png,train,BCL,QUARANTINE_UNCERTIFIED_EMPTY_GT,untrusted empty-GT in contaminated source
BCL_f1804.png,/hdd1/hieulc/datacrack/images/training/BCL_f1804.png,/hdd1/hieulc/datacrack/annotations/training/BCL_f1804.png,train,BCL,QUARANTINE_UNCERTIFIED_EMPTY_GT,untrusted empty-GT in contaminated source
BCL_f1805.png,/hdd1/hieulc/datacrack/images/training/BCL_f1805.png,/hdd1/hieulc/datacrack/annotations/training/BCL_f1805.png,train,BCL,QUARANTINE_UNCERTIFIED_EMPTY_GT,untrusted empty-GT in contaminated source
BCL_f1806.png,/hdd1/hieulc/datacrack/images/training/BCL_f1806.png,/hdd1/hieulc/datacrack/annotations/training/BCL_f1806.png,train,BCL,QUARANTINE_UNCERTIFIED_EMPTY_GT,untrusted empty-GT in contaminated source
BCL_f1807.png,/hdd1/hieulc/datacrack/images/training/BCL_f1807.png,/hdd1/hieulc/datacrack/annotations/training/BCL_f1807.png,train,BCL,QUARANTINE_UNCERTIFIED_EMPTY_GT,untrusted empty-GT in contaminated source
BCL_f1808.png,/hdd1/hieulc/datacrack/images/training/BCL_f1808.png,/hdd1/hieulc/datacrack/annotations/training/BCL_f1808.png,train,BCL,QUARANTINE_UNCERTIFIED_EMPTY_GT,untrusted empty-GT in contaminated source
BCL_f1809.png,/hdd1/hieulc/datacrack/images/training/BCL_f1809.png,/hdd1/hieulc/datacrack/annotations/training/BCL_f1809.png,train,BCL,QUARANTINE_UNCERTIFIED_EMPTY_GT,untrusted empty-GT in contaminated source
BCL_f181.png,/hdd1/hieulc/datacrack/images/training/BCL_f181.png,/hdd1/hieulc/datacrack/annotations/training/BCL_f181.png,train,BCL,QUARANTINE_UNCERTIFIED_EMPTY_GT,untrusted empty-GT in contaminated source
BCL_f1810.png,/hdd1/hieulc/datacrack/images/training/BCL_f1810.png,/hdd1/hieulc/datacrack/annotations/training/BCL_f1810.png,train,BCL,QUARANTINE_UNCERTIFIED_EMPTY_GT,untrusted empty-GT in contaminated source
BCL_f1811.png,/hdd1/hieulc/datacrack/images/training/BCL_f1811.png,/hdd1/hieulc/datacrack/annotations/training/BCL_f1811.png,train,BCL,QUARANTINE_UNCERTIFIED_EMPTY_GT,untrusted empty-GT in contaminated source
BCL_f1813.png,/hdd1/hieulc/datacrack/images/training/BCL_f1813.png,/hdd1/hieulc/datacrack/annotations/training/BCL_f1813.png,train,BCL,QUARANTINE_UNCERTIFIED_EMPTY_GT,untrusted empty-GT in contaminated source
BCL_f1814.png,/hdd1/hieulc/datacrack/images/training/BCL_f1814.png,/hdd1/hieulc/datacrack/annotations/training/BCL_f1814.png,train,BCL,QUARANTINE_UNCERTIFIED_EMPTY_GT,untrusted empty-GT in contaminated source
BCL_f1816.png,/hdd1/hieulc/datacrack/images/training/BCL_f1816.png,/hdd1/hieulc/datacrack/annotations/training/BCL_f1816.png,train,BCL,QUARANTINE_UNCERTIFIED_EMPTY_GT,untrusted empty-GT in contaminated source
BCL_f1817.png,/hdd1/hieulc/datacrack/images/training/BCL_f1817.png,/hdd1/hieulc/datacrack/annotations/training/BCL_f1817.png,train,BCL,QUARANTINE_UNCERTIFIED_EMPTY_GT,untrusted empty-GT in contaminated source
BCL_f1818.png,/hdd1/hieulc/datacrack/images/training/BCL_f1818.png,/hdd1/hieulc/datacrack/annotations/training/BCL_f1818.png,train,BCL,QUARANTINE_UNCERTIFIED_EMPTY_GT,untrusted empty-GT in contaminated source
BCL_f1819.png,/hdd1/hieulc/datacrack/images/training/BCL_f1819.png,/hdd1/hieulc/datacrack/annotations/training/BCL_f1819.png,train,BCL,QUARANTINE_UNCERTIFIED_EMPTY_GT,untrusted empty-GT in contaminated source
BCL_f182.png,/hdd1/hieulc/datacrack/images/training/BCL_f182.png,/hdd1/hieulc/datacrack/annotations/training/BCL_f182.png,train,BCL,QUARANTINE_UNCERTIFIED_EMPTY_GT,untrusted empty-GT in contaminated source
BCL_f1820.png,/hdd1/hieulc/datacrack/images/training/BCL_f1820.png,/hdd1/hieulc/datacrack/annotations/training/BCL_f1820.png,train,BCL,QUARANTINE_UNCERTIFIED_EMPTY_GT,untrusted empty-GT in contaminated source
BCL_f1821.png,/hdd1/hieulc/datacrack/images/training/BCL_f1821.png,/hdd1/hieulc/datacrack/annotations/training/BCL_f1821.png,train,BCL,QUARANTINE_UNCERTIFIED_EMPTY_GT,untrusted empty-GT in contaminated source
BCL_f1822.png,/hdd1/hieulc/datacrack/images/training/BCL_f1822.png,/hdd1/hieulc/datacrack/annotations/training/BCL_f1822.png,train,BCL,QUARANTINE_UNCERTIFIED_EMPTY_GT,untrusted empty-GT in contaminated source
BCL_f1823.png,/hdd1/hieulc/datacrack/images/training/BCL_f1823.png,/hdd1/hieulc/datacrack/annotations/training/BCL_f1823.png,train,BCL,QUARANTINE_UNCERTIFIED_EMPTY_GT,untrusted empty-GT in contaminated source
BCL_f1824.png,/hdd1/hieulc/datacrack/images/training/BCL_f1824.png,/hdd1/hieulc/datacrack/annotations/training/BCL_f1824.png,train,BCL,QUARANTINE_UNCERTIFIED_EMPTY_GT,untrusted empty-GT in contaminated source
BCL_f1826.png,/hdd1/hieulc/datacrack/images/training/BCL_f1826.png,/hdd1/hieulc/datacrack/annotations/training/BCL_f1826.png,train,BCL,QUARANTINE_UNCERTIFIED_EMPTY_GT,untrusted empty-GT in contaminated source
BCL_f1828.png,/hdd1/hieulc/datacrack/images/training/BCL_f1828.png,/hdd1/hieulc/datacrack/annotations/training/BCL_f1828.png,train,BCL,QUARANTINE_UNCERTIFIED_EMPTY_GT,untrusted empty-GT in contaminated source
BCL_f1829.png,/hdd1/hieulc/datacrack/images/training/BCL_f1829.png,/hdd1/hieulc/datacrack/annotations/training/BCL_f1829.png,train,BCL,QUARANTINE_UNCERTIFIED_EMPTY_GT,untrusted empty-GT in contaminated source
BCL_f183.png,/hdd1/hieulc/datacrack/images/training/BCL_f183.png,/hdd1/hieulc/datacrack/annotations/training/BCL_f183.png,train,BCL,QUARANTINE_UNCERTIFIED_EMPTY_GT,untrusted empty-GT in contaminated source
BCL_f1830.png,/hdd1/hieulc/datacrack/images/training/BCL_f1830.png,/hdd1/hieulc/datacrack/annotations/training/BCL_f1830.png,train,BCL,QUARANTINE_UNCERTIFIED_EMPTY_GT,untrusted empty-GT in contaminated source
BCL_f1831.png,/hdd1/hieulc/datacrack/images/training/BCL_f1831.png,/hdd1/hieulc/datacrack/annotations/training/BCL_f1831.png,train,BCL,QUARANTINE_UNCERTIFIED_EMPTY_GT,untrusted empty-GT in contaminated source
BCL_f1832.png,/hdd1/hieulc/datacrack/images/training/BCL_f1832.png,/hdd1/hieulc/datacrack/annotations/training/BCL_f1832.png,train,BCL,QUARANTINE_UNCERTIFIED_EMPTY_GT,untrusted empty-GT in contaminated source
BCL_f1834.png,/hdd1/hieulc/datacrack/images/training/BCL_f1834.png,/hdd1/hieulc/datacrack/annotations/training/BCL_f1834.png,train,BCL,QUARANTINE_UNCERTIFIED_EMPTY_GT,untrusted empty-GT in contaminated source
BCL_f1835.png,/hdd1/hieulc/datacrack/images/training/BCL_f1835.png,/hdd1/hieulc/datacrack/annotations/training/BCL_f1835.png,train,BCL,QUARANTINE_UNCERTIFIED_EMPTY_GT,untrusted empty-GT in contaminated source
BCL_f1837.png,/hdd1/hieulc/datacrack/images/training/BCL_f1837.png,/hdd1/hieulc/datacrack/annotations/training/BCL_f1837.png,train,BCL,QUARANTINE_UNCERTIFIED_EMPTY_GT,untrusted empty-GT in contaminated source
BCL_f1838.png,/hdd1/hieulc/datacrack/images/training/BCL_f1838.png,/hdd1/hieulc/datacrack/annotations/training/BCL_f1838.png,train,BCL,QUARANTINE_UNCERTIFIED_EMPTY_GT,untrusted empty-GT in contaminated source
BCL_f1839.png,/hdd1/hieulc/datacrack/images/training/BCL_f1839.png,/hdd1/hieulc/datacrack/annotations/training/BCL_f1839.png,train,BCL,QUARANTINE_UNCERTIFIED_EMPTY_GT,untrusted empty-GT in contaminated source
BCL_f184.png,/hdd1/hieulc/datacrack/images/training/BCL_f184.png,/hdd1/hieulc/datacrack/annotations/training/BCL_f184.png,train,BCL,QUARANTINE_UNCERTIFIED_EMPTY_GT,untrusted empty-GT in contaminated source
BCL_f1840.png,/hdd1/hieulc/datacrack/images/training/BCL_f1840.png,/hdd1/hieulc/datacrack/annotations/training/BCL_f1840.png,train,BCL,QUARANTINE_UNCERTIFIED_EMPTY_GT,untrusted empty-GT in contaminated source
BCL_f1841.png,/hdd1/hieulc/datacrack/images/training/BCL_f1841.png,/hdd1/hieulc/datacrack/annotations/training/BCL_f1841.png,train,BCL,QUARANTINE_UNCERTIFIED_EMPTY_GT,untrusted empty-GT in contaminated source
BCL_f1842.png,/hdd1/hieulc/datacrack/images/training/BCL_f1842.png,/hdd1/hieulc/datacrack/annotations/training/BCL_f1842.png,train,BCL,QUARANTINE_UNCERTIFIED_EMPTY_GT,untrusted empty-GT in contaminated source
BCL_f1843.png,/hdd1/hieulc/datacrack/images/training/BCL_f1843.png,/hdd1/hieulc/datacrack/annotations/training/BCL_f1843.png,train,BCL,QUARANTINE_UNCERTIFIED_EMPTY_GT,untrusted empty-GT in contaminated source
BCL_f1844.png,/hdd1/hieulc/datacrack/images/training/BCL_f1844.png,/hdd1/hieulc/datacrack/annotations/training/BCL_f1844.png,train,BCL,QUARANTINE_UNCERTIFIED_EMPTY_GT,untrusted empty-GT in contaminated source
BCL_f1845.png,/hdd1/hieulc/datacrack/images/training/BCL_f1845.png,/hdd1/hieulc/datacrack/annotations/training/BCL_f1845.png,train,BCL,QUARANTINE_UNCERTIFIED_EMPTY_GT,untrusted empty-GT in contaminated source
BCL_f1846.png,/hdd1/hieulc/datacrack/images/training/BCL_f1846.png,/hdd1/hieulc/datacrack/annotations/training/BCL_f1846.png,train,BCL,QUARANTINE_UNCERTIFIED_EMPTY_GT,untrusted empty-GT in contaminated source
BCL_f1847.png,/hdd1/hieulc/datacrack/images/training/BCL_f1847.png,/hdd1/hieulc/datacrack/annotations/training/BCL_f1847.png,train,BCL,QUARANTINE_UNCERTIFIED_EMPTY_GT,untrusted empty-GT in contaminated source
BCL_f1848.png,/hdd1/hieulc/datacrack/images/training/BCL_f1848.png,/hdd1/hieulc/datacrack/annotations/training/BCL_f1848.png,train,BCL,QUARANTINE_UNCERTIFIED_EMPTY_GT,untrusted empty-GT in contaminated source
BCL_f185.png,/hdd1/hieulc/datacrack/images/training/BCL_f185.png,/hdd1/hieulc/datacrack/annotations/training/BCL_f185.png,train,BCL,QUARANTINE_UNCERTIFIED_EMPTY_GT,untrusted empty-GT in contaminated source
BCL_f1851.png,/hdd1/hieulc/datacrack/images/training/BCL_f1851.png,/hdd1/hieulc/datacrack/annotations/training/BCL_f1851.png,train,BCL,QUARANTINE_UNCERTIFIED_EMPTY_GT,untrusted empty-GT in contaminated source
BCL_f1852.png,/hdd1/hieulc/datacrack/images/training/BCL_f1852.png,/hdd1/hieulc/datacrack/annotations/training/BCL_f1852.png,train,BCL,QUARANTINE_UNCERTIFIED_EMPTY_GT,untrusted empty-GT in contaminated source
BCL_f1855.png,/hdd1/hieulc/datacrack/images/training/BCL_f1855.png,/hdd1/hieulc/datacrack/annotations/training/BCL_f1855.png,train,BCL,QUARANTINE_UNCERTIFIED_EMPTY_GT,untrusted empty-GT in contaminated source
BCL_f1856.png,/hdd1/hieulc/datacrack/images/training/BCL_f1856.png,/hdd1/hieulc/datacrack/annotations/training/BCL_f1856.png,train,BCL,QUARANTINE_UNCERTIFIED_EMPTY_GT,untrusted empty-GT in contaminated source
BCL_f1857.png,/hdd1/hieulc/datacrack/images/training/BCL_f1857.png,/hdd1/hieulc/datacrack/annotations/training/BCL_f1857.png,train,BCL,QUARANTINE_UNCERTIFIED_EMPTY_GT,untrusted empty-GT in contaminated source
BCL_f1858.png,/hdd1/hieulc/datacrack/images/training/BCL_f1858.png,/hdd1/hieulc/datacrack/annotations/training/BCL_f1858.png,train,BCL,QUARANTINE_UNCERTIFIED_EMPTY_GT,untrusted empty-GT in contaminated source
BCL_f1859.png,/hdd1/hieulc/datacrack/images/training/BCL_f1859.png,/hdd1/hieulc/datacrack/annotations/training/BCL_f1859.png,train,BCL,QUARANTINE_UNCERTIFIED_EMPTY_GT,untrusted empty-GT in contaminated source
BCL_f186.png,/hdd1/hieulc/datacrack/images/training/BCL_f186.png,/hdd1/hieulc/datacrack/annotations/training/BCL_f186.png,train,BCL,QUARANTINE_UNCERTIFIED_EMPTY_GT,untrusted empty-GT in contaminated source
BCL_f1861.png,/hdd1/hieulc/datacrack/images/training/BCL_f1861.png,/hdd1/hieulc/datacrack/annotations/training/BCL_f1861.png,train,BCL,QUARANTINE_UNCERTIFIED_EMPTY_GT,untrusted empty-GT in contaminated source
BCL_f1863.png,/hdd1/hieulc/datacrack/images/training/BCL_f1863.png,/hdd1/hieulc/datacrack/annotations/training/BCL_f1863.png,train,BCL,QUARANTINE_UNCERTIFIED_EMPTY_GT,untrusted empty-GT in contaminated source
BCL_f1864.png,/hdd1/hieulc/datacrack/images/training/BCL_f1864.png,/hdd1/hieulc/datacrack/annotations/training/BCL_f1864.png,train,BCL,QUARANTINE_UNCERTIFIED_EMPTY_GT,untrusted empty-GT in contaminated source
BCL_f1865.png,/hdd1/hieulc/datacrack/images/training/BCL_f1865.png,/hdd1/hieulc/datacrack/annotations/training/BCL_f1865.png,train,BCL,QUARANTINE_UNCERTIFIED_EMPTY_GT,untrusted empty-GT in contaminated source
BCL_f1866.png,/hdd1/hieulc/datacrack/images/training/BCL_f1866.png,/hdd1/hieulc/datacrack/annotations/training/BCL_f1866.png,train,BCL,QUARANTINE_UNCERTIFIED_EMPTY_GT,untrusted empty-GT in contaminated source
BCL_f1867.png,/hdd1/hieulc/datacrack/images/training/BCL_f1867.png,/hdd1/hieulc/datacrack/annotations/training/BCL_f1867.png,train,BCL,QUARANTINE_UNCERTIFIED_EMPTY_GT,untrusted empty-GT in contaminated source
BCL_f1868.png,/hdd1/hieulc/datacrack/images/training/BCL_f1868.png,/hdd1/hieulc/datacrack/annotations/training/BCL_f1868.png,train,BCL,QUARANTINE_UNCERTIFIED_EMPTY_GT,untrusted empty-GT in contaminated source
BCL_f1869.png,/hdd1/hieulc/datacrack/images/training/BCL_f1869.png,/hdd1/hieulc/datacrack/annotations/training/BCL_f1869.png,train,BCL,QUARANTINE_UNCERTIFIED_EMPTY_GT,untrusted empty-GT in contaminated source
BCL_f187.png,/hdd1/hieulc/datacrack/images/training/BCL_f187.png,/hdd1/hieulc/datacrack/annotations/training/BCL_f187.png,train,BCL,QUARANTINE_UNCERTIFIED_EMPTY_GT,untrusted empty-GT in contaminated source
BCL_f1870.png,/hdd1/hieulc/datacrack/images/training/BCL_f1870.png,/hdd1/hieulc/datacrack/annotations/training/BCL_f1870.png,train,BCL,QUARANTINE_UNCERTIFIED_EMPTY_GT,untrusted empty-GT in contaminated source
BCL_f1872.png,/hdd1/hieulc/datacrack/images/training/BCL_f1872.png,/hdd1/hieulc/datacrack/annotations/training/BCL_f1872.png,train,BCL,QUARANTINE_UNCERTIFIED_EMPTY_GT,untrusted empty-GT in contaminated source
BCL_f1873.png,/hdd1/hieulc/datacrack/images/training/BCL_f1873.png,/hdd1/hieulc/datacrack/annotations/training/BCL_f1873.png,train,BCL,QUARANTINE_UNCERTIFIED_EMPTY_GT,untrusted empty-GT in contaminated source
BCL_f1876.png,/hdd1/hieulc/datacrack/images/training/BCL_f1876.png,/hdd1/hieulc/datacrack/annotations/training/BCL_f1876.png,train,BCL,QUARANTINE_UNCERTIFIED_EMPTY_GT,untrusted empty-GT in contaminated source
BCL_f1877.png,/hdd1/hieulc/datacrack/images/training/BCL_f1877.png,/hdd1/hieulc/datacrack/annotations/training/BCL_f1877.png,train,BCL,QUARANTINE_UNCERTIFIED_EMPTY_GT,untrusted empty-GT in contaminated source
BCL_f1878.png,/hdd1/hieulc/datacrack/images/training/BCL_f1878.png,/hdd1/hieulc/datacrack/annotations/training/BCL_f1878.png,train,BCL,QUARANTINE_UNCERTIFIED_EMPTY_GT,untrusted empty-GT in contaminated source
BCL_f1879.png,/hdd1/hieulc/datacrack/images/training/BCL_f1879.png,/hdd1/hieulc/datacrack/annotations/training/BCL_f1879.png,train,BCL,QUARANTINE_UNCERTIFIED_EMPTY_GT,untrusted empty-GT in contaminated source
BCL_f1880.png,/hdd1/hieulc/datacrack/images/training/BCL_f1880.png,/hdd1/hieulc/datacrack/annotations/training/BCL_f1880.png,train,BCL,QUARANTINE_UNCERTIFIED_EMPTY_GT,untrusted empty-GT in contaminated source
BCL_f1881.png,/hdd1/hieulc/datacrack/images/training/BCL_f1881.png,/hdd1/hieulc/datacrack/annotations/training/BCL_f1881.png,train,BCL,QUARANTINE_UNCERTIFIED_EMPTY_GT,untrusted empty-GT in contaminated source
BCL_f1882.png,/hdd1/hieulc/datacrack/images/training/BCL_f1882.png,/hdd1/hieulc/datacrack/annotations/training/BCL_f1882.png,train,BCL,QUARANTINE_UNCERTIFIED_EMPTY_GT,untrusted empty-GT in contaminated source
BCL_f1883.png,/hdd1/hieulc/datacrack/images/training/BCL_f1883.png,/hdd1/hieulc/datacrack/annotations/training/BCL_f1883.png,train,BCL,QUARANTINE_UNCERTIFIED_EMPTY_GT,untrusted empty-GT in contaminated source
BCL_f1884.png,/hdd1/hieulc/datacrack/images/training/BCL_f1884.png,/hdd1/hieulc/datacrack/annotations/training/BCL_f1884.png,train,BCL,QUARANTINE_UNCERTIFIED_EMPTY_GT,untrusted empty-GT in contaminated source
BCL_f1885.png,/hdd1/hieulc/datacrack/images/training/BCL_f1885.png,/hdd1/hieulc/datacrack/annotations/training/BCL_f1885.png,train,BCL,QUARANTINE_UNCERTIFIED_EMPTY_GT,untrusted empty-GT in contaminated source
BCL_f1886.png,/hdd1/hieulc/datacrack/images/training/BCL_f1886.png,/hdd1/hieulc/datacrack/annotations/training/BCL_f1886.png,train,BCL,QUARANTINE_UNCERTIFIED_EMPTY_GT,untrusted empty-GT in contaminated source
BCL_f1887.png,/hdd1/hieulc/datacrack/images/training/BCL_f1887.png,/hdd1/hieulc/datacrack/annotations/training/BCL_f1887.png,train,BCL,QUARANTINE_UNCERTIFIED_EMPTY_GT,untrusted empty-GT in contaminated source
BCL_f1888.png,/hdd1/hieulc/datacrack/images/training/BCL_f1888.png,/hdd1/hieulc/datacrack/annotations/training/BCL_f1888.png,train,BCL,QUARANTINE_UNCERTIFIED_EMPTY_GT,untrusted empty-GT in contaminated source
BCL_f1889.png,/hdd1/hieulc/datacrack/images/training/BCL_f1889.png,/hdd1/hieulc/datacrack/annotations/training/BCL_f1889.png,train,BCL,QUARANTINE_UNCERTIFIED_EMPTY_GT,untrusted empty-GT in contaminated source
BCL_f189.png,/hdd1/hieulc/datacrack/images/training/BCL_f189.png,/hdd1/hieulc/datacrack/annotations/training/BCL_f189.png,train,BCL,QUARANTINE_UNCERTIFIED_EMPTY_GT,untrusted empty-GT in contaminated source
BCL_f1890.png,/hdd1/hieulc/datacrack/images/training/BCL_f1890.png,/hdd1/hieulc/datacrack/annotations/training/BCL_f1890.png,train,BCL,QUARANTINE_UNCERTIFIED_EMPTY_GT,untrusted empty-GT in contaminated source
BCL_f1891.png,/hdd1/hieulc/datacrack/images/training/BCL_f1891.png,/hdd1/hieulc/datacrack/annotations/training/BCL_f1891.png,train,BCL,QUARANTINE_UNCERTIFIED_EMPTY_GT,untrusted empty-GT in contaminated source
BCL_f1892.png,/hdd1/hieulc/datacrack/images/training/BCL_f1892.png,/hdd1/hieulc/datacrack/annotations/training/BCL_f1892.png,train,BCL,QUARANTINE_UNCERTIFIED_EMPTY_GT,untrusted empty-GT in contaminated source
BCL_f1893.png,/hdd1/hieulc/datacrack/images/training/BCL_f1893.png,/hdd1/hieulc/datacrack/annotations/training/BCL_f1893.png,train,BCL,QUARANTINE_UNCERTIFIED_EMPTY_GT,untrusted empty-GT in contaminated source
BCL_f1894.png,/hdd1/hieulc/datacrack/images/training/BCL_f1894.png,/hdd1/hieulc/datacrack/annotations/training/BCL_f1894.png,train,BCL,QUARANTINE_UNCERTIFIED_EMPTY_GT,untrusted empty-GT in contaminated source
BCL_f1895.png,/hdd1/hieulc/datacrack/images/training/BCL_f1895.png,/hdd1/hieulc/datacrack/annotations/training/BCL_f1895.png,train,BCL,QUARANTINE_UNCERTIFIED_EMPTY_GT,untrusted empty-GT in contaminated source
BCL_f1897.png,/hdd1/hieulc/datacrack/images/training/BCL_f1897.png,/hdd1/hieulc/datacrack/annotations/training/BCL_f1897.png,train,BCL,QUARANTINE_UNCERTIFIED_EMPTY_GT,untrusted empty-GT in contaminated source
BCL_f1898.png,/hdd1/hieulc/datacrack/images/training/BCL_f1898.png,/hdd1/hieulc/datacrack/annotations/training/BCL_f1898.png,train,BCL,QUARANTINE_UNCERTIFIED_EMPTY_GT,untrusted empty-GT in contaminated source
BCL_f1899.png,/hdd1/hieulc/datacrack/images/training/BCL_f1899.png,/hdd1/hieulc/datacrack/annotations/training/BCL_f1899.png,train,BCL,QUARANTINE_UNCERTIFIED_EMPTY_GT,untrusted empty-GT in contaminated source
BCL_f19.png,/hdd1/hieulc/datacrack/images/training/BCL_f19.png,/hdd1/hieulc/datacrack/annotations/training/BCL_f19.png,train,BCL,QUARANTINE_UNCERTIFIED_EMPTY_GT,untrusted empty-GT in contaminated source
BCL_f1900.png,/hdd1/hieulc/datacrack/images/training/BCL_f1900.png,/hdd1/hieulc/datacrack/annotations/training/BCL_f1900.png,train,BCL,QUARANTINE_UNCERTIFIED_EMPTY_GT,untrusted empty-GT in contaminated source
BCL_f1901.png,/hdd1/hieulc/datacrack/images/training/BCL_f1901.png,/hdd1/hieulc/datacrack/annotations/training/BCL_f1901.png,train,BCL,QUARANTINE_UNCERTIFIED_EMPTY_GT,untrusted empty-GT in contaminated source
BCL_f1902.png,/hdd1/hieulc/datacrack/images/training/BCL_f1902.png,/hdd1/hieulc/datacrack/annotations/training/BCL_f1902.png,train,BCL,QUARANTINE_UNCERTIFIED_EMPTY_GT,untrusted empty-GT in contaminated source
BCL_f1904.png,/hdd1/hieulc/datacrack/images/training/BCL_f1904.png,/hdd1/hieulc/datacrack/annotations/training/BCL_f1904.png,train,BCL,QUARANTINE_UNCERTIFIED_EMPTY_GT,untrusted empty-GT in contaminated source
BCL_f1906.png,/hdd1/hieulc/datacrack/images/training/BCL_f1906.png,/hdd1/hieulc/datacrack/annotations/training/BCL_f1906.png,train,BCL,QUARANTINE_UNCERTIFIED_EMPTY_GT,untrusted empty-GT in contaminated source
BCL_f1907.png,/hdd1/hieulc/datacrack/images/training/BCL_f1907.png,/hdd1/hieulc/datacrack/annotations/training/BCL_f1907.png,train,BCL,QUARANTINE_UNCERTIFIED_EMPTY_GT,untrusted empty-GT in contaminated source
BCL_f1908.png,/hdd1/hieulc/datacrack/images/training/BCL_f1908.png,/hdd1/hieulc/datacrack/annotations/training/BCL_f1908.png,train,BCL,QUARANTINE_UNCERTIFIED_EMPTY_GT,untrusted empty-GT in contaminated source
BCL_f1909.png,/hdd1/hieulc/datacrack/images/training/BCL_f1909.png,/hdd1/hieulc/datacrack/annotations/training/BCL_f1909.png,train,BCL,QUARANTINE_UNCERTIFIED_EMPTY_GT,untrusted empty-GT in contaminated source
BCL_f191.png,/hdd1/hieulc/datacrack/images/training/BCL_f191.png,/hdd1/hieulc/datacrack/annotations/training/BCL_f191.png,train,BCL,QUARANTINE_UNCERTIFIED_EMPTY_GT,untrusted empty-GT in contaminated source
BCL_f1910.png,/hdd1/hieulc/datacrack/images/training/BCL_f1910.png,/hdd1/hieulc/datacrack/annotations/training/BCL_f1910.png,train,BCL,QUARANTINE_UNCERTIFIED_EMPTY_GT,untrusted empty-GT in contaminated source
BCL_f1911.png,/hdd1/hieulc/datacrack/images/training/BCL_f1911.png,/hdd1/hieulc/datacrack/annotations/training/BCL_f1911.png,train,BCL,QUARANTINE_UNCERTIFIED_EMPTY_GT,untrusted empty-GT in contaminated source
BCL_f1912.png,/hdd1/hieulc/datacrack/images/training/BCL_f1912.png,/hdd1/hieulc/datacrack/annotations/training/BCL_f1912.png,train,BCL,QUARANTINE_UNCERTIFIED_EMPTY_GT,untrusted empty-GT in contaminated source
BCL_f1915.png,/hdd1/hieulc/datacrack/images/training/BCL_f1915.png,/hdd1/hieulc/datacrack/annotations/training/BCL_f1915.png,train,BCL,QUARANTINE_UNCERTIFIED_EMPTY_GT,untrusted empty-GT in contaminated source
BCL_f1916.png,/hdd1/hieulc/datacrack/images/training/BCL_f1916.png,/hdd1/hieulc/datacrack/annotations/training/BCL_f1916.png,train,BCL,QUARANTINE_UNCERTIFIED_EMPTY_GT,untrusted empty-GT in contaminated source
BCL_f1917.png,/hdd1/hieulc/datacrack/images/training/BCL_f1917.png,/hdd1/hieulc/datacrack/annotations/training/BCL_f1917.png,train,BCL,QUARANTINE_UNCERTIFIED_EMPTY_GT,untrusted empty-GT in contaminated source
BCL_f1918.png,/hdd1/hieulc/datacrack/images/training/BCL_f1918.png,/hdd1/hieulc/datacrack/annotations/training/BCL_f1918.png,train,BCL,QUARANTINE_UNCERTIFIED_EMPTY_GT,untrusted empty-GT in contaminated source
BCL_f1919.png,/hdd1/hieulc/datacrack/images/training/BCL_f1919.png,/hdd1/hieulc/datacrack/annotations/training/BCL_f1919.png,train,BCL,QUARANTINE_UNCERTIFIED_EMPTY_GT,untrusted empty-GT in contaminated source
BCL_f192.png,/hdd1/hieulc/datacrack/images/training/BCL_f192.png,/hdd1/hieulc/datacrack/annotations/training/BCL_f192.png,train,BCL,QUARANTINE_UNCERTIFIED_EMPTY_GT,untrusted empty-GT in contaminated source
BCL_f1920.png,/hdd1/hieulc/datacrack/images/training/BCL_f1920.png,/hdd1/hieulc/datacrack/annotations/training/BCL_f1920.png,train,BCL,QUARANTINE_UNCERTIFIED_EMPTY_GT,untrusted empty-GT in contaminated source
BCL_f1922.png,/hdd1/hieulc/datacrack/images/training/BCL_f1922.png,/hdd1/hieulc/datacrack/annotations/training/BCL_f1922.png,train,BCL,QUARANTINE_UNCERTIFIED_EMPTY_GT,untrusted empty-GT in contaminated source
BCL_f1923.png,/hdd1/hieulc/datacrack/images/training/BCL_f1923.png,/hdd1/hieulc/datacrack/annotations/training/BCL_f1923.png,train,BCL,QUARANTINE_UNCERTIFIED_EMPTY_GT,untrusted empty-GT in contaminated source
BCL_f1924.png,/hdd1/hieulc/datacrack/images/training/BCL_f1924.png,/hdd1/hieulc/datacrack/annotations/training/BCL_f1924.png,train,BCL,QUARANTINE_UNCERTIFIED_EMPTY_GT,untrusted empty-GT in contaminated source
BCL_f1926.png,/hdd1/hieulc/datacrack/images/training/BCL_f1926.png,/hdd1/hieulc/datacrack/annotations/training/BCL_f1926.png,train,BCL,QUARANTINE_UNCERTIFIED_EMPTY_GT,untrusted empty-GT in contaminated source
BCL_f1927.png,/hdd1/hieulc/datacrack/images/training/BCL_f1927.png,/hdd1/hieulc/datacrack/annotations/training/BCL_f1927.png,train,BCL,QUARANTINE_UNCERTIFIED_EMPTY_GT,untrusted empty-GT in contaminated source
BCL_f1928.png,/hdd1/hieulc/datacrack/images/training/BCL_f1928.png,/hdd1/hieulc/datacrack/annotations/training/BCL_f1928.png,train,BCL,QUARANTINE_UNCERTIFIED_EMPTY_GT,untrusted empty-GT in contaminated source
BCL_f1929.png,/hdd1/hieulc/datacrack/images/training/BCL_f1929.png,/hdd1/hieulc/datacrack/annotations/training/BCL_f1929.png,train,BCL,QUARANTINE_UNCERTIFIED_EMPTY_GT,untrusted empty-GT in contaminated source
BCL_f193.png,/hdd1/hieulc/datacrack/images/training/BCL_f193.png,/hdd1/hieulc/datacrack/annotations/training/BCL_f193.png,train,BCL,QUARANTINE_UNCERTIFIED_EMPTY_GT,untrusted empty-GT in contaminated source
BCL_f1930.png,/hdd1/hieulc/datacrack/images/training/BCL_f1930.png,/hdd1/hieulc/datacrack/annotations/training/BCL_f1930.png,train,BCL,QUARANTINE_UNCERTIFIED_EMPTY_GT,untrusted empty-GT in contaminated source
BCL_f1931.png,/hdd1/hieulc/datacrack/images/training/BCL_f1931.png,/hdd1/hieulc/datacrack/annotations/training/BCL_f1931.png,train,BCL,QUARANTINE_UNCERTIFIED_EMPTY_GT,untrusted empty-GT in contaminated source
BCL_f1932.png,/hdd1/hieulc/datacrack/images/training/BCL_f1932.png,/hdd1/hieulc/datacrack/annotations/training/BCL_f1932.png,train,BCL,QUARANTINE_UNCERTIFIED_EMPTY_GT,untrusted empty-GT in contaminated source
BCL_f1933.png,/hdd1/hieulc/datacrack/images/training/BCL_f1933.png,/hdd1/hieulc/datacrack/annotations/training/BCL_f1933.png,train,BCL,QUARANTINE_UNCERTIFIED_EMPTY_GT,untrusted empty-GT in contaminated source
BCL_f1934.png,/hdd1/hieulc/datacrack/images/training/BCL_f1934.png,/hdd1/hieulc/datacrack/annotations/training/BCL_f1934.png,train,BCL,QUARANTINE_UNCERTIFIED_EMPTY_GT,untrusted empty-GT in contaminated source
BCL_f1935.png,/hdd1/hieulc/datacrack/images/training/BCL_f1935.png,/hdd1/hieulc/datacrack/annotations/training/BCL_f1935.png,train,BCL,QUARANTINE_UNCERTIFIED_EMPTY_GT,untrusted empty-GT in contaminated source
BCL_f1936.png,/hdd1/hieulc/datacrack/images/training/BCL_f1936.png,/hdd1/hieulc/datacrack/annotations/training/BCL_f1936.png,train,BCL,QUARANTINE_UNCERTIFIED_EMPTY_GT,untrusted empty-GT in contaminated source
BCL_f1937.png,/hdd1/hieulc/datacrack/images/training/BCL_f1937.png,/hdd1/hieulc/datacrack/annotations/training/BCL_f1937.png,train,BCL,QUARANTINE_UNCERTIFIED_EMPTY_GT,untrusted empty-GT in contaminated source
BCL_f1938.png,/hdd1/hieulc/datacrack/images/training/BCL_f1938.png,/hdd1/hieulc/datacrack/annotations/training/BCL_f1938.png,train,BCL,QUARANTINE_UNCERTIFIED_EMPTY_GT,untrusted empty-GT in contaminated source
BCL_f1939.png,/hdd1/hieulc/datacrack/images/training/BCL_f1939.png,/hdd1/hieulc/datacrack/annotations/training/BCL_f1939.png,train,BCL,QUARANTINE_UNCERTIFIED_EMPTY_GT,untrusted empty-GT in contaminated source
BCL_f1940.png,/hdd1/hieulc/datacrack/images/training/BCL_f1940.png,/hdd1/hieulc/datacrack/annotations/training/BCL_f1940.png,train,BCL,QUARANTINE_UNCERTIFIED_EMPTY_GT,untrusted empty-GT in contaminated source
BCL_f1941.png,/hdd1/hieulc/datacrack/images/training/BCL_f1941.png,/hdd1/hieulc/datacrack/annotations/training/BCL_f1941.png,train,BCL,QUARANTINE_UNCERTIFIED_EMPTY_GT,untrusted empty-GT in contaminated source
BCL_f1942.png,/hdd1/hieulc/datacrack/images/training/BCL_f1942.png,/hdd1/hieulc/datacrack/annotations/training/BCL_f1942.png,train,BCL,QUARANTINE_UNCERTIFIED_EMPTY_GT,untrusted empty-GT in contaminated source
BCL_f1943.png,/hdd1/hieulc/datacrack/images/training/BCL_f1943.png,/hdd1/hieulc/datacrack/annotations/training/BCL_f1943.png,train,BCL,QUARANTINE_UNCERTIFIED_EMPTY_GT,untrusted empty-GT in contaminated source
BCL_f1944.png,/hdd1/hieulc/datacrack/images/training/BCL_f1944.png,/hdd1/hieulc/datacrack/annotations/training/BCL_f1944.png,train,BCL,QUARANTINE_UNCERTIFIED_EMPTY_GT,untrusted empty-GT in contaminated source
BCL_f1945.png,/hdd1/hieulc/datacrack/images/training/BCL_f1945.png,/hdd1/hieulc/datacrack/annotations/training/BCL_f1945.png,train,BCL,QUARANTINE_UNCERTIFIED_EMPTY_GT,untrusted empty-GT in contaminated source
BCL_f1946.png,/hdd1/hieulc/datacrack/images/training/BCL_f1946.png,/hdd1/hieulc/datacrack/annotations/training/BCL_f1946.png,train,BCL,QUARANTINE_UNCERTIFIED_EMPTY_GT,untrusted empty-GT in contaminated source
BCL_f1947.png,/hdd1/hieulc/datacrack/images/training/BCL_f1947.png,/hdd1/hieulc/datacrack/annotations/training/BCL_f1947.png,train,BCL,QUARANTINE_UNCERTIFIED_EMPTY_GT,untrusted empty-GT in contaminated source
BCL_f195.png,/hdd1/hieulc/datacrack/images/training/BCL_f195.png,/hdd1/hieulc/datacrack/annotations/training/BCL_f195.png,train,BCL,QUARANTINE_UNCERTIFIED_EMPTY_GT,untrusted empty-GT in contaminated source
BCL_f1950.png,/hdd1/hieulc/datacrack/images/training/BCL_f1950.png,/hdd1/hieulc/datacrack/annotations/training/BCL_f1950.png,train,BCL,QUARANTINE_UNCERTIFIED_EMPTY_GT,untrusted empty-GT in contaminated source
BCL_f1951.png,/hdd1/hieulc/datacrack/images/training/BCL_f1951.png,/hdd1/hieulc/datacrack/annotations/training/BCL_f1951.png,train,BCL,QUARANTINE_UNCERTIFIED_EMPTY_GT,untrusted empty-GT in contaminated source
BCL_f1952.png,/hdd1/hieulc/datacrack/images/training/BCL_f1952.png,/hdd1/hieulc/datacrack/annotations/training/BCL_f1952.png,train,BCL,QUARANTINE_UNCERTIFIED_EMPTY_GT,untrusted empty-GT in contaminated source
BCL_f1953.png,/hdd1/hieulc/datacrack/images/training/BCL_f1953.png,/hdd1/hieulc/datacrack/annotations/training/BCL_f1953.png,train,BCL,QUARANTINE_UNCERTIFIED_EMPTY_GT,untrusted empty-GT in contaminated source
BCL_f1957.png,/hdd1/hieulc/datacrack/images/training/BCL_f1957.png,/hdd1/hieulc/datacrack/annotations/training/BCL_f1957.png,train,BCL,QUARANTINE_UNCERTIFIED_EMPTY_GT,untrusted empty-GT in contaminated source
BCL_f1958.png,/hdd1/hieulc/datacrack/images/training/BCL_f1958.png,/hdd1/hieulc/datacrack/annotations/training/BCL_f1958.png,train,BCL,QUARANTINE_UNCERTIFIED_EMPTY_GT,untrusted empty-GT in contaminated source
BCL_f1960.png,/hdd1/hieulc/datacrack/images/training/BCL_f1960.png,/hdd1/hieulc/datacrack/annotations/training/BCL_f1960.png,train,BCL,QUARANTINE_UNCERTIFIED_EMPTY_GT,untrusted empty-GT in contaminated source
BCL_f1961.png,/hdd1/hieulc/datacrack/images/training/BCL_f1961.png,/hdd1/hieulc/datacrack/annotations/training/BCL_f1961.png,train,BCL,QUARANTINE_UNCERTIFIED_EMPTY_GT,untrusted empty-GT in contaminated source
BCL_f1962.png,/hdd1/hieulc/datacrack/images/training/BCL_f1962.png,/hdd1/hieulc/datacrack/annotations/training/BCL_f1962.png,train,BCL,QUARANTINE_UNCERTIFIED_EMPTY_GT,untrusted empty-GT in contaminated source
BCL_f1963.png,/hdd1/hieulc/datacrack/images/training/BCL_f1963.png,/hdd1/hieulc/datacrack/annotations/training/BCL_f1963.png,train,BCL,QUARANTINE_UNCERTIFIED_EMPTY_GT,untrusted empty-GT in contaminated source
BCL_f1965.png,/hdd1/hieulc/datacrack/images/training/BCL_f1965.png,/hdd1/hieulc/datacrack/annotations/training/BCL_f1965.png,train,BCL,QUARANTINE_UNCERTIFIED_EMPTY_GT,untrusted empty-GT in contaminated source
BCL_f1966.png,/hdd1/hieulc/datacrack/images/training/BCL_f1966.png,/hdd1/hieulc/datacrack/annotations/training/BCL_f1966.png,train,BCL,QUARANTINE_UNCERTIFIED_EMPTY_GT,untrusted empty-GT in contaminated source
BCL_f1968.png,/hdd1/hieulc/datacrack/images/training/BCL_f1968.png,/hdd1/hieulc/datacrack/annotations/training/BCL_f1968.png,train,BCL,QUARANTINE_UNCERTIFIED_EMPTY_GT,untrusted empty-GT in contaminated source
BCL_f197.png,/hdd1/hieulc/datacrack/images/training/BCL_f197.png,/hdd1/hieulc/datacrack/annotations/training/BCL_f197.png,train,BCL,QUARANTINE_UNCERTIFIED_EMPTY_GT,untrusted empty-GT in contaminated source
BCL_f1971.png,/hdd1/hieulc/datacrack/images/training/BCL_f1971.png,/hdd1/hieulc/datacrack/annotations/training/BCL_f1971.png,train,BCL,QUARANTINE_UNCERTIFIED_EMPTY_GT,untrusted empty-GT in contaminated source
BCL_f1972.png,/hdd1/hieulc/datacrack/images/training/BCL_f1972.png,/hdd1/hieulc/datacrack/annotations/training/BCL_f1972.png,train,BCL,QUARANTINE_UNCERTIFIED_EMPTY_GT,untrusted empty-GT in contaminated source
BCL_f1973.png,/hdd1/hieulc/datacrack/images/training/BCL_f1973.png,/hdd1/hieulc/datacrack/annotations/training/BCL_f1973.png,train,BCL,QUARANTINE_UNCERTIFIED_EMPTY_GT,untrusted empty-GT in contaminated source
BCL_f1974.png,/hdd1/hieulc/datacrack/images/training/BCL_f1974.png,/hdd1/hieulc/datacrack/annotations/training/BCL_f1974.png,train,BCL,QUARANTINE_UNCERTIFIED_EMPTY_GT,untrusted empty-GT in contaminated source
BCL_f1976.png,/hdd1/hieulc/datacrack/images/training/BCL_f1976.png,/hdd1/hieulc/datacrack/annotations/training/BCL_f1976.png,train,BCL,QUARANTINE_UNCERTIFIED_EMPTY_GT,untrusted empty-GT in contaminated source
BCL_f1977.png,/hdd1/hieulc/datacrack/images/training/BCL_f1977.png,/hdd1/hieulc/datacrack/annotations/training/BCL_f1977.png,train,BCL,QUARANTINE_UNCERTIFIED_EMPTY_GT,untrusted empty-GT in contaminated source
BCL_f1978.png,/hdd1/hieulc/datacrack/images/training/BCL_f1978.png,/hdd1/hieulc/datacrack/annotations/training/BCL_f1978.png,train,BCL,QUARANTINE_UNCERTIFIED_EMPTY_GT,untrusted empty-GT in contaminated source
BCL_f1979.png,/hdd1/hieulc/datacrack/images/training/BCL_f1979.png,/hdd1/hieulc/datacrack/annotations/training/BCL_f1979.png,train,BCL,QUARANTINE_UNCERTIFIED_EMPTY_GT,untrusted empty-GT in contaminated source
BCL_f198.png,/hdd1/hieulc/datacrack/images/training/BCL_f198.png,/hdd1/hieulc/datacrack/annotations/training/BCL_f198.png,train,BCL,QUARANTINE_UNCERTIFIED_EMPTY_GT,untrusted empty-GT in contaminated source
BCL_f1980.png,/hdd1/hieulc/datacrack/images/training/BCL_f1980.png,/hdd1/hieulc/datacrack/annotations/training/BCL_f1980.png,train,BCL,QUARANTINE_UNCERTIFIED_EMPTY_GT,untrusted empty-GT in contaminated source
BCL_f1981.png,/hdd1/hieulc/datacrack/images/training/BCL_f1981.png,/hdd1/hieulc/datacrack/annotations/training/BCL_f1981.png,train,BCL,QUARANTINE_UNCERTIFIED_EMPTY_GT,untrusted empty-GT in contaminated source
BCL_f1982.png,/hdd1/hieulc/datacrack/images/training/BCL_f1982.png,/hdd1/hieulc/datacrack/annotations/training/BCL_f1982.png,train,BCL,QUARANTINE_UNCERTIFIED_EMPTY_GT,untrusted empty-GT in contaminated source
BCL_f1983.png,/hdd1/hieulc/datacrack/images/training/BCL_f1983.png,/hdd1/hieulc/datacrack/annotations/training/BCL_f1983.png,train,BCL,QUARANTINE_UNCERTIFIED_EMPTY_GT,untrusted empty-GT in contaminated source
BCL_f1984.png,/hdd1/hieulc/datacrack/images/training/BCL_f1984.png,/hdd1/hieulc/datacrack/annotations/training/BCL_f1984.png,train,BCL,QUARANTINE_UNCERTIFIED_EMPTY_GT,untrusted empty-GT in contaminated source
BCL_f1985.png,/hdd1/hieulc/datacrack/images/training/BCL_f1985.png,/hdd1/hieulc/datacrack/annotations/training/BCL_f1985.png,train,BCL,QUARANTINE_UNCERTIFIED_EMPTY_GT,untrusted empty-GT in contaminated source
BCL_f1986.png,/hdd1/hieulc/datacrack/images/training/BCL_f1986.png,/hdd1/hieulc/datacrack/annotations/training/BCL_f1986.png,train,BCL,QUARANTINE_UNCERTIFIED_EMPTY_GT,untrusted empty-GT in contaminated source
BCL_f1989.png,/hdd1/hieulc/datacrack/images/training/BCL_f1989.png,/hdd1/hieulc/datacrack/annotations/training/BCL_f1989.png,train,BCL,QUARANTINE_UNCERTIFIED_EMPTY_GT,untrusted empty-GT in contaminated source
BCL_f199.png,/hdd1/hieulc/datacrack/images/training/BCL_f199.png,/hdd1/hieulc/datacrack/annotations/training/BCL_f199.png,train,BCL,QUARANTINE_UNCERTIFIED_EMPTY_GT,untrusted empty-GT in contaminated source
BCL_f1990.png,/hdd1/hieulc/datacrack/images/training/BCL_f1990.png,/hdd1/hieulc/datacrack/annotations/training/BCL_f1990.png,train,BCL,QUARANTINE_UNCERTIFIED_EMPTY_GT,untrusted empty-GT in contaminated source
BCL_f1992.png,/hdd1/hieulc/datacrack/images/training/BCL_f1992.png,/hdd1/hieulc/datacrack/annotations/training/BCL_f1992.png,train,BCL,QUARANTINE_UNCERTIFIED_EMPTY_GT,untrusted empty-GT in contaminated source
BCL_f1993.png,/hdd1/hieulc/datacrack/images/training/BCL_f1993.png,/hdd1/hieulc/datacrack/annotations/training/BCL_f1993.png,train,BCL,QUARANTINE_UNCERTIFIED_EMPTY_GT,untrusted empty-GT in contaminated source
BCL_f1994.png,/hdd1/hieulc/datacrack/images/training/BCL_f1994.png,/hdd1/hieulc/datacrack/annotations/training/BCL_f1994.png,train,BCL,QUARANTINE_UNCERTIFIED_EMPTY_GT,untrusted empty-GT in contaminated source
BCL_f1995.png,/hdd1/hieulc/datacrack/images/training/BCL_f1995.png,/hdd1/hieulc/datacrack/annotations/training/BCL_f1995.png,train,BCL,QUARANTINE_UNCERTIFIED_EMPTY_GT,untrusted empty-GT in contaminated source
BCL_f1996.png,/hdd1/hieulc/datacrack/images/training/BCL_f1996.png,/hdd1/hieulc/datacrack/annotations/training/BCL_f1996.png,train,BCL,QUARANTINE_UNCERTIFIED_EMPTY_GT,untrusted empty-GT in contaminated source
BCL_f1997.png,/hdd1/hieulc/datacrack/images/training/BCL_f1997.png,/hdd1/hieulc/datacrack/annotations/training/BCL_f1997.png,train,BCL,QUARANTINE_UNCERTIFIED_EMPTY_GT,untrusted empty-GT in contaminated source
BCL_f1998.png,/hdd1/hieulc/datacrack/images/training/BCL_f1998.png,/hdd1/hieulc/datacrack/annotations/training/BCL_f1998.png,train,BCL,QUARANTINE_UNCERTIFIED_EMPTY_GT,untrusted empty-GT in contaminated source
BCL_f1999.png,/hdd1/hieulc/datacrack/images/training/BCL_f1999.png,/hdd1/hieulc/datacrack/annotations/training/BCL_f1999.png,train,BCL,QUARANTINE_UNCERTIFIED_EMPTY_GT,untrusted empty-GT in contaminated source
BCL_f2.png,/hdd1/hieulc/datacrack/images/training/BCL_f2.png,/hdd1/hieulc/datacrack/annotations/training/BCL_f2.png,train,BCL,QUARANTINE_UNCERTIFIED_EMPTY_GT,untrusted empty-GT in contaminated source
BCL_f20.png,/hdd1/hieulc/datacrack/images/training/BCL_f20.png,/hdd1/hieulc/datacrack/annotations/training/BCL_f20.png,train,BCL,QUARANTINE_UNCERTIFIED_EMPTY_GT,untrusted empty-GT in contaminated source
BCL_f200.png,/hdd1/hieulc/datacrack/images/training/BCL_f200.png,/hdd1/hieulc/datacrack/annotations/training/BCL_f200.png,train,BCL,QUARANTINE_UNCERTIFIED_EMPTY_GT,untrusted empty-GT in contaminated source
BCL_f2000.png,/hdd1/hieulc/datacrack/images/training/BCL_f2000.png,/hdd1/hieulc/datacrack/annotations/training/BCL_f2000.png,train,BCL,QUARANTINE_UNCERTIFIED_EMPTY_GT,untrusted empty-GT in contaminated source
BCL_f2002.png,/hdd1/hieulc/datacrack/images/training/BCL_f2002.png,/hdd1/hieulc/datacrack/annotations/training/BCL_f2002.png,train,BCL,QUARANTINE_UNCERTIFIED_EMPTY_GT,untrusted empty-GT in contaminated source
BCL_f2003.png,/hdd1/hieulc/datacrack/images/training/BCL_f2003.png,/hdd1/hieulc/datacrack/annotations/training/BCL_f2003.png,train,BCL,QUARANTINE_UNCERTIFIED_EMPTY_GT,untrusted empty-GT in contaminated source
BCL_f2005.png,/hdd1/hieulc/datacrack/images/training/BCL_f2005.png,/hdd1/hieulc/datacrack/annotations/training/BCL_f2005.png,train,BCL,QUARANTINE_UNCERTIFIED_EMPTY_GT,untrusted empty-GT in contaminated source
BCL_f2006.png,/hdd1/hieulc/datacrack/images/training/BCL_f2006.png,/hdd1/hieulc/datacrack/annotations/training/BCL_f2006.png,train,BCL,QUARANTINE_UNCERTIFIED_EMPTY_GT,untrusted empty-GT in contaminated source
BCL_f2007.png,/hdd1/hieulc/datacrack/images/training/BCL_f2007.png,/hdd1/hieulc/datacrack/annotations/training/BCL_f2007.png,train,BCL,QUARANTINE_UNCERTIFIED_EMPTY_GT,untrusted empty-GT in contaminated source
BCL_f2008.png,/hdd1/hieulc/datacrack/images/training/BCL_f2008.png,/hdd1/hieulc/datacrack/annotations/training/BCL_f2008.png,train,BCL,QUARANTINE_UNCERTIFIED_EMPTY_GT,untrusted empty-GT in contaminated source
BCL_f2009.png,/hdd1/hieulc/datacrack/images/training/BCL_f2009.png,/hdd1/hieulc/datacrack/annotations/training/BCL_f2009.png,train,BCL,QUARANTINE_UNCERTIFIED_EMPTY_GT,untrusted empty-GT in contaminated source
BCL_f2010.png,/hdd1/hieulc/datacrack/images/training/BCL_f2010.png,/hdd1/hieulc/datacrack/annotations/training/BCL_f2010.png,train,BCL,QUARANTINE_UNCERTIFIED_EMPTY_GT,untrusted empty-GT in contaminated source
BCL_f2011.png,/hdd1/hieulc/datacrack/images/training/BCL_f2011.png,/hdd1/hieulc/datacrack/annotations/training/BCL_f2011.png,train,BCL,QUARANTINE_UNCERTIFIED_EMPTY_GT,untrusted empty-GT in contaminated source
BCL_f2012.png,/hdd1/hieulc/datacrack/images/training/BCL_f2012.png,/hdd1/hieulc/datacrack/annotations/training/BCL_f2012.png,train,BCL,QUARANTINE_UNCERTIFIED_EMPTY_GT,untrusted empty-GT in contaminated source
BCL_f2013.png,/hdd1/hieulc/datacrack/images/training/BCL_f2013.png,/hdd1/hieulc/datacrack/annotations/training/BCL_f2013.png,train,BCL,QUARANTINE_UNCERTIFIED_EMPTY_GT,untrusted empty-GT in contaminated source
BCL_f2014.png,/hdd1/hieulc/datacrack/images/training/BCL_f2014.png,/hdd1/hieulc/datacrack/annotations/training/BCL_f2014.png,train,BCL,QUARANTINE_UNCERTIFIED_EMPTY_GT,untrusted empty-GT in contaminated source
BCL_f2016.png,/hdd1/hieulc/datacrack/images/training/BCL_f2016.png,/hdd1/hieulc/datacrack/annotations/training/BCL_f2016.png,train,BCL,QUARANTINE_UNCERTIFIED_EMPTY_GT,untrusted empty-GT in contaminated source
BCL_f2017.png,/hdd1/hieulc/datacrack/images/training/BCL_f2017.png,/hdd1/hieulc/datacrack/annotations/training/BCL_f2017.png,train,BCL,QUARANTINE_UNCERTIFIED_EMPTY_GT,untrusted empty-GT in contaminated source
BCL_f2018.png,/hdd1/hieulc/datacrack/images/training/BCL_f2018.png,/hdd1/hieulc/datacrack/annotations/training/BCL_f2018.png,train,BCL,QUARANTINE_UNCERTIFIED_EMPTY_GT,untrusted empty-GT in contaminated source
BCL_f2019.png,/hdd1/hieulc/datacrack/images/training/BCL_f2019.png,/hdd1/hieulc/datacrack/annotations/training/BCL_f2019.png,train,BCL,QUARANTINE_UNCERTIFIED_EMPTY_GT,untrusted empty-GT in contaminated source
BCL_f2020.png,/hdd1/hieulc/datacrack/images/training/BCL_f2020.png,/hdd1/hieulc/datacrack/annotations/training/BCL_f2020.png,train,BCL,QUARANTINE_UNCERTIFIED_EMPTY_GT,untrusted empty-GT in contaminated source
BCL_f2021.png,/hdd1/hieulc/datacrack/images/training/BCL_f2021.png,/hdd1/hieulc/datacrack/annotations/training/BCL_f2021.png,train,BCL,QUARANTINE_UNCERTIFIED_EMPTY_GT,untrusted empty-GT in contaminated source
BCL_f2022.png,/hdd1/hieulc/datacrack/images/training/BCL_f2022.png,/hdd1/hieulc/datacrack/annotations/training/BCL_f2022.png,train,BCL,QUARANTINE_UNCERTIFIED_EMPTY_GT,untrusted empty-GT in contaminated source
BCL_f2023.png,/hdd1/hieulc/datacrack/images/training/BCL_f2023.png,/hdd1/hieulc/datacrack/annotations/training/BCL_f2023.png,train,BCL,QUARANTINE_UNCERTIFIED_EMPTY_GT,untrusted empty-GT in contaminated source
BCL_f2024.png,/hdd1/hieulc/datacrack/images/training/BCL_f2024.png,/hdd1/hieulc/datacrack/annotations/training/BCL_f2024.png,train,BCL,QUARANTINE_UNCERTIFIED_EMPTY_GT,untrusted empty-GT in contaminated source
BCL_f2025.png,/hdd1/hieulc/datacrack/images/training/BCL_f2025.png,/hdd1/hieulc/datacrack/annotations/training/BCL_f2025.png,train,BCL,QUARANTINE_UNCERTIFIED_EMPTY_GT,untrusted empty-GT in contaminated source
BCL_f2026.png,/hdd1/hieulc/datacrack/images/training/BCL_f2026.png,/hdd1/hieulc/datacrack/annotations/training/BCL_f2026.png,train,BCL,QUARANTINE_UNCERTIFIED_EMPTY_GT,untrusted empty-GT in contaminated source
BCL_f2027.png,/hdd1/hieulc/datacrack/images/training/BCL_f2027.png,/hdd1/hieulc/datacrack/annotations/training/BCL_f2027.png,train,BCL,QUARANTINE_UNCERTIFIED_EMPTY_GT,untrusted empty-GT in contaminated source
BCL_f2028.png,/hdd1/hieulc/datacrack/images/training/BCL_f2028.png,/hdd1/hieulc/datacrack/annotations/training/BCL_f2028.png,train,BCL,QUARANTINE_UNCERTIFIED_EMPTY_GT,untrusted empty-GT in contaminated source
BCL_f2029.png,/hdd1/hieulc/datacrack/images/training/BCL_f2029.png,/hdd1/hieulc/datacrack/annotations/training/BCL_f2029.png,train,BCL,QUARANTINE_UNCERTIFIED_EMPTY_GT,untrusted empty-GT in contaminated source
BCL_f203.png,/hdd1/hieulc/datacrack/images/training/BCL_f203.png,/hdd1/hieulc/datacrack/annotations/training/BCL_f203.png,train,BCL,QUARANTINE_UNCERTIFIED_EMPTY_GT,untrusted empty-GT in contaminated source
BCL_f2030.png,/hdd1/hieulc/datacrack/images/training/BCL_f2030.png,/hdd1/hieulc/datacrack/annotations/training/BCL_f2030.png,train,BCL,QUARANTINE_UNCERTIFIED_EMPTY_GT,untrusted empty-GT in contaminated source
BCL_f2031.png,/hdd1/hieulc/datacrack/images/training/BCL_f2031.png,/hdd1/hieulc/datacrack/annotations/training/BCL_f2031.png,train,BCL,QUARANTINE_UNCERTIFIED_EMPTY_GT,untrusted empty-GT in contaminated source
BCL_f2032.png,/hdd1/hieulc/datacrack/images/training/BCL_f2032.png,/hdd1/hieulc/datacrack/annotations/training/BCL_f2032.png,train,BCL,QUARANTINE_UNCERTIFIED_EMPTY_GT,untrusted empty-GT in contaminated source
BCL_f2033.png,/hdd1/hieulc/datacrack/images/training/BCL_f2033.png,/hdd1/hieulc/datacrack/annotations/training/BCL_f2033.png,train,BCL,QUARANTINE_UNCERTIFIED_EMPTY_GT,untrusted empty-GT in contaminated source
BCL_f2034.png,/hdd1/hieulc/datacrack/images/training/BCL_f2034.png,/hdd1/hieulc/datacrack/annotations/training/BCL_f2034.png,train,BCL,QUARANTINE_UNCERTIFIED_EMPTY_GT,untrusted empty-GT in contaminated source
BCL_f2035.png,/hdd1/hieulc/datacrack/images/training/BCL_f2035.png,/hdd1/hieulc/datacrack/annotations/training/BCL_f2035.png,train,BCL,QUARANTINE_UNCERTIFIED_EMPTY_GT,untrusted empty-GT in contaminated source
BCL_f2036.png,/hdd1/hieulc/datacrack/images/training/BCL_f2036.png,/hdd1/hieulc/datacrack/annotations/training/BCL_f2036.png,train,BCL,QUARANTINE_UNCERTIFIED_EMPTY_GT,untrusted empty-GT in contaminated source
BCL_f2038.png,/hdd1/hieulc/datacrack/images/training/BCL_f2038.png,/hdd1/hieulc/datacrack/annotations/training/BCL_f2038.png,train,BCL,QUARANTINE_UNCERTIFIED_EMPTY_GT,untrusted empty-GT in contaminated source
BCL_f204.png,/hdd1/hieulc/datacrack/images/training/BCL_f204.png,/hdd1/hieulc/datacrack/annotations/training/BCL_f204.png,train,BCL,QUARANTINE_UNCERTIFIED_EMPTY_GT,untrusted empty-GT in contaminated source
BCL_f2041.png,/hdd1/hieulc/datacrack/images/training/BCL_f2041.png,/hdd1/hieulc/datacrack/annotations/training/BCL_f2041.png,train,BCL,QUARANTINE_UNCERTIFIED_EMPTY_GT,untrusted empty-GT in contaminated source
BCL_f2043.png,/hdd1/hieulc/datacrack/images/training/BCL_f2043.png,/hdd1/hieulc/datacrack/annotations/training/BCL_f2043.png,train,BCL,QUARANTINE_UNCERTIFIED_EMPTY_GT,untrusted empty-GT in contaminated source
BCL_f2044.png,/hdd1/hieulc/datacrack/images/training/BCL_f2044.png,/hdd1/hieulc/datacrack/annotations/training/BCL_f2044.png,train,BCL,QUARANTINE_UNCERTIFIED_EMPTY_GT,untrusted empty-GT in contaminated source
BCL_f2045.png,/hdd1/hieulc/datacrack/images/training/BCL_f2045.png,/hdd1/hieulc/datacrack/annotations/training/BCL_f2045.png,train,BCL,QUARANTINE_UNCERTIFIED_EMPTY_GT,untrusted empty-GT in contaminated source
BCL_f2046.png,/hdd1/hieulc/datacrack/images/training/BCL_f2046.png,/hdd1/hieulc/datacrack/annotations/training/BCL_f2046.png,train,BCL,QUARANTINE_UNCERTIFIED_EMPTY_GT,untrusted empty-GT in contaminated source
BCL_f2048.png,/hdd1/hieulc/datacrack/images/training/BCL_f2048.png,/hdd1/hieulc/datacrack/annotations/training/BCL_f2048.png,train,BCL,QUARANTINE_UNCERTIFIED_EMPTY_GT,untrusted empty-GT in contaminated source
BCL_f2049.png,/hdd1/hieulc/datacrack/images/training/BCL_f2049.png,/hdd1/hieulc/datacrack/annotations/training/BCL_f2049.png,train,BCL,QUARANTINE_UNCERTIFIED_EMPTY_GT,untrusted empty-GT in contaminated source
BCL_f2050.png,/hdd1/hieulc/datacrack/images/training/BCL_f2050.png,/hdd1/hieulc/datacrack/annotations/training/BCL_f2050.png,train,BCL,QUARANTINE_UNCERTIFIED_EMPTY_GT,untrusted empty-GT in contaminated source
BCL_f2054.png,/hdd1/hieulc/datacrack/images/training/BCL_f2054.png,/hdd1/hieulc/datacrack/annotations/training/BCL_f2054.png,train,BCL,QUARANTINE_UNCERTIFIED_EMPTY_GT,untrusted empty-GT in contaminated source
BCL_f2055.png,/hdd1/hieulc/datacrack/images/training/BCL_f2055.png,/hdd1/hieulc/datacrack/annotations/training/BCL_f2055.png,train,BCL,QUARANTINE_UNCERTIFIED_EMPTY_GT,untrusted empty-GT in contaminated source
BCL_f2056.png,/hdd1/hieulc/datacrack/images/training/BCL_f2056.png,/hdd1/hieulc/datacrack/annotations/training/BCL_f2056.png,train,BCL,QUARANTINE_UNCERTIFIED_EMPTY_GT,untrusted empty-GT in contaminated source
BCL_f2057.png,/hdd1/hieulc/datacrack/images/training/BCL_f2057.png,/hdd1/hieulc/datacrack/annotations/training/BCL_f2057.png,train,BCL,QUARANTINE_UNCERTIFIED_EMPTY_GT,untrusted empty-GT in contaminated source
BCL_f2058.png,/hdd1/hieulc/datacrack/images/training/BCL_f2058.png,/hdd1/hieulc/datacrack/annotations/training/BCL_f2058.png,train,BCL,QUARANTINE_UNCERTIFIED_EMPTY_GT,untrusted empty-GT in contaminated source
BCL_f2059.png,/hdd1/hieulc/datacrack/images/training/BCL_f2059.png,/hdd1/hieulc/datacrack/annotations/training/BCL_f2059.png,train,BCL,QUARANTINE_UNCERTIFIED_EMPTY_GT,untrusted empty-GT in contaminated source
BCL_f206.png,/hdd1/hieulc/datacrack/images/training/BCL_f206.png,/hdd1/hieulc/datacrack/annotations/training/BCL_f206.png,train,BCL,QUARANTINE_UNCERTIFIED_EMPTY_GT,untrusted empty-GT in contaminated source
BCL_f2060.png,/hdd1/hieulc/datacrack/images/training/BCL_f2060.png,/hdd1/hieulc/datacrack/annotations/training/BCL_f2060.png,train,BCL,QUARANTINE_UNCERTIFIED_EMPTY_GT,untrusted empty-GT in contaminated source
BCL_f2062.png,/hdd1/hieulc/datacrack/images/training/BCL_f2062.png,/hdd1/hieulc/datacrack/annotations/training/BCL_f2062.png,train,BCL,QUARANTINE_UNCERTIFIED_EMPTY_GT,untrusted empty-GT in contaminated source
BCL_f2064.png,/hdd1/hieulc/datacrack/images/training/BCL_f2064.png,/hdd1/hieulc/datacrack/annotations/training/BCL_f2064.png,train,BCL,QUARANTINE_UNCERTIFIED_EMPTY_GT,untrusted empty-GT in contaminated source
BCL_f2067.png,/hdd1/hieulc/datacrack/images/training/BCL_f2067.png,/hdd1/hieulc/datacrack/annotations/training/BCL_f2067.png,train,BCL,QUARANTINE_UNCERTIFIED_EMPTY_GT,untrusted empty-GT in contaminated source
BCL_f2069.png,/hdd1/hieulc/datacrack/images/training/BCL_f2069.png,/hdd1/hieulc/datacrack/annotations/training/BCL_f2069.png,train,BCL,QUARANTINE_UNCERTIFIED_EMPTY_GT,untrusted empty-GT in contaminated source
BCL_f207.png,/hdd1/hieulc/datacrack/images/training/BCL_f207.png,/hdd1/hieulc/datacrack/annotations/training/BCL_f207.png,train,BCL,QUARANTINE_UNCERTIFIED_EMPTY_GT,untrusted empty-GT in contaminated source
BCL_f2070.png,/hdd1/hieulc/datacrack/images/training/BCL_f2070.png,/hdd1/hieulc/datacrack/annotations/training/BCL_f2070.png,train,BCL,QUARANTINE_UNCERTIFIED_EMPTY_GT,untrusted empty-GT in contaminated source
BCL_f2071.png,/hdd1/hieulc/datacrack/images/training/BCL_f2071.png,/hdd1/hieulc/datacrack/annotations/training/BCL_f2071.png,train,BCL,QUARANTINE_UNCERTIFIED_EMPTY_GT,untrusted empty-GT in contaminated source
BCL_f2072.png,/hdd1/hieulc/datacrack/images/training/BCL_f2072.png,/hdd1/hieulc/datacrack/annotations/training/BCL_f2072.png,train,BCL,QUARANTINE_UNCERTIFIED_EMPTY_GT,untrusted empty-GT in contaminated source
BCL_f2073.png,/hdd1/hieulc/datacrack/images/training/BCL_f2073.png,/hdd1/hieulc/datacrack/annotations/training/BCL_f2073.png,train,BCL,QUARANTINE_UNCERTIFIED_EMPTY_GT,untrusted empty-GT in contaminated source
BCL_f2074.png,/hdd1/hieulc/datacrack/images/training/BCL_f2074.png,/hdd1/hieulc/datacrack/annotations/training/BCL_f2074.png,train,BCL,QUARANTINE_UNCERTIFIED_EMPTY_GT,untrusted empty-GT in contaminated source
BCL_f2076.png,/hdd1/hieulc/datacrack/images/training/BCL_f2076.png,/hdd1/hieulc/datacrack/annotations/training/BCL_f2076.png,train,BCL,QUARANTINE_UNCERTIFIED_EMPTY_GT,untrusted empty-GT in contaminated source
BCL_f2077.png,/hdd1/hieulc/datacrack/images/training/BCL_f2077.png,/hdd1/hieulc/datacrack/annotations/training/BCL_f2077.png,train,BCL,QUARANTINE_UNCERTIFIED_EMPTY_GT,untrusted empty-GT in contaminated source
BCL_f2078.png,/hdd1/hieulc/datacrack/images/training/BCL_f2078.png,/hdd1/hieulc/datacrack/annotations/training/BCL_f2078.png,train,BCL,QUARANTINE_UNCERTIFIED_EMPTY_GT,untrusted empty-GT in contaminated source
BCL_f2079.png,/hdd1/hieulc/datacrack/images/training/BCL_f2079.png,/hdd1/hieulc/datacrack/annotations/training/BCL_f2079.png,train,BCL,QUARANTINE_UNCERTIFIED_EMPTY_GT,untrusted empty-GT in contaminated source
BCL_f208.png,/hdd1/hieulc/datacrack/images/training/BCL_f208.png,/hdd1/hieulc/datacrack/annotations/training/BCL_f208.png,train,BCL,QUARANTINE_UNCERTIFIED_EMPTY_GT,untrusted empty-GT in contaminated source
BCL_f2080.png,/hdd1/hieulc/datacrack/images/training/BCL_f2080.png,/hdd1/hieulc/datacrack/annotations/training/BCL_f2080.png,train,BCL,QUARANTINE_UNCERTIFIED_EMPTY_GT,untrusted empty-GT in contaminated source
BCL_f2081.png,/hdd1/hieulc/datacrack/images/training/BCL_f2081.png,/hdd1/hieulc/datacrack/annotations/training/BCL_f2081.png,train,BCL,QUARANTINE_UNCERTIFIED_EMPTY_GT,untrusted empty-GT in contaminated source
BCL_f2082.png,/hdd1/hieulc/datacrack/images/training/BCL_f2082.png,/hdd1/hieulc/datacrack/annotations/training/BCL_f2082.png,train,BCL,QUARANTINE_UNCERTIFIED_EMPTY_GT,untrusted empty-GT in contaminated source
BCL_f2083.png,/hdd1/hieulc/datacrack/images/training/BCL_f2083.png,/hdd1/hieulc/datacrack/annotations/training/BCL_f2083.png,train,BCL,QUARANTINE_UNCERTIFIED_EMPTY_GT,untrusted empty-GT in contaminated source
BCL_f2084.png,/hdd1/hieulc/datacrack/images/training/BCL_f2084.png,/hdd1/hieulc/datacrack/annotations/training/BCL_f2084.png,train,BCL,QUARANTINE_UNCERTIFIED_EMPTY_GT,untrusted empty-GT in contaminated source
BCL_f2085.png,/hdd1/hieulc/datacrack/images/training/BCL_f2085.png,/hdd1/hieulc/datacrack/annotations/training/BCL_f2085.png,train,BCL,QUARANTINE_UNCERTIFIED_EMPTY_GT,untrusted empty-GT in contaminated source
BCL_f2086.png,/hdd1/hieulc/datacrack/images/training/BCL_f2086.png,/hdd1/hieulc/datacrack/annotations/training/BCL_f2086.png,train,BCL,QUARANTINE_UNCERTIFIED_EMPTY_GT,untrusted empty-GT in contaminated source
BCL_f2087.png,/hdd1/hieulc/datacrack/images/training/BCL_f2087.png,/hdd1/hieulc/datacrack/annotations/training/BCL_f2087.png,train,BCL,QUARANTINE_UNCERTIFIED_EMPTY_GT,untrusted empty-GT in contaminated source
BCL_f2088.png,/hdd1/hieulc/datacrack/images/training/BCL_f2088.png,/hdd1/hieulc/datacrack/annotations/training/BCL_f2088.png,train,BCL,QUARANTINE_UNCERTIFIED_EMPTY_GT,untrusted empty-GT in contaminated source
BCL_f2089.png,/hdd1/hieulc/datacrack/images/training/BCL_f2089.png,/hdd1/hieulc/datacrack/annotations/training/BCL_f2089.png,train,BCL,QUARANTINE_UNCERTIFIED_EMPTY_GT,untrusted empty-GT in contaminated source
BCL_f209.png,/hdd1/hieulc/datacrack/images/training/BCL_f209.png,/hdd1/hieulc/datacrack/annotations/training/BCL_f209.png,train,BCL,QUARANTINE_UNCERTIFIED_EMPTY_GT,untrusted empty-GT in contaminated source
BCL_f2091.png,/hdd1/hieulc/datacrack/images/training/BCL_f2091.png,/hdd1/hieulc/datacrack/annotations/training/BCL_f2091.png,train,BCL,QUARANTINE_UNCERTIFIED_EMPTY_GT,untrusted empty-GT in contaminated source
BCL_f2092.png,/hdd1/hieulc/datacrack/images/training/BCL_f2092.png,/hdd1/hieulc/datacrack/annotations/training/BCL_f2092.png,train,BCL,QUARANTINE_UNCERTIFIED_EMPTY_GT,untrusted empty-GT in contaminated source
BCL_f2093.png,/hdd1/hieulc/datacrack/images/training/BCL_f2093.png,/hdd1/hieulc/datacrack/annotations/training/BCL_f2093.png,train,BCL,QUARANTINE_UNCERTIFIED_EMPTY_GT,untrusted empty-GT in contaminated source
BCL_f2095.png,/hdd1/hieulc/datacrack/images/training/BCL_f2095.png,/hdd1/hieulc/datacrack/annotations/training/BCL_f2095.png,train,BCL,QUARANTINE_UNCERTIFIED_EMPTY_GT,untrusted empty-GT in contaminated source
BCL_f2096.png,/hdd1/hieulc/datacrack/images/training/BCL_f2096.png,/hdd1/hieulc/datacrack/annotations/training/BCL_f2096.png,train,BCL,QUARANTINE_UNCERTIFIED_EMPTY_GT,untrusted empty-GT in contaminated source
BCL_f2097.png,/hdd1/hieulc/datacrack/images/training/BCL_f2097.png,/hdd1/hieulc/datacrack/annotations/training/BCL_f2097.png,train,BCL,QUARANTINE_UNCERTIFIED_EMPTY_GT,untrusted empty-GT in contaminated source
BCL_f2098.png,/hdd1/hieulc/datacrack/images/training/BCL_f2098.png,/hdd1/hieulc/datacrack/annotations/training/BCL_f2098.png,train,BCL,QUARANTINE_UNCERTIFIED_EMPTY_GT,untrusted empty-GT in contaminated source
BCL_f2099.png,/hdd1/hieulc/datacrack/images/training/BCL_f2099.png,/hdd1/hieulc/datacrack/annotations/training/BCL_f2099.png,train,BCL,QUARANTINE_UNCERTIFIED_EMPTY_GT,untrusted empty-GT in contaminated source
BCL_f21.png,/hdd1/hieulc/datacrack/images/training/BCL_f21.png,/hdd1/hieulc/datacrack/annotations/training/BCL_f21.png,train,BCL,QUARANTINE_UNCERTIFIED_EMPTY_GT,untrusted empty-GT in contaminated source
BCL_f210.png,/hdd1/hieulc/datacrack/images/training/BCL_f210.png,/hdd1/hieulc/datacrack/annotations/training/BCL_f210.png,train,BCL,QUARANTINE_UNCERTIFIED_EMPTY_GT,untrusted empty-GT in contaminated source
BCL_f2100.png,/hdd1/hieulc/datacrack/images/training/BCL_f2100.png,/hdd1/hieulc/datacrack/annotations/training/BCL_f2100.png,train,BCL,QUARANTINE_UNCERTIFIED_EMPTY_GT,untrusted empty-GT in contaminated source
BCL_f2102.png,/hdd1/hieulc/datacrack/images/training/BCL_f2102.png,/hdd1/hieulc/datacrack/annotations/training/BCL_f2102.png,train,BCL,QUARANTINE_UNCERTIFIED_EMPTY_GT,untrusted empty-GT in contaminated source
BCL_f2103.png,/hdd1/hieulc/datacrack/images/training/BCL_f2103.png,/hdd1/hieulc/datacrack/annotations/training/BCL_f2103.png,train,BCL,QUARANTINE_UNCERTIFIED_EMPTY_GT,untrusted empty-GT in contaminated source
BCL_f2104.png,/hdd1/hieulc/datacrack/images/training/BCL_f2104.png,/hdd1/hieulc/datacrack/annotations/training/BCL_f2104.png,train,BCL,QUARANTINE_UNCERTIFIED_EMPTY_GT,untrusted empty-GT in contaminated source
BCL_f2105.png,/hdd1/hieulc/datacrack/images/training/BCL_f2105.png,/hdd1/hieulc/datacrack/annotations/training/BCL_f2105.png,train,BCL,QUARANTINE_UNCERTIFIED_EMPTY_GT,untrusted empty-GT in contaminated source
BCL_f2106.png,/hdd1/hieulc/datacrack/images/training/BCL_f2106.png,/hdd1/hieulc/datacrack/annotations/training/BCL_f2106.png,train,BCL,QUARANTINE_UNCERTIFIED_EMPTY_GT,untrusted empty-GT in contaminated source
BCL_f2107.png,/hdd1/hieulc/datacrack/images/training/BCL_f2107.png,/hdd1/hieulc/datacrack/annotations/training/BCL_f2107.png,train,BCL,QUARANTINE_UNCERTIFIED_EMPTY_GT,untrusted empty-GT in contaminated source
BCL_f2108.png,/hdd1/hieulc/datacrack/images/training/BCL_f2108.png,/hdd1/hieulc/datacrack/annotations/training/BCL_f2108.png,train,BCL,QUARANTINE_UNCERTIFIED_EMPTY_GT,untrusted empty-GT in contaminated source
BCL_f211.png,/hdd1/hieulc/datacrack/images/training/BCL_f211.png,/hdd1/hieulc/datacrack/annotations/training/BCL_f211.png,train,BCL,QUARANTINE_UNCERTIFIED_EMPTY_GT,untrusted empty-GT in contaminated source
BCL_f2111.png,/hdd1/hieulc/datacrack/images/training/BCL_f2111.png,/hdd1/hieulc/datacrack/annotations/training/BCL_f2111.png,train,BCL,QUARANTINE_UNCERTIFIED_EMPTY_GT,untrusted empty-GT in contaminated source
BCL_f2112.png,/hdd1/hieulc/datacrack/images/training/BCL_f2112.png,/hdd1/hieulc/datacrack/annotations/training/BCL_f2112.png,train,BCL,QUARANTINE_UNCERTIFIED_EMPTY_GT,untrusted empty-GT in contaminated source
BCL_f2113.png,/hdd1/hieulc/datacrack/images/training/BCL_f2113.png,/hdd1/hieulc/datacrack/annotations/training/BCL_f2113.png,train,BCL,QUARANTINE_UNCERTIFIED_EMPTY_GT,untrusted empty-GT in contaminated source
BCL_f2114.png,/hdd1/hieulc/datacrack/images/training/BCL_f2114.png,/hdd1/hieulc/datacrack/annotations/training/BCL_f2114.png,train,BCL,QUARANTINE_UNCERTIFIED_EMPTY_GT,untrusted empty-GT in contaminated source
BCL_f2115.png,/hdd1/hieulc/datacrack/images/training/BCL_f2115.png,/hdd1/hieulc/datacrack/annotations/training/BCL_f2115.png,train,BCL,QUARANTINE_UNCERTIFIED_EMPTY_GT,untrusted empty-GT in contaminated source
BCL_f2117.png,/hdd1/hieulc/datacrack/images/training/BCL_f2117.png,/hdd1/hieulc/datacrack/annotations/training/BCL_f2117.png,train,BCL,QUARANTINE_UNCERTIFIED_EMPTY_GT,untrusted empty-GT in contaminated source
BCL_f2118.png,/hdd1/hieulc/datacrack/images/training/BCL_f2118.png,/hdd1/hieulc/datacrack/annotations/training/BCL_f2118.png,train,BCL,QUARANTINE_UNCERTIFIED_EMPTY_GT,untrusted empty-GT in contaminated source
BCL_f212.png,/hdd1/hieulc/datacrack/images/training/BCL_f212.png,/hdd1/hieulc/datacrack/annotations/training/BCL_f212.png,train,BCL,QUARANTINE_UNCERTIFIED_EMPTY_GT,untrusted empty-GT in contaminated source
BCL_f2120.png,/hdd1/hieulc/datacrack/images/training/BCL_f2120.png,/hdd1/hieulc/datacrack/annotations/training/BCL_f2120.png,train,BCL,QUARANTINE_UNCERTIFIED_EMPTY_GT,untrusted empty-GT in contaminated source
BCL_f2122.png,/hdd1/hieulc/datacrack/images/training/BCL_f2122.png,/hdd1/hieulc/datacrack/annotations/training/BCL_f2122.png,train,BCL,QUARANTINE_UNCERTIFIED_EMPTY_GT,untrusted empty-GT in contaminated source
BCL_f2123.png,/hdd1/hieulc/datacrack/images/training/BCL_f2123.png,/hdd1/hieulc/datacrack/annotations/training/BCL_f2123.png,train,BCL,QUARANTINE_UNCERTIFIED_EMPTY_GT,untrusted empty-GT in contaminated source
BCL_f2124.png,/hdd1/hieulc/datacrack/images/training/BCL_f2124.png,/hdd1/hieulc/datacrack/annotations/training/BCL_f2124.png,train,BCL,QUARANTINE_UNCERTIFIED_EMPTY_GT,untrusted empty-GT in contaminated source
BCL_f2125.png,/hdd1/hieulc/datacrack/images/training/BCL_f2125.png,/hdd1/hieulc/datacrack/annotations/training/BCL_f2125.png,train,BCL,QUARANTINE_UNCERTIFIED_EMPTY_GT,untrusted empty-GT in contaminated source
BCL_f2126.png,/hdd1/hieulc/datacrack/images/training/BCL_f2126.png,/hdd1/hieulc/datacrack/annotations/training/BCL_f2126.png,train,BCL,QUARANTINE_UNCERTIFIED_EMPTY_GT,untrusted empty-GT in contaminated source
BCL_f2129.png,/hdd1/hieulc/datacrack/images/training/BCL_f2129.png,/hdd1/hieulc/datacrack/annotations/training/BCL_f2129.png,train,BCL,QUARANTINE_UNCERTIFIED_EMPTY_GT,untrusted empty-GT in contaminated source
BCL_f213.png,/hdd1/hieulc/datacrack/images/training/BCL_f213.png,/hdd1/hieulc/datacrack/annotations/training/BCL_f213.png,train,BCL,QUARANTINE_UNCERTIFIED_EMPTY_GT,untrusted empty-GT in contaminated source
BCL_f2130.png,/hdd1/hieulc/datacrack/images/training/BCL_f2130.png,/hdd1/hieulc/datacrack/annotations/training/BCL_f2130.png,train,BCL,QUARANTINE_UNCERTIFIED_EMPTY_GT,untrusted empty-GT in contaminated source
BCL_f2132.png,/hdd1/hieulc/datacrack/images/training/BCL_f2132.png,/hdd1/hieulc/datacrack/annotations/training/BCL_f2132.png,train,BCL,QUARANTINE_UNCERTIFIED_EMPTY_GT,untrusted empty-GT in contaminated source
BCL_f2133.png,/hdd1/hieulc/datacrack/images/training/BCL_f2133.png,/hdd1/hieulc/datacrack/annotations/training/BCL_f2133.png,train,BCL,QUARANTINE_UNCERTIFIED_EMPTY_GT,untrusted empty-GT in contaminated source
BCL_f2134.png,/hdd1/hieulc/datacrack/images/training/BCL_f2134.png,/hdd1/hieulc/datacrack/annotations/training/BCL_f2134.png,train,BCL,QUARANTINE_UNCERTIFIED_EMPTY_GT,untrusted empty-GT in contaminated source
BCL_f2135.png,/hdd1/hieulc/datacrack/images/training/BCL_f2135.png,/hdd1/hieulc/datacrack/annotations/training/BCL_f2135.png,train,BCL,QUARANTINE_UNCERTIFIED_EMPTY_GT,untrusted empty-GT in contaminated source
BCL_f2136.png,/hdd1/hieulc/datacrack/images/training/BCL_f2136.png,/hdd1/hieulc/datacrack/annotations/training/BCL_f2136.png,train,BCL,QUARANTINE_UNCERTIFIED_EMPTY_GT,untrusted empty-GT in contaminated source
BCL_f2137.png,/hdd1/hieulc/datacrack/images/training/BCL_f2137.png,/hdd1/hieulc/datacrack/annotations/training/BCL_f2137.png,train,BCL,QUARANTINE_UNCERTIFIED_EMPTY_GT,untrusted empty-GT in contaminated source
BCL_f2139.png,/hdd1/hieulc/datacrack/images/training/BCL_f2139.png,/hdd1/hieulc/datacrack/annotations/training/BCL_f2139.png,train,BCL,QUARANTINE_UNCERTIFIED_EMPTY_GT,untrusted empty-GT in contaminated source
BCL_f214.png,/hdd1/hieulc/datacrack/images/training/BCL_f214.png,/hdd1/hieulc/datacrack/annotations/training/BCL_f214.png,train,BCL,QUARANTINE_UNCERTIFIED_EMPTY_GT,untrusted empty-GT in contaminated source
BCL_f2140.png,/hdd1/hieulc/datacrack/images/training/BCL_f2140.png,/hdd1/hieulc/datacrack/annotations/training/BCL_f2140.png,train,BCL,QUARANTINE_UNCERTIFIED_EMPTY_GT,untrusted empty-GT in contaminated source
BCL_f2141.png,/hdd1/hieulc/datacrack/images/training/BCL_f2141.png,/hdd1/hieulc/datacrack/annotations/training/BCL_f2141.png,train,BCL,QUARANTINE_UNCERTIFIED_EMPTY_GT,untrusted empty-GT in contaminated source
BCL_f2142.png,/hdd1/hieulc/datacrack/images/training/BCL_f2142.png,/hdd1/hieulc/datacrack/annotations/training/BCL_f2142.png,train,BCL,QUARANTINE_UNCERTIFIED_EMPTY_GT,untrusted empty-GT in contaminated source
BCL_f2144.png,/hdd1/hieulc/datacrack/images/training/BCL_f2144.png,/hdd1/hieulc/datacrack/annotations/training/BCL_f2144.png,train,BCL,QUARANTINE_UNCERTIFIED_EMPTY_GT,untrusted empty-GT in contaminated source
BCL_f2145.png,/hdd1/hieulc/datacrack/images/training/BCL_f2145.png,/hdd1/hieulc/datacrack/annotations/training/BCL_f2145.png,train,BCL,QUARANTINE_UNCERTIFIED_EMPTY_GT,untrusted empty-GT in contaminated source
BCL_f2146.png,/hdd1/hieulc/datacrack/images/training/BCL_f2146.png,/hdd1/hieulc/datacrack/annotations/training/BCL_f2146.png,train,BCL,QUARANTINE_UNCERTIFIED_EMPTY_GT,untrusted empty-GT in contaminated source
BCL_f2147.png,/hdd1/hieulc/datacrack/images/training/BCL_f2147.png,/hdd1/hieulc/datacrack/annotations/training/BCL_f2147.png,train,BCL,QUARANTINE_UNCERTIFIED_EMPTY_GT,untrusted empty-GT in contaminated source
BCL_f2148.png,/hdd1/hieulc/datacrack/images/training/BCL_f2148.png,/hdd1/hieulc/datacrack/annotations/training/BCL_f2148.png,train,BCL,QUARANTINE_UNCERTIFIED_EMPTY_GT,untrusted empty-GT in contaminated source
BCL_f2149.png,/hdd1/hieulc/datacrack/images/training/BCL_f2149.png,/hdd1/hieulc/datacrack/annotations/training/BCL_f2149.png,train,BCL,QUARANTINE_UNCERTIFIED_EMPTY_GT,untrusted empty-GT in contaminated source
BCL_f2150.png,/hdd1/hieulc/datacrack/images/training/BCL_f2150.png,/hdd1/hieulc/datacrack/annotations/training/BCL_f2150.png,train,BCL,QUARANTINE_UNCERTIFIED_EMPTY_GT,untrusted empty-GT in contaminated source
BCL_f2152.png,/hdd1/hieulc/datacrack/images/training/BCL_f2152.png,/hdd1/hieulc/datacrack/annotations/training/BCL_f2152.png,train,BCL,QUARANTINE_UNCERTIFIED_EMPTY_GT,untrusted empty-GT in contaminated source
BCL_f2153.png,/hdd1/hieulc/datacrack/images/training/BCL_f2153.png,/hdd1/hieulc/datacrack/annotations/training/BCL_f2153.png,train,BCL,QUARANTINE_UNCERTIFIED_EMPTY_GT,untrusted empty-GT in contaminated source
BCL_f2154.png,/hdd1/hieulc/datacrack/images/training/BCL_f2154.png,/hdd1/hieulc/datacrack/annotations/training/BCL_f2154.png,train,BCL,QUARANTINE_UNCERTIFIED_EMPTY_GT,untrusted empty-GT in contaminated source
BCL_f2155.png,/hdd1/hieulc/datacrack/images/training/BCL_f2155.png,/hdd1/hieulc/datacrack/annotations/training/BCL_f2155.png,train,BCL,QUARANTINE_UNCERTIFIED_EMPTY_GT,untrusted empty-GT in contaminated source
BCL_f2156.png,/hdd1/hieulc/datacrack/images/training/BCL_f2156.png,/hdd1/hieulc/datacrack/annotations/training/BCL_f2156.png,train,BCL,QUARANTINE_UNCERTIFIED_EMPTY_GT,untrusted empty-GT in contaminated source
BCL_f2157.png,/hdd1/hieulc/datacrack/images/training/BCL_f2157.png,/hdd1/hieulc/datacrack/annotations/training/BCL_f2157.png,train,BCL,QUARANTINE_UNCERTIFIED_EMPTY_GT,untrusted empty-GT in contaminated source
BCL_f2158.png,/hdd1/hieulc/datacrack/images/training/BCL_f2158.png,/hdd1/hieulc/datacrack/annotations/training/BCL_f2158.png,train,BCL,QUARANTINE_UNCERTIFIED_EMPTY_GT,untrusted empty-GT in contaminated source
BCL_f2159.png,/hdd1/hieulc/datacrack/images/training/BCL_f2159.png,/hdd1/hieulc/datacrack/annotations/training/BCL_f2159.png,train,BCL,QUARANTINE_UNCERTIFIED_EMPTY_GT,untrusted empty-GT in contaminated source
BCL_f216.png,/hdd1/hieulc/datacrack/images/training/BCL_f216.png,/hdd1/hieulc/datacrack/annotations/training/BCL_f216.png,train,BCL,QUARANTINE_UNCERTIFIED_EMPTY_GT,untrusted empty-GT in contaminated source
BCL_f2160.png,/hdd1/hieulc/datacrack/images/training/BCL_f2160.png,/hdd1/hieulc/datacrack/annotations/training/BCL_f2160.png,train,BCL,QUARANTINE_UNCERTIFIED_EMPTY_GT,untrusted empty-GT in contaminated source
BCL_f2161.png,/hdd1/hieulc/datacrack/images/training/BCL_f2161.png,/hdd1/hieulc/datacrack/annotations/training/BCL_f2161.png,train,BCL,QUARANTINE_UNCERTIFIED_EMPTY_GT,untrusted empty-GT in contaminated source
BCL_f2162.png,/hdd1/hieulc/datacrack/images/training/BCL_f2162.png,/hdd1/hieulc/datacrack/annotations/training/BCL_f2162.png,train,BCL,QUARANTINE_UNCERTIFIED_EMPTY_GT,untrusted empty-GT in contaminated source
BCL_f2163.png,/hdd1/hieulc/datacrack/images/training/BCL_f2163.png,/hdd1/hieulc/datacrack/annotations/training/BCL_f2163.png,train,BCL,QUARANTINE_UNCERTIFIED_EMPTY_GT,untrusted empty-GT in contaminated source
BCL_f2164.png,/hdd1/hieulc/datacrack/images/training/BCL_f2164.png,/hdd1/hieulc/datacrack/annotations/training/BCL_f2164.png,train,BCL,QUARANTINE_UNCERTIFIED_EMPTY_GT,untrusted empty-GT in contaminated source
BCL_f2165.png,/hdd1/hieulc/datacrack/images/training/BCL_f2165.png,/hdd1/hieulc/datacrack/annotations/training/BCL_f2165.png,train,BCL,QUARANTINE_UNCERTIFIED_EMPTY_GT,untrusted empty-GT in contaminated source
BCL_f2166.png,/hdd1/hieulc/datacrack/images/training/BCL_f2166.png,/hdd1/hieulc/datacrack/annotations/training/BCL_f2166.png,train,BCL,QUARANTINE_UNCERTIFIED_EMPTY_GT,untrusted empty-GT in contaminated source
BCL_f2167.png,/hdd1/hieulc/datacrack/images/training/BCL_f2167.png,/hdd1/hieulc/datacrack/annotations/training/BCL_f2167.png,train,BCL,QUARANTINE_UNCERTIFIED_EMPTY_GT,untrusted empty-GT in contaminated source
BCL_f2168.png,/hdd1/hieulc/datacrack/images/training/BCL_f2168.png,/hdd1/hieulc/datacrack/annotations/training/BCL_f2168.png,train,BCL,QUARANTINE_UNCERTIFIED_EMPTY_GT,untrusted empty-GT in contaminated source
BCL_f217.png,/hdd1/hieulc/datacrack/images/training/BCL_f217.png,/hdd1/hieulc/datacrack/annotations/training/BCL_f217.png,train,BCL,QUARANTINE_UNCERTIFIED_EMPTY_GT,untrusted empty-GT in contaminated source
BCL_f2170.png,/hdd1/hieulc/datacrack/images/training/BCL_f2170.png,/hdd1/hieulc/datacrack/annotations/training/BCL_f2170.png,train,BCL,QUARANTINE_UNCERTIFIED_EMPTY_GT,untrusted empty-GT in contaminated source
BCL_f2171.png,/hdd1/hieulc/datacrack/images/training/BCL_f2171.png,/hdd1/hieulc/datacrack/annotations/training/BCL_f2171.png,train,BCL,QUARANTINE_UNCERTIFIED_EMPTY_GT,untrusted empty-GT in contaminated source
BCL_f2172.png,/hdd1/hieulc/datacrack/images/training/BCL_f2172.png,/hdd1/hieulc/datacrack/annotations/training/BCL_f2172.png,train,BCL,QUARANTINE_UNCERTIFIED_EMPTY_GT,untrusted empty-GT in contaminated source
BCL_f2174.png,/hdd1/hieulc/datacrack/images/training/BCL_f2174.png,/hdd1/hieulc/datacrack/annotations/training/BCL_f2174.png,train,BCL,QUARANTINE_UNCERTIFIED_EMPTY_GT,untrusted empty-GT in contaminated source
BCL_f2175.png,/hdd1/hieulc/datacrack/images/training/BCL_f2175.png,/hdd1/hieulc/datacrack/annotations/training/BCL_f2175.png,train,BCL,QUARANTINE_UNCERTIFIED_EMPTY_GT,untrusted empty-GT in contaminated source
BCL_f2176.png,/hdd1/hieulc/datacrack/images/training/BCL_f2176.png,/hdd1/hieulc/datacrack/annotations/training/BCL_f2176.png,train,BCL,QUARANTINE_UNCERTIFIED_EMPTY_GT,untrusted empty-GT in contaminated source
BCL_f2177.png,/hdd1/hieulc/datacrack/images/training/BCL_f2177.png,/hdd1/hieulc/datacrack/annotations/training/BCL_f2177.png,train,BCL,QUARANTINE_UNCERTIFIED_EMPTY_GT,untrusted empty-GT in contaminated source
BCL_f2178.png,/hdd1/hieulc/datacrack/images/training/BCL_f2178.png,/hdd1/hieulc/datacrack/annotations/training/BCL_f2178.png,train,BCL,QUARANTINE_UNCERTIFIED_EMPTY_GT,untrusted empty-GT in contaminated source
BCL_f218.png,/hdd1/hieulc/datacrack/images/training/BCL_f218.png,/hdd1/hieulc/datacrack/annotations/training/BCL_f218.png,train,BCL,QUARANTINE_UNCERTIFIED_EMPTY_GT,untrusted empty-GT in contaminated source
BCL_f2180.png,/hdd1/hieulc/datacrack/images/training/BCL_f2180.png,/hdd1/hieulc/datacrack/annotations/training/BCL_f2180.png,train,BCL,QUARANTINE_UNCERTIFIED_EMPTY_GT,untrusted empty-GT in contaminated source
BCL_f2183.png,/hdd1/hieulc/datacrack/images/training/BCL_f2183.png,/hdd1/hieulc/datacrack/annotations/training/BCL_f2183.png,train,BCL,QUARANTINE_UNCERTIFIED_EMPTY_GT,untrusted empty-GT in contaminated source
BCL_f2185.png,/hdd1/hieulc/datacrack/images/training/BCL_f2185.png,/hdd1/hieulc/datacrack/annotations/training/BCL_f2185.png,train,BCL,QUARANTINE_UNCERTIFIED_EMPTY_GT,untrusted empty-GT in contaminated source
BCL_f2186.png,/hdd1/hieulc/datacrack/images/training/BCL_f2186.png,/hdd1/hieulc/datacrack/annotations/training/BCL_f2186.png,train,BCL,QUARANTINE_UNCERTIFIED_EMPTY_GT,untrusted empty-GT in contaminated source
BCL_f2188.png,/hdd1/hieulc/datacrack/images/training/BCL_f2188.png,/hdd1/hieulc/datacrack/annotations/training/BCL_f2188.png,train,BCL,QUARANTINE_UNCERTIFIED_EMPTY_GT,untrusted empty-GT in contaminated source
BCL_f2189.png,/hdd1/hieulc/datacrack/images/training/BCL_f2189.png,/hdd1/hieulc/datacrack/annotations/training/BCL_f2189.png,train,BCL,QUARANTINE_UNCERTIFIED_EMPTY_GT,untrusted empty-GT in contaminated source
BCL_f219.png,/hdd1/hieulc/datacrack/images/training/BCL_f219.png,/hdd1/hieulc/datacrack/annotations/training/BCL_f219.png,train,BCL,QUARANTINE_UNCERTIFIED_EMPTY_GT,untrusted empty-GT in contaminated source
BCL_f2190.png,/hdd1/hieulc/datacrack/images/training/BCL_f2190.png,/hdd1/hieulc/datacrack/annotations/training/BCL_f2190.png,train,BCL,QUARANTINE_UNCERTIFIED_EMPTY_GT,untrusted empty-GT in contaminated source
BCL_f2191.png,/hdd1/hieulc/datacrack/images/training/BCL_f2191.png,/hdd1/hieulc/datacrack/annotations/training/BCL_f2191.png,train,BCL,QUARANTINE_UNCERTIFIED_EMPTY_GT,untrusted empty-GT in contaminated source
BCL_f2192.png,/hdd1/hieulc/datacrack/images/training/BCL_f2192.png,/hdd1/hieulc/datacrack/annotations/training/BCL_f2192.png,train,BCL,QUARANTINE_UNCERTIFIED_EMPTY_GT,untrusted empty-GT in contaminated source
BCL_f2194.png,/hdd1/hieulc/datacrack/images/training/BCL_f2194.png,/hdd1/hieulc/datacrack/annotations/training/BCL_f2194.png,train,BCL,QUARANTINE_UNCERTIFIED_EMPTY_GT,untrusted empty-GT in contaminated source
BCL_f2195.png,/hdd1/hieulc/datacrack/images/training/BCL_f2195.png,/hdd1/hieulc/datacrack/annotations/training/BCL_f2195.png,train,BCL,QUARANTINE_UNCERTIFIED_EMPTY_GT,untrusted empty-GT in contaminated source
BCL_f2197.png,/hdd1/hieulc/datacrack/images/training/BCL_f2197.png,/hdd1/hieulc/datacrack/annotations/training/BCL_f2197.png,train,BCL,QUARANTINE_UNCERTIFIED_EMPTY_GT,untrusted empty-GT in contaminated source
BCL_f2198.png,/hdd1/hieulc/datacrack/images/training/BCL_f2198.png,/hdd1/hieulc/datacrack/annotations/training/BCL_f2198.png,train,BCL,QUARANTINE_UNCERTIFIED_EMPTY_GT,untrusted empty-GT in contaminated source
BCL_f2199.png,/hdd1/hieulc/datacrack/images/training/BCL_f2199.png,/hdd1/hieulc/datacrack/annotations/training/BCL_f2199.png,train,BCL,QUARANTINE_UNCERTIFIED_EMPTY_GT,untrusted empty-GT in contaminated source
BCL_f22.png,/hdd1/hieulc/datacrack/images/training/BCL_f22.png,/hdd1/hieulc/datacrack/annotations/training/BCL_f22.png,train,BCL,QUARANTINE_UNCERTIFIED_EMPTY_GT,untrusted empty-GT in contaminated source
BCL_f220.png,/hdd1/hieulc/datacrack/images/training/BCL_f220.png,/hdd1/hieulc/datacrack/annotations/training/BCL_f220.png,train,BCL,QUARANTINE_UNCERTIFIED_EMPTY_GT,untrusted empty-GT in contaminated source
BCL_f2200.png,/hdd1/hieulc/datacrack/images/training/BCL_f2200.png,/hdd1/hieulc/datacrack/annotations/training/BCL_f2200.png,train,BCL,QUARANTINE_UNCERTIFIED_EMPTY_GT,untrusted empty-GT in contaminated source
BCL_f2201.png,/hdd1/hieulc/datacrack/images/training/BCL_f2201.png,/hdd1/hieulc/datacrack/annotations/training/BCL_f2201.png,train,BCL,QUARANTINE_UNCERTIFIED_EMPTY_GT,untrusted empty-GT in contaminated source
BCL_f2203.png,/hdd1/hieulc/datacrack/images/training/BCL_f2203.png,/hdd1/hieulc/datacrack/annotations/training/BCL_f2203.png,train,BCL,QUARANTINE_UNCERTIFIED_EMPTY_GT,untrusted empty-GT in contaminated source
BCL_f2204.png,/hdd1/hieulc/datacrack/images/training/BCL_f2204.png,/hdd1/hieulc/datacrack/annotations/training/BCL_f2204.png,train,BCL,QUARANTINE_UNCERTIFIED_EMPTY_GT,untrusted empty-GT in contaminated source
BCL_f2205.png,/hdd1/hieulc/datacrack/images/training/BCL_f2205.png,/hdd1/hieulc/datacrack/annotations/training/BCL_f2205.png,train,BCL,QUARANTINE_UNCERTIFIED_EMPTY_GT,untrusted empty-GT in contaminated source
BCL_f2206.png,/hdd1/hieulc/datacrack/images/training/BCL_f2206.png,/hdd1/hieulc/datacrack/annotations/training/BCL_f2206.png,train,BCL,QUARANTINE_UNCERTIFIED_EMPTY_GT,untrusted empty-GT in contaminated source
BCL_f2207.png,/hdd1/hieulc/datacrack/images/training/BCL_f2207.png,/hdd1/hieulc/datacrack/annotations/training/BCL_f2207.png,train,BCL,QUARANTINE_UNCERTIFIED_EMPTY_GT,untrusted empty-GT in contaminated source
BCL_f2208.png,/hdd1/hieulc/datacrack/images/training/BCL_f2208.png,/hdd1/hieulc/datacrack/annotations/training/BCL_f2208.png,train,BCL,QUARANTINE_UNCERTIFIED_EMPTY_GT,untrusted empty-GT in contaminated source
BCL_f2209.png,/hdd1/hieulc/datacrack/images/training/BCL_f2209.png,/hdd1/hieulc/datacrack/annotations/training/BCL_f2209.png,train,BCL,QUARANTINE_UNCERTIFIED_EMPTY_GT,untrusted empty-GT in contaminated source
BCL_f221.png,/hdd1/hieulc/datacrack/images/training/BCL_f221.png,/hdd1/hieulc/datacrack/annotations/training/BCL_f221.png,train,BCL,QUARANTINE_UNCERTIFIED_EMPTY_GT,untrusted empty-GT in contaminated source
BCL_f2210.png,/hdd1/hieulc/datacrack/images/training/BCL_f2210.png,/hdd1/hieulc/datacrack/annotations/training/BCL_f2210.png,train,BCL,QUARANTINE_UNCERTIFIED_EMPTY_GT,untrusted empty-GT in contaminated source
BCL_f2212.png,/hdd1/hieulc/datacrack/images/training/BCL_f2212.png,/hdd1/hieulc/datacrack/annotations/training/BCL_f2212.png,train,BCL,QUARANTINE_UNCERTIFIED_EMPTY_GT,untrusted empty-GT in contaminated source
BCL_f2213.png,/hdd1/hieulc/datacrack/images/training/BCL_f2213.png,/hdd1/hieulc/datacrack/annotations/training/BCL_f2213.png,train,BCL,QUARANTINE_UNCERTIFIED_EMPTY_GT,untrusted empty-GT in contaminated source
BCL_f2214.png,/hdd1/hieulc/datacrack/images/training/BCL_f2214.png,/hdd1/hieulc/datacrack/annotations/training/BCL_f2214.png,train,BCL,QUARANTINE_UNCERTIFIED_EMPTY_GT,untrusted empty-GT in contaminated source
BCL_f2215.png,/hdd1/hieulc/datacrack/images/training/BCL_f2215.png,/hdd1/hieulc/datacrack/annotations/training/BCL_f2215.png,train,BCL,QUARANTINE_UNCERTIFIED_EMPTY_GT,untrusted empty-GT in contaminated source
BCL_f2216.png,/hdd1/hieulc/datacrack/images/training/BCL_f2216.png,/hdd1/hieulc/datacrack/annotations/training/BCL_f2216.png,train,BCL,QUARANTINE_UNCERTIFIED_EMPTY_GT,untrusted empty-GT in contaminated source
BCL_f2217.png,/hdd1/hieulc/datacrack/images/training/BCL_f2217.png,/hdd1/hieulc/datacrack/annotations/training/BCL_f2217.png,train,BCL,QUARANTINE_UNCERTIFIED_EMPTY_GT,untrusted empty-GT in contaminated source
BCL_f2218.png,/hdd1/hieulc/datacrack/images/training/BCL_f2218.png,/hdd1/hieulc/datacrack/annotations/training/BCL_f2218.png,train,BCL,QUARANTINE_UNCERTIFIED_EMPTY_GT,untrusted empty-GT in contaminated source
BCL_f2219.png,/hdd1/hieulc/datacrack/images/training/BCL_f2219.png,/hdd1/hieulc/datacrack/annotations/training/BCL_f2219.png,train,BCL,QUARANTINE_UNCERTIFIED_EMPTY_GT,untrusted empty-GT in contaminated source
BCL_f222.png,/hdd1/hieulc/datacrack/images/training/BCL_f222.png,/hdd1/hieulc/datacrack/annotations/training/BCL_f222.png,train,BCL,QUARANTINE_UNCERTIFIED_EMPTY_GT,untrusted empty-GT in contaminated source
BCL_f2220.png,/hdd1/hieulc/datacrack/images/training/BCL_f2220.png,/hdd1/hieulc/datacrack/annotations/training/BCL_f2220.png,train,BCL,QUARANTINE_UNCERTIFIED_EMPTY_GT,untrusted empty-GT in contaminated source
BCL_f2221.png,/hdd1/hieulc/datacrack/images/training/BCL_f2221.png,/hdd1/hieulc/datacrack/annotations/training/BCL_f2221.png,train,BCL,QUARANTINE_UNCERTIFIED_EMPTY_GT,untrusted empty-GT in contaminated source
BCL_f2222.png,/hdd1/hieulc/datacrack/images/training/BCL_f2222.png,/hdd1/hieulc/datacrack/annotations/training/BCL_f2222.png,train,BCL,QUARANTINE_UNCERTIFIED_EMPTY_GT,untrusted empty-GT in contaminated source
BCL_f2223.png,/hdd1/hieulc/datacrack/images/training/BCL_f2223.png,/hdd1/hieulc/datacrack/annotations/training/BCL_f2223.png,train,BCL,QUARANTINE_UNCERTIFIED_EMPTY_GT,untrusted empty-GT in contaminated source
BCL_f2224.png,/hdd1/hieulc/datacrack/images/training/BCL_f2224.png,/hdd1/hieulc/datacrack/annotations/training/BCL_f2224.png,train,BCL,QUARANTINE_UNCERTIFIED_EMPTY_GT,untrusted empty-GT in contaminated source
BCL_f2225.png,/hdd1/hieulc/datacrack/images/training/BCL_f2225.png,/hdd1/hieulc/datacrack/annotations/training/BCL_f2225.png,train,BCL,QUARANTINE_UNCERTIFIED_EMPTY_GT,untrusted empty-GT in contaminated source
BCL_f2226.png,/hdd1/hieulc/datacrack/images/training/BCL_f2226.png,/hdd1/hieulc/datacrack/annotations/training/BCL_f2226.png,train,BCL,QUARANTINE_UNCERTIFIED_EMPTY_GT,untrusted empty-GT in contaminated source
BCL_f2227.png,/hdd1/hieulc/datacrack/images/training/BCL_f2227.png,/hdd1/hieulc/datacrack/annotations/training/BCL_f2227.png,train,BCL,QUARANTINE_UNCERTIFIED_EMPTY_GT,untrusted empty-GT in contaminated source
BCL_f2228.png,/hdd1/hieulc/datacrack/images/training/BCL_f2228.png,/hdd1/hieulc/datacrack/annotations/training/BCL_f2228.png,train,BCL,QUARANTINE_UNCERTIFIED_EMPTY_GT,untrusted empty-GT in contaminated source
BCL_f223.png,/hdd1/hieulc/datacrack/images/training/BCL_f223.png,/hdd1/hieulc/datacrack/annotations/training/BCL_f223.png,train,BCL,QUARANTINE_UNCERTIFIED_EMPTY_GT,untrusted empty-GT in contaminated source
BCL_f2230.png,/hdd1/hieulc/datacrack/images/training/BCL_f2230.png,/hdd1/hieulc/datacrack/annotations/training/BCL_f2230.png,train,BCL,QUARANTINE_UNCERTIFIED_EMPTY_GT,untrusted empty-GT in contaminated source
BCL_f2231.png,/hdd1/hieulc/datacrack/images/training/BCL_f2231.png,/hdd1/hieulc/datacrack/annotations/training/BCL_f2231.png,train,BCL,QUARANTINE_UNCERTIFIED_EMPTY_GT,untrusted empty-GT in contaminated source
BCL_f2232.png,/hdd1/hieulc/datacrack/images/training/BCL_f2232.png,/hdd1/hieulc/datacrack/annotations/training/BCL_f2232.png,train,BCL,QUARANTINE_UNCERTIFIED_EMPTY_GT,untrusted empty-GT in contaminated source
BCL_f2235.png,/hdd1/hieulc/datacrack/images/training/BCL_f2235.png,/hdd1/hieulc/datacrack/annotations/training/BCL_f2235.png,train,BCL,QUARANTINE_UNCERTIFIED_EMPTY_GT,untrusted empty-GT in contaminated source
BCL_f2236.png,/hdd1/hieulc/datacrack/images/training/BCL_f2236.png,/hdd1/hieulc/datacrack/annotations/training/BCL_f2236.png,train,BCL,QUARANTINE_UNCERTIFIED_EMPTY_GT,untrusted empty-GT in contaminated source
BCL_f2237.png,/hdd1/hieulc/datacrack/images/training/BCL_f2237.png,/hdd1/hieulc/datacrack/annotations/training/BCL_f2237.png,train,BCL,QUARANTINE_UNCERTIFIED_EMPTY_GT,untrusted empty-GT in contaminated source
BCL_f2238.png,/hdd1/hieulc/datacrack/images/training/BCL_f2238.png,/hdd1/hieulc/datacrack/annotations/training/BCL_f2238.png,train,BCL,QUARANTINE_UNCERTIFIED_EMPTY_GT,untrusted empty-GT in contaminated source
BCL_f224.png,/hdd1/hieulc/datacrack/images/training/BCL_f224.png,/hdd1/hieulc/datacrack/annotations/training/BCL_f224.png,train,BCL,QUARANTINE_UNCERTIFIED_EMPTY_GT,untrusted empty-GT in contaminated source
BCL_f2240.png,/hdd1/hieulc/datacrack/images/training/BCL_f2240.png,/hdd1/hieulc/datacrack/annotations/training/BCL_f2240.png,train,BCL,QUARANTINE_UNCERTIFIED_EMPTY_GT,untrusted empty-GT in contaminated source
BCL_f2242.png,/hdd1/hieulc/datacrack/images/training/BCL_f2242.png,/hdd1/hieulc/datacrack/annotations/training/BCL_f2242.png,train,BCL,QUARANTINE_UNCERTIFIED_EMPTY_GT,untrusted empty-GT in contaminated source
BCL_f2243.png,/hdd1/hieulc/datacrack/images/training/BCL_f2243.png,/hdd1/hieulc/datacrack/annotations/training/BCL_f2243.png,train,BCL,QUARANTINE_UNCERTIFIED_EMPTY_GT,untrusted empty-GT in contaminated source
BCL_f2244.png,/hdd1/hieulc/datacrack/images/training/BCL_f2244.png,/hdd1/hieulc/datacrack/annotations/training/BCL_f2244.png,train,BCL,QUARANTINE_UNCERTIFIED_EMPTY_GT,untrusted empty-GT in contaminated source
BCL_f2245.png,/hdd1/hieulc/datacrack/images/training/BCL_f2245.png,/hdd1/hieulc/datacrack/annotations/training/BCL_f2245.png,train,BCL,QUARANTINE_UNCERTIFIED_EMPTY_GT,untrusted empty-GT in contaminated source
BCL_f2247.png,/hdd1/hieulc/datacrack/images/training/BCL_f2247.png,/hdd1/hieulc/datacrack/annotations/training/BCL_f2247.png,train,BCL,QUARANTINE_UNCERTIFIED_EMPTY_GT,untrusted empty-GT in contaminated source
BCL_f2248.png,/hdd1/hieulc/datacrack/images/training/BCL_f2248.png,/hdd1/hieulc/datacrack/annotations/training/BCL_f2248.png,train,BCL,QUARANTINE_UNCERTIFIED_EMPTY_GT,untrusted empty-GT in contaminated source
BCL_f2249.png,/hdd1/hieulc/datacrack/images/training/BCL_f2249.png,/hdd1/hieulc/datacrack/annotations/training/BCL_f2249.png,train,BCL,QUARANTINE_UNCERTIFIED_EMPTY_GT,untrusted empty-GT in contaminated source
BCL_f225.png,/hdd1/hieulc/datacrack/images/training/BCL_f225.png,/hdd1/hieulc/datacrack/annotations/training/BCL_f225.png,train,BCL,QUARANTINE_UNCERTIFIED_EMPTY_GT,untrusted empty-GT in contaminated source
BCL_f2250.png,/hdd1/hieulc/datacrack/images/training/BCL_f2250.png,/hdd1/hieulc/datacrack/annotations/training/BCL_f2250.png,train,BCL,QUARANTINE_UNCERTIFIED_EMPTY_GT,untrusted empty-GT in contaminated source
BCL_f2251.png,/hdd1/hieulc/datacrack/images/training/BCL_f2251.png,/hdd1/hieulc/datacrack/annotations/training/BCL_f2251.png,train,BCL,QUARANTINE_UNCERTIFIED_EMPTY_GT,untrusted empty-GT in contaminated source
BCL_f2252.png,/hdd1/hieulc/datacrack/images/training/BCL_f2252.png,/hdd1/hieulc/datacrack/annotations/training/BCL_f2252.png,train,BCL,QUARANTINE_UNCERTIFIED_EMPTY_GT,untrusted empty-GT in contaminated source
BCL_f2254.png,/hdd1/hieulc/datacrack/images/training/BCL_f2254.png,/hdd1/hieulc/datacrack/annotations/training/BCL_f2254.png,train,BCL,QUARANTINE_UNCERTIFIED_EMPTY_GT,untrusted empty-GT in contaminated source
BCL_f2255.png,/hdd1/hieulc/datacrack/images/training/BCL_f2255.png,/hdd1/hieulc/datacrack/annotations/training/BCL_f2255.png,train,BCL,QUARANTINE_UNCERTIFIED_EMPTY_GT,untrusted empty-GT in contaminated source
BCL_f2256.png,/hdd1/hieulc/datacrack/images/training/BCL_f2256.png,/hdd1/hieulc/datacrack/annotations/training/BCL_f2256.png,train,BCL,QUARANTINE_UNCERTIFIED_EMPTY_GT,untrusted empty-GT in contaminated source
BCL_f2257.png,/hdd1/hieulc/datacrack/images/training/BCL_f2257.png,/hdd1/hieulc/datacrack/annotations/training/BCL_f2257.png,train,BCL,QUARANTINE_UNCERTIFIED_EMPTY_GT,untrusted empty-GT in contaminated source
BCL_f2258.png,/hdd1/hieulc/datacrack/images/training/BCL_f2258.png,/hdd1/hieulc/datacrack/annotations/training/BCL_f2258.png,train,BCL,QUARANTINE_UNCERTIFIED_EMPTY_GT,untrusted empty-GT in contaminated source
BCL_f2259.png,/hdd1/hieulc/datacrack/images/training/BCL_f2259.png,/hdd1/hieulc/datacrack/annotations/training/BCL_f2259.png,train,BCL,QUARANTINE_UNCERTIFIED_EMPTY_GT,untrusted empty-GT in contaminated source
BCL_f2261.png,/hdd1/hieulc/datacrack/images/training/BCL_f2261.png,/hdd1/hieulc/datacrack/annotations/training/BCL_f2261.png,train,BCL,QUARANTINE_UNCERTIFIED_EMPTY_GT,untrusted empty-GT in contaminated source
BCL_f2262.png,/hdd1/hieulc/datacrack/images/training/BCL_f2262.png,/hdd1/hieulc/datacrack/annotations/training/BCL_f2262.png,train,BCL,QUARANTINE_UNCERTIFIED_EMPTY_GT,untrusted empty-GT in contaminated source
BCL_f2264.png,/hdd1/hieulc/datacrack/images/training/BCL_f2264.png,/hdd1/hieulc/datacrack/annotations/training/BCL_f2264.png,train,BCL,QUARANTINE_UNCERTIFIED_EMPTY_GT,untrusted empty-GT in contaminated source
BCL_f2265.png,/hdd1/hieulc/datacrack/images/training/BCL_f2265.png,/hdd1/hieulc/datacrack/annotations/training/BCL_f2265.png,train,BCL,QUARANTINE_UNCERTIFIED_EMPTY_GT,untrusted empty-GT in contaminated source
BCL_f2266.png,/hdd1/hieulc/datacrack/images/training/BCL_f2266.png,/hdd1/hieulc/datacrack/annotations/training/BCL_f2266.png,train,BCL,QUARANTINE_UNCERTIFIED_EMPTY_GT,untrusted empty-GT in contaminated source
BCL_f2267.png,/hdd1/hieulc/datacrack/images/training/BCL_f2267.png,/hdd1/hieulc/datacrack/annotations/training/BCL_f2267.png,train,BCL,QUARANTINE_UNCERTIFIED_EMPTY_GT,untrusted empty-GT in contaminated source
BCL_f2268.png,/hdd1/hieulc/datacrack/images/training/BCL_f2268.png,/hdd1/hieulc/datacrack/annotations/training/BCL_f2268.png,train,BCL,QUARANTINE_UNCERTIFIED_EMPTY_GT,untrusted empty-GT in contaminated source
BCL_f2269.png,/hdd1/hieulc/datacrack/images/training/BCL_f2269.png,/hdd1/hieulc/datacrack/annotations/training/BCL_f2269.png,train,BCL,QUARANTINE_UNCERTIFIED_EMPTY_GT,untrusted empty-GT in contaminated source
BCL_f227.png,/hdd1/hieulc/datacrack/images/training/BCL_f227.png,/hdd1/hieulc/datacrack/annotations/training/BCL_f227.png,train,BCL,QUARANTINE_UNCERTIFIED_EMPTY_GT,untrusted empty-GT in contaminated source
BCL_f2270.png,/hdd1/hieulc/datacrack/images/training/BCL_f2270.png,/hdd1/hieulc/datacrack/annotations/training/BCL_f2270.png,train,BCL,QUARANTINE_UNCERTIFIED_EMPTY_GT,untrusted empty-GT in contaminated source
BCL_f2271.png,/hdd1/hieulc/datacrack/images/training/BCL_f2271.png,/hdd1/hieulc/datacrack/annotations/training/BCL_f2271.png,train,BCL,QUARANTINE_UNCERTIFIED_EMPTY_GT,untrusted empty-GT in contaminated source
BCL_f2272.png,/hdd1/hieulc/datacrack/images/training/BCL_f2272.png,/hdd1/hieulc/datacrack/annotations/training/BCL_f2272.png,train,BCL,QUARANTINE_UNCERTIFIED_EMPTY_GT,untrusted empty-GT in contaminated source
BCL_f2273.png,/hdd1/hieulc/datacrack/images/training/BCL_f2273.png,/hdd1/hieulc/datacrack/annotations/training/BCL_f2273.png,train,BCL,QUARANTINE_UNCERTIFIED_EMPTY_GT,untrusted empty-GT in contaminated source
BCL_f2275.png,/hdd1/hieulc/datacrack/images/training/BCL_f2275.png,/hdd1/hieulc/datacrack/annotations/training/BCL_f2275.png,train,BCL,QUARANTINE_UNCERTIFIED_EMPTY_GT,untrusted empty-GT in contaminated source
BCL_f2276.png,/hdd1/hieulc/datacrack/images/training/BCL_f2276.png,/hdd1/hieulc/datacrack/annotations/training/BCL_f2276.png,train,BCL,QUARANTINE_UNCERTIFIED_EMPTY_GT,untrusted empty-GT in contaminated source
BCL_f2278.png,/hdd1/hieulc/datacrack/images/training/BCL_f2278.png,/hdd1/hieulc/datacrack/annotations/training/BCL_f2278.png,train,BCL,QUARANTINE_UNCERTIFIED_EMPTY_GT,untrusted empty-GT in contaminated source
BCL_f2279.png,/hdd1/hieulc/datacrack/images/training/BCL_f2279.png,/hdd1/hieulc/datacrack/annotations/training/BCL_f2279.png,train,BCL,QUARANTINE_UNCERTIFIED_EMPTY_GT,untrusted empty-GT in contaminated source
BCL_f228.png,/hdd1/hieulc/datacrack/images/training/BCL_f228.png,/hdd1/hieulc/datacrack/annotations/training/BCL_f228.png,train,BCL,QUARANTINE_UNCERTIFIED_EMPTY_GT,untrusted empty-GT in contaminated source
BCL_f2280.png,/hdd1/hieulc/datacrack/images/training/BCL_f2280.png,/hdd1/hieulc/datacrack/annotations/training/BCL_f2280.png,train,BCL,QUARANTINE_UNCERTIFIED_EMPTY_GT,untrusted empty-GT in contaminated source
BCL_f2281.png,/hdd1/hieulc/datacrack/images/training/BCL_f2281.png,/hdd1/hieulc/datacrack/annotations/training/BCL_f2281.png,train,BCL,QUARANTINE_UNCERTIFIED_EMPTY_GT,untrusted empty-GT in contaminated source
BCL_f2282.png,/hdd1/hieulc/datacrack/images/training/BCL_f2282.png,/hdd1/hieulc/datacrack/annotations/training/BCL_f2282.png,train,BCL,QUARANTINE_UNCERTIFIED_EMPTY_GT,untrusted empty-GT in contaminated source
BCL_f2283.png,/hdd1/hieulc/datacrack/images/training/BCL_f2283.png,/hdd1/hieulc/datacrack/annotations/training/BCL_f2283.png,train,BCL,QUARANTINE_UNCERTIFIED_EMPTY_GT,untrusted empty-GT in contaminated source
BCL_f2287.png,/hdd1/hieulc/datacrack/images/training/BCL_f2287.png,/hdd1/hieulc/datacrack/annotations/training/BCL_f2287.png,train,BCL,QUARANTINE_UNCERTIFIED_EMPTY_GT,untrusted empty-GT in contaminated source
BCL_f229.png,/hdd1/hieulc/datacrack/images/training/BCL_f229.png,/hdd1/hieulc/datacrack/annotations/training/BCL_f229.png,train,BCL,QUARANTINE_UNCERTIFIED_EMPTY_GT,untrusted empty-GT in contaminated source
BCL_f2291.png,/hdd1/hieulc/datacrack/images/training/BCL_f2291.png,/hdd1/hieulc/datacrack/annotations/training/BCL_f2291.png,train,BCL,QUARANTINE_UNCERTIFIED_EMPTY_GT,untrusted empty-GT in contaminated source
BCL_f2292.png,/hdd1/hieulc/datacrack/images/training/BCL_f2292.png,/hdd1/hieulc/datacrack/annotations/training/BCL_f2292.png,train,BCL,QUARANTINE_UNCERTIFIED_EMPTY_GT,untrusted empty-GT in contaminated source
BCL_f2293.png,/hdd1/hieulc/datacrack/images/training/BCL_f2293.png,/hdd1/hieulc/datacrack/annotations/training/BCL_f2293.png,train,BCL,QUARANTINE_UNCERTIFIED_EMPTY_GT,untrusted empty-GT in contaminated source
BCL_f2294.png,/hdd1/hieulc/datacrack/images/training/BCL_f2294.png,/hdd1/hieulc/datacrack/annotations/training/BCL_f2294.png,train,BCL,QUARANTINE_UNCERTIFIED_EMPTY_GT,untrusted empty-GT in contaminated source
BCL_f2295.png,/hdd1/hieulc/datacrack/images/training/BCL_f2295.png,/hdd1/hieulc/datacrack/annotations/training/BCL_f2295.png,train,BCL,QUARANTINE_UNCERTIFIED_EMPTY_GT,untrusted empty-GT in contaminated source
BCL_f2296.png,/hdd1/hieulc/datacrack/images/training/BCL_f2296.png,/hdd1/hieulc/datacrack/annotations/training/BCL_f2296.png,train,BCL,QUARANTINE_UNCERTIFIED_EMPTY_GT,untrusted empty-GT in contaminated source
BCL_f2297.png,/hdd1/hieulc/datacrack/images/training/BCL_f2297.png,/hdd1/hieulc/datacrack/annotations/training/BCL_f2297.png,train,BCL,QUARANTINE_UNCERTIFIED_EMPTY_GT,untrusted empty-GT in contaminated source
BCL_f2298.png,/hdd1/hieulc/datacrack/images/training/BCL_f2298.png,/hdd1/hieulc/datacrack/annotations/training/BCL_f2298.png,train,BCL,QUARANTINE_UNCERTIFIED_EMPTY_GT,untrusted empty-GT in contaminated source
BCL_f2299.png,/hdd1/hieulc/datacrack/images/training/BCL_f2299.png,/hdd1/hieulc/datacrack/annotations/training/BCL_f2299.png,train,BCL,QUARANTINE_UNCERTIFIED_EMPTY_GT,untrusted empty-GT in contaminated source
BCL_f23.png,/hdd1/hieulc/datacrack/images/training/BCL_f23.png,/hdd1/hieulc/datacrack/annotations/training/BCL_f23.png,train,BCL,QUARANTINE_UNCERTIFIED_EMPTY_GT,untrusted empty-GT in contaminated source
BCL_f2300.png,/hdd1/hieulc/datacrack/images/training/BCL_f2300.png,/hdd1/hieulc/datacrack/annotations/training/BCL_f2300.png,train,BCL,QUARANTINE_UNCERTIFIED_EMPTY_GT,untrusted empty-GT in contaminated source
BCL_f2303.png,/hdd1/hieulc/datacrack/images/training/BCL_f2303.png,/hdd1/hieulc/datacrack/annotations/training/BCL_f2303.png,train,BCL,QUARANTINE_UNCERTIFIED_EMPTY_GT,untrusted empty-GT in contaminated source
BCL_f2304.png,/hdd1/hieulc/datacrack/images/training/BCL_f2304.png,/hdd1/hieulc/datacrack/annotations/training/BCL_f2304.png,train,BCL,QUARANTINE_UNCERTIFIED_EMPTY_GT,untrusted empty-GT in contaminated source
BCL_f2305.png,/hdd1/hieulc/datacrack/images/training/BCL_f2305.png,/hdd1/hieulc/datacrack/annotations/training/BCL_f2305.png,train,BCL,QUARANTINE_UNCERTIFIED_EMPTY_GT,untrusted empty-GT in contaminated source
BCL_f2306.png,/hdd1/hieulc/datacrack/images/training/BCL_f2306.png,/hdd1/hieulc/datacrack/annotations/training/BCL_f2306.png,train,BCL,QUARANTINE_UNCERTIFIED_EMPTY_GT,untrusted empty-GT in contaminated source
BCL_f2307.png,/hdd1/hieulc/datacrack/images/training/BCL_f2307.png,/hdd1/hieulc/datacrack/annotations/training/BCL_f2307.png,train,BCL,QUARANTINE_UNCERTIFIED_EMPTY_GT,untrusted empty-GT in contaminated source
BCL_f2308.png,/hdd1/hieulc/datacrack/images/training/BCL_f2308.png,/hdd1/hieulc/datacrack/annotations/training/BCL_f2308.png,train,BCL,QUARANTINE_UNCERTIFIED_EMPTY_GT,untrusted empty-GT in contaminated source
BCL_f2309.png,/hdd1/hieulc/datacrack/images/training/BCL_f2309.png,/hdd1/hieulc/datacrack/annotations/training/BCL_f2309.png,train,BCL,QUARANTINE_UNCERTIFIED_EMPTY_GT,untrusted empty-GT in contaminated source
BCL_f231.png,/hdd1/hieulc/datacrack/images/training/BCL_f231.png,/hdd1/hieulc/datacrack/annotations/training/BCL_f231.png,train,BCL,QUARANTINE_UNCERTIFIED_EMPTY_GT,untrusted empty-GT in contaminated source
BCL_f2310.png,/hdd1/hieulc/datacrack/images/training/BCL_f2310.png,/hdd1/hieulc/datacrack/annotations/training/BCL_f2310.png,train,BCL,QUARANTINE_UNCERTIFIED_EMPTY_GT,untrusted empty-GT in contaminated source
BCL_f2312.png,/hdd1/hieulc/datacrack/images/training/BCL_f2312.png,/hdd1/hieulc/datacrack/annotations/training/BCL_f2312.png,train,BCL,QUARANTINE_UNCERTIFIED_EMPTY_GT,untrusted empty-GT in contaminated source
BCL_f2313.png,/hdd1/hieulc/datacrack/images/training/BCL_f2313.png,/hdd1/hieulc/datacrack/annotations/training/BCL_f2313.png,train,BCL,QUARANTINE_UNCERTIFIED_EMPTY_GT,untrusted empty-GT in contaminated source
BCL_f2314.png,/hdd1/hieulc/datacrack/images/training/BCL_f2314.png,/hdd1/hieulc/datacrack/annotations/training/BCL_f2314.png,train,BCL,QUARANTINE_UNCERTIFIED_EMPTY_GT,untrusted empty-GT in contaminated source
BCL_f2315.png,/hdd1/hieulc/datacrack/images/training/BCL_f2315.png,/hdd1/hieulc/datacrack/annotations/training/BCL_f2315.png,train,BCL,QUARANTINE_UNCERTIFIED_EMPTY_GT,untrusted empty-GT in contaminated source
BCL_f2316.png,/hdd1/hieulc/datacrack/images/training/BCL_f2316.png,/hdd1/hieulc/datacrack/annotations/training/BCL_f2316.png,train,BCL,QUARANTINE_UNCERTIFIED_EMPTY_GT,untrusted empty-GT in contaminated source
BCL_f2318.png,/hdd1/hieulc/datacrack/images/training/BCL_f2318.png,/hdd1/hieulc/datacrack/annotations/training/BCL_f2318.png,train,BCL,QUARANTINE_UNCERTIFIED_EMPTY_GT,untrusted empty-GT in contaminated source
BCL_f2319.png,/hdd1/hieulc/datacrack/images/training/BCL_f2319.png,/hdd1/hieulc/datacrack/annotations/training/BCL_f2319.png,train,BCL,QUARANTINE_UNCERTIFIED_EMPTY_GT,untrusted empty-GT in contaminated source
BCL_f232.png,/hdd1/hieulc/datacrack/images/training/BCL_f232.png,/hdd1/hieulc/datacrack/annotations/training/BCL_f232.png,train,BCL,QUARANTINE_UNCERTIFIED_EMPTY_GT,untrusted empty-GT in contaminated source
BCL_f2320.png,/hdd1/hieulc/datacrack/images/training/BCL_f2320.png,/hdd1/hieulc/datacrack/annotations/training/BCL_f2320.png,train,BCL,QUARANTINE_UNCERTIFIED_EMPTY_GT,untrusted empty-GT in contaminated source
BCL_f2321.png,/hdd1/hieulc/datacrack/images/training/BCL_f2321.png,/hdd1/hieulc/datacrack/annotations/training/BCL_f2321.png,train,BCL,QUARANTINE_UNCERTIFIED_EMPTY_GT,untrusted empty-GT in contaminated source
BCL_f2322.png,/hdd1/hieulc/datacrack/images/training/BCL_f2322.png,/hdd1/hieulc/datacrack/annotations/training/BCL_f2322.png,train,BCL,QUARANTINE_UNCERTIFIED_EMPTY_GT,untrusted empty-GT in contaminated source
BCL_f2323.png,/hdd1/hieulc/datacrack/images/training/BCL_f2323.png,/hdd1/hieulc/datacrack/annotations/training/BCL_f2323.png,train,BCL,QUARANTINE_UNCERTIFIED_EMPTY_GT,untrusted empty-GT in contaminated source
BCL_f2324.png,/hdd1/hieulc/datacrack/images/training/BCL_f2324.png,/hdd1/hieulc/datacrack/annotations/training/BCL_f2324.png,train,BCL,QUARANTINE_UNCERTIFIED_EMPTY_GT,untrusted empty-GT in contaminated source
BCL_f2325.png,/hdd1/hieulc/datacrack/images/training/BCL_f2325.png,/hdd1/hieulc/datacrack/annotations/training/BCL_f2325.png,train,BCL,QUARANTINE_UNCERTIFIED_EMPTY_GT,untrusted empty-GT in contaminated source
BCL_f2327.png,/hdd1/hieulc/datacrack/images/training/BCL_f2327.png,/hdd1/hieulc/datacrack/annotations/training/BCL_f2327.png,train,BCL,QUARANTINE_UNCERTIFIED_EMPTY_GT,untrusted empty-GT in contaminated source
BCL_f2329.png,/hdd1/hieulc/datacrack/images/training/BCL_f2329.png,/hdd1/hieulc/datacrack/annotations/training/BCL_f2329.png,train,BCL,QUARANTINE_UNCERTIFIED_EMPTY_GT,untrusted empty-GT in contaminated source
BCL_f2330.png,/hdd1/hieulc/datacrack/images/training/BCL_f2330.png,/hdd1/hieulc/datacrack/annotations/training/BCL_f2330.png,train,BCL,QUARANTINE_UNCERTIFIED_EMPTY_GT,untrusted empty-GT in contaminated source
BCL_f2331.png,/hdd1/hieulc/datacrack/images/training/BCL_f2331.png,/hdd1/hieulc/datacrack/annotations/training/BCL_f2331.png,train,BCL,QUARANTINE_UNCERTIFIED_EMPTY_GT,untrusted empty-GT in contaminated source
BCL_f2332.png,/hdd1/hieulc/datacrack/images/training/BCL_f2332.png,/hdd1/hieulc/datacrack/annotations/training/BCL_f2332.png,train,BCL,QUARANTINE_UNCERTIFIED_EMPTY_GT,untrusted empty-GT in contaminated source
BCL_f2334.png,/hdd1/hieulc/datacrack/images/training/BCL_f2334.png,/hdd1/hieulc/datacrack/annotations/training/BCL_f2334.png,train,BCL,QUARANTINE_UNCERTIFIED_EMPTY_GT,untrusted empty-GT in contaminated source
BCL_f2335.png,/hdd1/hieulc/datacrack/images/training/BCL_f2335.png,/hdd1/hieulc/datacrack/annotations/training/BCL_f2335.png,train,BCL,QUARANTINE_UNCERTIFIED_EMPTY_GT,untrusted empty-GT in contaminated source
BCL_f2336.png,/hdd1/hieulc/datacrack/images/training/BCL_f2336.png,/hdd1/hieulc/datacrack/annotations/training/BCL_f2336.png,train,BCL,QUARANTINE_UNCERTIFIED_EMPTY_GT,untrusted empty-GT in contaminated source
BCL_f2338.png,/hdd1/hieulc/datacrack/images/training/BCL_f2338.png,/hdd1/hieulc/datacrack/annotations/training/BCL_f2338.png,train,BCL,QUARANTINE_UNCERTIFIED_EMPTY_GT,untrusted empty-GT in contaminated source
BCL_f2339.png,/hdd1/hieulc/datacrack/images/training/BCL_f2339.png,/hdd1/hieulc/datacrack/annotations/training/BCL_f2339.png,train,BCL,QUARANTINE_UNCERTIFIED_EMPTY_GT,untrusted empty-GT in contaminated source
BCL_f2340.png,/hdd1/hieulc/datacrack/images/training/BCL_f2340.png,/hdd1/hieulc/datacrack/annotations/training/BCL_f2340.png,train,BCL,QUARANTINE_UNCERTIFIED_EMPTY_GT,untrusted empty-GT in contaminated source
BCL_f2341.png,/hdd1/hieulc/datacrack/images/training/BCL_f2341.png,/hdd1/hieulc/datacrack/annotations/training/BCL_f2341.png,train,BCL,QUARANTINE_UNCERTIFIED_EMPTY_GT,untrusted empty-GT in contaminated source
BCL_f2343.png,/hdd1/hieulc/datacrack/images/training/BCL_f2343.png,/hdd1/hieulc/datacrack/annotations/training/BCL_f2343.png,train,BCL,QUARANTINE_UNCERTIFIED_EMPTY_GT,untrusted empty-GT in contaminated source
BCL_f2344.png,/hdd1/hieulc/datacrack/images/training/BCL_f2344.png,/hdd1/hieulc/datacrack/annotations/training/BCL_f2344.png,train,BCL,QUARANTINE_UNCERTIFIED_EMPTY_GT,untrusted empty-GT in contaminated source
BCL_f2345.png,/hdd1/hieulc/datacrack/images/training/BCL_f2345.png,/hdd1/hieulc/datacrack/annotations/training/BCL_f2345.png,train,BCL,QUARANTINE_UNCERTIFIED_EMPTY_GT,untrusted empty-GT in contaminated source
BCL_f2347.png,/hdd1/hieulc/datacrack/images/training/BCL_f2347.png,/hdd1/hieulc/datacrack/annotations/training/BCL_f2347.png,train,BCL,QUARANTINE_UNCERTIFIED_EMPTY_GT,untrusted empty-GT in contaminated source
BCL_f2348.png,/hdd1/hieulc/datacrack/images/training/BCL_f2348.png,/hdd1/hieulc/datacrack/annotations/training/BCL_f2348.png,train,BCL,QUARANTINE_UNCERTIFIED_EMPTY_GT,untrusted empty-GT in contaminated source
BCL_f2349.png,/hdd1/hieulc/datacrack/images/training/BCL_f2349.png,/hdd1/hieulc/datacrack/annotations/training/BCL_f2349.png,train,BCL,QUARANTINE_UNCERTIFIED_EMPTY_GT,untrusted empty-GT in contaminated source
BCL_f235.png,/hdd1/hieulc/datacrack/images/training/BCL_f235.png,/hdd1/hieulc/datacrack/annotations/training/BCL_f235.png,train,BCL,QUARANTINE_UNCERTIFIED_EMPTY_GT,untrusted empty-GT in contaminated source
BCL_f2351.png,/hdd1/hieulc/datacrack/images/training/BCL_f2351.png,/hdd1/hieulc/datacrack/annotations/training/BCL_f2351.png,train,BCL,QUARANTINE_UNCERTIFIED_EMPTY_GT,untrusted empty-GT in contaminated source
BCL_f2352.png,/hdd1/hieulc/datacrack/images/training/BCL_f2352.png,/hdd1/hieulc/datacrack/annotations/training/BCL_f2352.png,train,BCL,QUARANTINE_UNCERTIFIED_EMPTY_GT,untrusted empty-GT in contaminated source
BCL_f2353.png,/hdd1/hieulc/datacrack/images/training/BCL_f2353.png,/hdd1/hieulc/datacrack/annotations/training/BCL_f2353.png,train,BCL,QUARANTINE_UNCERTIFIED_EMPTY_GT,untrusted empty-GT in contaminated source
BCL_f2354.png,/hdd1/hieulc/datacrack/images/training/BCL_f2354.png,/hdd1/hieulc/datacrack/annotations/training/BCL_f2354.png,train,BCL,QUARANTINE_UNCERTIFIED_EMPTY_GT,untrusted empty-GT in contaminated source
BCL_f2355.png,/hdd1/hieulc/datacrack/images/training/BCL_f2355.png,/hdd1/hieulc/datacrack/annotations/training/BCL_f2355.png,train,BCL,QUARANTINE_UNCERTIFIED_EMPTY_GT,untrusted empty-GT in contaminated source
BCL_f2356.png,/hdd1/hieulc/datacrack/images/training/BCL_f2356.png,/hdd1/hieulc/datacrack/annotations/training/BCL_f2356.png,train,BCL,QUARANTINE_UNCERTIFIED_EMPTY_GT,untrusted empty-GT in contaminated source
BCL_f2357.png,/hdd1/hieulc/datacrack/images/training/BCL_f2357.png,/hdd1/hieulc/datacrack/annotations/training/BCL_f2357.png,train,BCL,QUARANTINE_UNCERTIFIED_EMPTY_GT,untrusted empty-GT in contaminated source
BCL_f2358.png,/hdd1/hieulc/datacrack/images/training/BCL_f2358.png,/hdd1/hieulc/datacrack/annotations/training/BCL_f2358.png,train,BCL,QUARANTINE_UNCERTIFIED_EMPTY_GT,untrusted empty-GT in contaminated source
BCL_f2360.png,/hdd1/hieulc/datacrack/images/training/BCL_f2360.png,/hdd1/hieulc/datacrack/annotations/training/BCL_f2360.png,train,BCL,QUARANTINE_UNCERTIFIED_EMPTY_GT,untrusted empty-GT in contaminated source
BCL_f2362.png,/hdd1/hieulc/datacrack/images/training/BCL_f2362.png,/hdd1/hieulc/datacrack/annotations/training/BCL_f2362.png,train,BCL,QUARANTINE_UNCERTIFIED_EMPTY_GT,untrusted empty-GT in contaminated source
BCL_f2363.png,/hdd1/hieulc/datacrack/images/training/BCL_f2363.png,/hdd1/hieulc/datacrack/annotations/training/BCL_f2363.png,train,BCL,QUARANTINE_UNCERTIFIED_EMPTY_GT,untrusted empty-GT in contaminated source
BCL_f2364.png,/hdd1/hieulc/datacrack/images/training/BCL_f2364.png,/hdd1/hieulc/datacrack/annotations/training/BCL_f2364.png,train,BCL,QUARANTINE_UNCERTIFIED_EMPTY_GT,untrusted empty-GT in contaminated source
BCL_f2365.png,/hdd1/hieulc/datacrack/images/training/BCL_f2365.png,/hdd1/hieulc/datacrack/annotations/training/BCL_f2365.png,train,BCL,QUARANTINE_UNCERTIFIED_EMPTY_GT,untrusted empty-GT in contaminated source
BCL_f2367.png,/hdd1/hieulc/datacrack/images/training/BCL_f2367.png,/hdd1/hieulc/datacrack/annotations/training/BCL_f2367.png,train,BCL,QUARANTINE_UNCERTIFIED_EMPTY_GT,untrusted empty-GT in contaminated source
BCL_f2369.png,/hdd1/hieulc/datacrack/images/training/BCL_f2369.png,/hdd1/hieulc/datacrack/annotations/training/BCL_f2369.png,train,BCL,QUARANTINE_UNCERTIFIED_EMPTY_GT,untrusted empty-GT in contaminated source
BCL_f237.png,/hdd1/hieulc/datacrack/images/training/BCL_f237.png,/hdd1/hieulc/datacrack/annotations/training/BCL_f237.png,train,BCL,QUARANTINE_UNCERTIFIED_EMPTY_GT,untrusted empty-GT in contaminated source
BCL_f2370.png,/hdd1/hieulc/datacrack/images/training/BCL_f2370.png,/hdd1/hieulc/datacrack/annotations/training/BCL_f2370.png,train,BCL,QUARANTINE_UNCERTIFIED_EMPTY_GT,untrusted empty-GT in contaminated source
BCL_f2371.png,/hdd1/hieulc/datacrack/images/training/BCL_f2371.png,/hdd1/hieulc/datacrack/annotations/training/BCL_f2371.png,train,BCL,QUARANTINE_UNCERTIFIED_EMPTY_GT,untrusted empty-GT in contaminated source
BCL_f2372.png,/hdd1/hieulc/datacrack/images/training/BCL_f2372.png,/hdd1/hieulc/datacrack/annotations/training/BCL_f2372.png,train,BCL,QUARANTINE_UNCERTIFIED_EMPTY_GT,untrusted empty-GT in contaminated source
BCL_f2374.png,/hdd1/hieulc/datacrack/images/training/BCL_f2374.png,/hdd1/hieulc/datacrack/annotations/training/BCL_f2374.png,train,BCL,QUARANTINE_UNCERTIFIED_EMPTY_GT,untrusted empty-GT in contaminated source
BCL_f2375.png,/hdd1/hieulc/datacrack/images/training/BCL_f2375.png,/hdd1/hieulc/datacrack/annotations/training/BCL_f2375.png,train,BCL,QUARANTINE_UNCERTIFIED_EMPTY_GT,untrusted empty-GT in contaminated source
BCL_f2376.png,/hdd1/hieulc/datacrack/images/training/BCL_f2376.png,/hdd1/hieulc/datacrack/annotations/training/BCL_f2376.png,train,BCL,QUARANTINE_UNCERTIFIED_EMPTY_GT,untrusted empty-GT in contaminated source
BCL_f2377.png,/hdd1/hieulc/datacrack/images/training/BCL_f2377.png,/hdd1/hieulc/datacrack/annotations/training/BCL_f2377.png,train,BCL,QUARANTINE_UNCERTIFIED_EMPTY_GT,untrusted empty-GT in contaminated source
BCL_f2378.png,/hdd1/hieulc/datacrack/images/training/BCL_f2378.png,/hdd1/hieulc/datacrack/annotations/training/BCL_f2378.png,train,BCL,QUARANTINE_UNCERTIFIED_EMPTY_GT,untrusted empty-GT in contaminated source
BCL_f2379.png,/hdd1/hieulc/datacrack/images/training/BCL_f2379.png,/hdd1/hieulc/datacrack/annotations/training/BCL_f2379.png,train,BCL,QUARANTINE_UNCERTIFIED_EMPTY_GT,untrusted empty-GT in contaminated source
BCL_f238.png,/hdd1/hieulc/datacrack/images/training/BCL_f238.png,/hdd1/hieulc/datacrack/annotations/training/BCL_f238.png,train,BCL,QUARANTINE_UNCERTIFIED_EMPTY_GT,untrusted empty-GT in contaminated source
BCL_f2380.png,/hdd1/hieulc/datacrack/images/training/BCL_f2380.png,/hdd1/hieulc/datacrack/annotations/training/BCL_f2380.png,train,BCL,QUARANTINE_UNCERTIFIED_EMPTY_GT,untrusted empty-GT in contaminated source
BCL_f2381.png,/hdd1/hieulc/datacrack/images/training/BCL_f2381.png,/hdd1/hieulc/datacrack/annotations/training/BCL_f2381.png,train,BCL,QUARANTINE_UNCERTIFIED_EMPTY_GT,untrusted empty-GT in contaminated source
BCL_f2382.png,/hdd1/hieulc/datacrack/images/training/BCL_f2382.png,/hdd1/hieulc/datacrack/annotations/training/BCL_f2382.png,train,BCL,QUARANTINE_UNCERTIFIED_EMPTY_GT,untrusted empty-GT in contaminated source
BCL_f2384.png,/hdd1/hieulc/datacrack/images/training/BCL_f2384.png,/hdd1/hieulc/datacrack/annotations/training/BCL_f2384.png,train,BCL,QUARANTINE_UNCERTIFIED_EMPTY_GT,untrusted empty-GT in contaminated source
BCL_f2385.png,/hdd1/hieulc/datacrack/images/training/BCL_f2385.png,/hdd1/hieulc/datacrack/annotations/training/BCL_f2385.png,train,BCL,QUARANTINE_UNCERTIFIED_EMPTY_GT,untrusted empty-GT in contaminated source
BCL_f2386.png,/hdd1/hieulc/datacrack/images/training/BCL_f2386.png,/hdd1/hieulc/datacrack/annotations/training/BCL_f2386.png,train,BCL,QUARANTINE_UNCERTIFIED_EMPTY_GT,untrusted empty-GT in contaminated source
BCL_f2387.png,/hdd1/hieulc/datacrack/images/training/BCL_f2387.png,/hdd1/hieulc/datacrack/annotations/training/BCL_f2387.png,train,BCL,QUARANTINE_UNCERTIFIED_EMPTY_GT,untrusted empty-GT in contaminated source
BCL_f2388.png,/hdd1/hieulc/datacrack/images/training/BCL_f2388.png,/hdd1/hieulc/datacrack/annotations/training/BCL_f2388.png,train,BCL,QUARANTINE_UNCERTIFIED_EMPTY_GT,untrusted empty-GT in contaminated source
BCL_f2389.png,/hdd1/hieulc/datacrack/images/training/BCL_f2389.png,/hdd1/hieulc/datacrack/annotations/training/BCL_f2389.png,train,BCL,QUARANTINE_UNCERTIFIED_EMPTY_GT,untrusted empty-GT in contaminated source
BCL_f2390.png,/hdd1/hieulc/datacrack/images/training/BCL_f2390.png,/hdd1/hieulc/datacrack/annotations/training/BCL_f2390.png,train,BCL,QUARANTINE_UNCERTIFIED_EMPTY_GT,untrusted empty-GT in contaminated source
BCL_f2391.png,/hdd1/hieulc/datacrack/images/training/BCL_f2391.png,/hdd1/hieulc/datacrack/annotations/training/BCL_f2391.png,train,BCL,QUARANTINE_UNCERTIFIED_EMPTY_GT,untrusted empty-GT in contaminated source
BCL_f2392.png,/hdd1/hieulc/datacrack/images/training/BCL_f2392.png,/hdd1/hieulc/datacrack/annotations/training/BCL_f2392.png,train,BCL,QUARANTINE_UNCERTIFIED_EMPTY_GT,untrusted empty-GT in contaminated source
BCL_f2393.png,/hdd1/hieulc/datacrack/images/training/BCL_f2393.png,/hdd1/hieulc/datacrack/annotations/training/BCL_f2393.png,train,BCL,QUARANTINE_UNCERTIFIED_EMPTY_GT,untrusted empty-GT in contaminated source
BCL_f2394.png,/hdd1/hieulc/datacrack/images/training/BCL_f2394.png,/hdd1/hieulc/datacrack/annotations/training/BCL_f2394.png,train,BCL,QUARANTINE_UNCERTIFIED_EMPTY_GT,untrusted empty-GT in contaminated source
BCL_f2395.png,/hdd1/hieulc/datacrack/images/training/BCL_f2395.png,/hdd1/hieulc/datacrack/annotations/training/BCL_f2395.png,train,BCL,QUARANTINE_UNCERTIFIED_EMPTY_GT,untrusted empty-GT in contaminated source
BCL_f2396.png,/hdd1/hieulc/datacrack/images/training/BCL_f2396.png,/hdd1/hieulc/datacrack/annotations/training/BCL_f2396.png,train,BCL,QUARANTINE_UNCERTIFIED_EMPTY_GT,untrusted empty-GT in contaminated source
BCL_f2397.png,/hdd1/hieulc/datacrack/images/training/BCL_f2397.png,/hdd1/hieulc/datacrack/annotations/training/BCL_f2397.png,train,BCL,QUARANTINE_UNCERTIFIED_EMPTY_GT,untrusted empty-GT in contaminated source
BCL_f2398.png,/hdd1/hieulc/datacrack/images/training/BCL_f2398.png,/hdd1/hieulc/datacrack/annotations/training/BCL_f2398.png,train,BCL,QUARANTINE_UNCERTIFIED_EMPTY_GT,untrusted empty-GT in contaminated source
BCL_f2399.png,/hdd1/hieulc/datacrack/images/training/BCL_f2399.png,/hdd1/hieulc/datacrack/annotations/training/BCL_f2399.png,train,BCL,QUARANTINE_UNCERTIFIED_EMPTY_GT,untrusted empty-GT in contaminated source
BCL_f24.png,/hdd1/hieulc/datacrack/images/training/BCL_f24.png,/hdd1/hieulc/datacrack/annotations/training/BCL_f24.png,train,BCL,QUARANTINE_UNCERTIFIED_EMPTY_GT,untrusted empty-GT in contaminated source
BCL_f2400.png,/hdd1/hieulc/datacrack/images/training/BCL_f2400.png,/hdd1/hieulc/datacrack/annotations/training/BCL_f2400.png,train,BCL,QUARANTINE_UNCERTIFIED_EMPTY_GT,untrusted empty-GT in contaminated source
BCL_f2402.png,/hdd1/hieulc/datacrack/images/training/BCL_f2402.png,/hdd1/hieulc/datacrack/annotations/training/BCL_f2402.png,train,BCL,QUARANTINE_UNCERTIFIED_EMPTY_GT,untrusted empty-GT in contaminated source
BCL_f2403.png,/hdd1/hieulc/datacrack/images/training/BCL_f2403.png,/hdd1/hieulc/datacrack/annotations/training/BCL_f2403.png,train,BCL,QUARANTINE_UNCERTIFIED_EMPTY_GT,untrusted empty-GT in contaminated source
BCL_f2404.png,/hdd1/hieulc/datacrack/images/training/BCL_f2404.png,/hdd1/hieulc/datacrack/annotations/training/BCL_f2404.png,train,BCL,QUARANTINE_UNCERTIFIED_EMPTY_GT,untrusted empty-GT in contaminated source
BCL_f2405.png,/hdd1/hieulc/datacrack/images/training/BCL_f2405.png,/hdd1/hieulc/datacrack/annotations/training/BCL_f2405.png,train,BCL,QUARANTINE_UNCERTIFIED_EMPTY_GT,untrusted empty-GT in contaminated source
BCL_f2406.png,/hdd1/hieulc/datacrack/images/training/BCL_f2406.png,/hdd1/hieulc/datacrack/annotations/training/BCL_f2406.png,train,BCL,QUARANTINE_UNCERTIFIED_EMPTY_GT,untrusted empty-GT in contaminated source
BCL_f2407.png,/hdd1/hieulc/datacrack/images/training/BCL_f2407.png,/hdd1/hieulc/datacrack/annotations/training/BCL_f2407.png,train,BCL,QUARANTINE_UNCERTIFIED_EMPTY_GT,untrusted empty-GT in contaminated source
BCL_f2408.png,/hdd1/hieulc/datacrack/images/training/BCL_f2408.png,/hdd1/hieulc/datacrack/annotations/training/BCL_f2408.png,train,BCL,QUARANTINE_UNCERTIFIED_EMPTY_GT,untrusted empty-GT in contaminated source
BCL_f2409.png,/hdd1/hieulc/datacrack/images/training/BCL_f2409.png,/hdd1/hieulc/datacrack/annotations/training/BCL_f2409.png,train,BCL,QUARANTINE_UNCERTIFIED_EMPTY_GT,untrusted empty-GT in contaminated source
BCL_f241.png,/hdd1/hieulc/datacrack/images/training/BCL_f241.png,/hdd1/hieulc/datacrack/annotations/training/BCL_f241.png,train,BCL,QUARANTINE_UNCERTIFIED_EMPTY_GT,untrusted empty-GT in contaminated source
BCL_f2410.png,/hdd1/hieulc/datacrack/images/training/BCL_f2410.png,/hdd1/hieulc/datacrack/annotations/training/BCL_f2410.png,train,BCL,QUARANTINE_UNCERTIFIED_EMPTY_GT,untrusted empty-GT in contaminated source
BCL_f2411.png,/hdd1/hieulc/datacrack/images/training/BCL_f2411.png,/hdd1/hieulc/datacrack/annotations/training/BCL_f2411.png,train,BCL,QUARANTINE_UNCERTIFIED_EMPTY_GT,untrusted empty-GT in contaminated source
BCL_f2413.png,/hdd1/hieulc/datacrack/images/training/BCL_f2413.png,/hdd1/hieulc/datacrack/annotations/training/BCL_f2413.png,train,BCL,QUARANTINE_UNCERTIFIED_EMPTY_GT,untrusted empty-GT in contaminated source
BCL_f2414.png,/hdd1/hieulc/datacrack/images/training/BCL_f2414.png,/hdd1/hieulc/datacrack/annotations/training/BCL_f2414.png,train,BCL,QUARANTINE_UNCERTIFIED_EMPTY_GT,untrusted empty-GT in contaminated source
BCL_f2415.png,/hdd1/hieulc/datacrack/images/training/BCL_f2415.png,/hdd1/hieulc/datacrack/annotations/training/BCL_f2415.png,train,BCL,QUARANTINE_UNCERTIFIED_EMPTY_GT,untrusted empty-GT in contaminated source
BCL_f2416.png,/hdd1/hieulc/datacrack/images/training/BCL_f2416.png,/hdd1/hieulc/datacrack/annotations/training/BCL_f2416.png,train,BCL,QUARANTINE_UNCERTIFIED_EMPTY_GT,untrusted empty-GT in contaminated source
BCL_f2417.png,/hdd1/hieulc/datacrack/images/training/BCL_f2417.png,/hdd1/hieulc/datacrack/annotations/training/BCL_f2417.png,train,BCL,QUARANTINE_UNCERTIFIED_EMPTY_GT,untrusted empty-GT in contaminated source
BCL_f2418.png,/hdd1/hieulc/datacrack/images/training/BCL_f2418.png,/hdd1/hieulc/datacrack/annotations/training/BCL_f2418.png,train,BCL,QUARANTINE_UNCERTIFIED_EMPTY_GT,untrusted empty-GT in contaminated source
BCL_f2419.png,/hdd1/hieulc/datacrack/images/training/BCL_f2419.png,/hdd1/hieulc/datacrack/annotations/training/BCL_f2419.png,train,BCL,QUARANTINE_UNCERTIFIED_EMPTY_GT,untrusted empty-GT in contaminated source
BCL_f242.png,/hdd1/hieulc/datacrack/images/training/BCL_f242.png,/hdd1/hieulc/datacrack/annotations/training/BCL_f242.png,train,BCL,QUARANTINE_UNCERTIFIED_EMPTY_GT,untrusted empty-GT in contaminated source
BCL_f2420.png,/hdd1/hieulc/datacrack/images/training/BCL_f2420.png,/hdd1/hieulc/datacrack/annotations/training/BCL_f2420.png,train,BCL,QUARANTINE_UNCERTIFIED_EMPTY_GT,untrusted empty-GT in contaminated source
BCL_f2422.png,/hdd1/hieulc/datacrack/images/training/BCL_f2422.png,/hdd1/hieulc/datacrack/annotations/training/BCL_f2422.png,train,BCL,QUARANTINE_UNCERTIFIED_EMPTY_GT,untrusted empty-GT in contaminated source
BCL_f2423.png,/hdd1/hieulc/datacrack/images/training/BCL_f2423.png,/hdd1/hieulc/datacrack/annotations/training/BCL_f2423.png,train,BCL,QUARANTINE_UNCERTIFIED_EMPTY_GT,untrusted empty-GT in contaminated source
BCL_f2424.png,/hdd1/hieulc/datacrack/images/training/BCL_f2424.png,/hdd1/hieulc/datacrack/annotations/training/BCL_f2424.png,train,BCL,QUARANTINE_UNCERTIFIED_EMPTY_GT,untrusted empty-GT in contaminated source
BCL_f2425.png,/hdd1/hieulc/datacrack/images/training/BCL_f2425.png,/hdd1/hieulc/datacrack/annotations/training/BCL_f2425.png,train,BCL,QUARANTINE_UNCERTIFIED_EMPTY_GT,untrusted empty-GT in contaminated source
BCL_f2426.png,/hdd1/hieulc/datacrack/images/training/BCL_f2426.png,/hdd1/hieulc/datacrack/annotations/training/BCL_f2426.png,train,BCL,QUARANTINE_UNCERTIFIED_EMPTY_GT,untrusted empty-GT in contaminated source
BCL_f2427.png,/hdd1/hieulc/datacrack/images/training/BCL_f2427.png,/hdd1/hieulc/datacrack/annotations/training/BCL_f2427.png,train,BCL,QUARANTINE_UNCERTIFIED_EMPTY_GT,untrusted empty-GT in contaminated source
BCL_f2428.png,/hdd1/hieulc/datacrack/images/training/BCL_f2428.png,/hdd1/hieulc/datacrack/annotations/training/BCL_f2428.png,train,BCL,QUARANTINE_UNCERTIFIED_EMPTY_GT,untrusted empty-GT in contaminated source
BCL_f2429.png,/hdd1/hieulc/datacrack/images/training/BCL_f2429.png,/hdd1/hieulc/datacrack/annotations/training/BCL_f2429.png,train,BCL,QUARANTINE_UNCERTIFIED_EMPTY_GT,untrusted empty-GT in contaminated source
BCL_f243.png,/hdd1/hieulc/datacrack/images/training/BCL_f243.png,/hdd1/hieulc/datacrack/annotations/training/BCL_f243.png,train,BCL,QUARANTINE_UNCERTIFIED_EMPTY_GT,untrusted empty-GT in contaminated source
BCL_f2430.png,/hdd1/hieulc/datacrack/images/training/BCL_f2430.png,/hdd1/hieulc/datacrack/annotations/training/BCL_f2430.png,train,BCL,QUARANTINE_UNCERTIFIED_EMPTY_GT,untrusted empty-GT in contaminated source
BCL_f2431.png,/hdd1/hieulc/datacrack/images/training/BCL_f2431.png,/hdd1/hieulc/datacrack/annotations/training/BCL_f2431.png,train,BCL,QUARANTINE_UNCERTIFIED_EMPTY_GT,untrusted empty-GT in contaminated source
BCL_f2434.png,/hdd1/hieulc/datacrack/images/training/BCL_f2434.png,/hdd1/hieulc/datacrack/annotations/training/BCL_f2434.png,train,BCL,QUARANTINE_UNCERTIFIED_EMPTY_GT,untrusted empty-GT in contaminated source
BCL_f2435.png,/hdd1/hieulc/datacrack/images/training/BCL_f2435.png,/hdd1/hieulc/datacrack/annotations/training/BCL_f2435.png,train,BCL,QUARANTINE_UNCERTIFIED_EMPTY_GT,untrusted empty-GT in contaminated source
BCL_f2437.png,/hdd1/hieulc/datacrack/images/training/BCL_f2437.png,/hdd1/hieulc/datacrack/annotations/training/BCL_f2437.png,train,BCL,QUARANTINE_UNCERTIFIED_EMPTY_GT,untrusted empty-GT in contaminated source
BCL_f2438.png,/hdd1/hieulc/datacrack/images/training/BCL_f2438.png,/hdd1/hieulc/datacrack/annotations/training/BCL_f2438.png,train,BCL,QUARANTINE_UNCERTIFIED_EMPTY_GT,untrusted empty-GT in contaminated source
BCL_f2439.png,/hdd1/hieulc/datacrack/images/training/BCL_f2439.png,/hdd1/hieulc/datacrack/annotations/training/BCL_f2439.png,train,BCL,QUARANTINE_UNCERTIFIED_EMPTY_GT,untrusted empty-GT in contaminated source
BCL_f244.png,/hdd1/hieulc/datacrack/images/training/BCL_f244.png,/hdd1/hieulc/datacrack/annotations/training/BCL_f244.png,train,BCL,QUARANTINE_UNCERTIFIED_EMPTY_GT,untrusted empty-GT in contaminated source
BCL_f2440.png,/hdd1/hieulc/datacrack/images/training/BCL_f2440.png,/hdd1/hieulc/datacrack/annotations/training/BCL_f2440.png,train,BCL,QUARANTINE_UNCERTIFIED_EMPTY_GT,untrusted empty-GT in contaminated source
BCL_f2441.png,/hdd1/hieulc/datacrack/images/training/BCL_f2441.png,/hdd1/hieulc/datacrack/annotations/training/BCL_f2441.png,train,BCL,QUARANTINE_UNCERTIFIED_EMPTY_GT,untrusted empty-GT in contaminated source
BCL_f2442.png,/hdd1/hieulc/datacrack/images/training/BCL_f2442.png,/hdd1/hieulc/datacrack/annotations/training/BCL_f2442.png,train,BCL,QUARANTINE_UNCERTIFIED_EMPTY_GT,untrusted empty-GT in contaminated source
BCL_f2443.png,/hdd1/hieulc/datacrack/images/training/BCL_f2443.png,/hdd1/hieulc/datacrack/annotations/training/BCL_f2443.png,train,BCL,QUARANTINE_UNCERTIFIED_EMPTY_GT,untrusted empty-GT in contaminated source
BCL_f2444.png,/hdd1/hieulc/datacrack/images/training/BCL_f2444.png,/hdd1/hieulc/datacrack/annotations/training/BCL_f2444.png,train,BCL,QUARANTINE_UNCERTIFIED_EMPTY_GT,untrusted empty-GT in contaminated source
BCL_f2445.png,/hdd1/hieulc/datacrack/images/training/BCL_f2445.png,/hdd1/hieulc/datacrack/annotations/training/BCL_f2445.png,train,BCL,QUARANTINE_UNCERTIFIED_EMPTY_GT,untrusted empty-GT in contaminated source
BCL_f2446.png,/hdd1/hieulc/datacrack/images/training/BCL_f2446.png,/hdd1/hieulc/datacrack/annotations/training/BCL_f2446.png,train,BCL,QUARANTINE_UNCERTIFIED_EMPTY_GT,untrusted empty-GT in contaminated source
BCL_f2447.png,/hdd1/hieulc/datacrack/images/training/BCL_f2447.png,/hdd1/hieulc/datacrack/annotations/training/BCL_f2447.png,train,BCL,QUARANTINE_UNCERTIFIED_EMPTY_GT,untrusted empty-GT in contaminated source
BCL_f2448.png,/hdd1/hieulc/datacrack/images/training/BCL_f2448.png,/hdd1/hieulc/datacrack/annotations/training/BCL_f2448.png,train,BCL,QUARANTINE_UNCERTIFIED_EMPTY_GT,untrusted empty-GT in contaminated source
BCL_f2449.png,/hdd1/hieulc/datacrack/images/training/BCL_f2449.png,/hdd1/hieulc/datacrack/annotations/training/BCL_f2449.png,train,BCL,QUARANTINE_UNCERTIFIED_EMPTY_GT,untrusted empty-GT in contaminated source
BCL_f245.png,/hdd1/hieulc/datacrack/images/training/BCL_f245.png,/hdd1/hieulc/datacrack/annotations/training/BCL_f245.png,train,BCL,QUARANTINE_UNCERTIFIED_EMPTY_GT,untrusted empty-GT in contaminated source
BCL_f2450.png,/hdd1/hieulc/datacrack/images/training/BCL_f2450.png,/hdd1/hieulc/datacrack/annotations/training/BCL_f2450.png,train,BCL,QUARANTINE_UNCERTIFIED_EMPTY_GT,untrusted empty-GT in contaminated source
BCL_f2452.png,/hdd1/hieulc/datacrack/images/training/BCL_f2452.png,/hdd1/hieulc/datacrack/annotations/training/BCL_f2452.png,train,BCL,QUARANTINE_UNCERTIFIED_EMPTY_GT,untrusted empty-GT in contaminated source
BCL_f2456.png,/hdd1/hieulc/datacrack/images/training/BCL_f2456.png,/hdd1/hieulc/datacrack/annotations/training/BCL_f2456.png,train,BCL,QUARANTINE_UNCERTIFIED_EMPTY_GT,untrusted empty-GT in contaminated source
BCL_f2457.png,/hdd1/hieulc/datacrack/images/training/BCL_f2457.png,/hdd1/hieulc/datacrack/annotations/training/BCL_f2457.png,train,BCL,QUARANTINE_UNCERTIFIED_EMPTY_GT,untrusted empty-GT in contaminated source
BCL_f2458.png,/hdd1/hieulc/datacrack/images/training/BCL_f2458.png,/hdd1/hieulc/datacrack/annotations/training/BCL_f2458.png,train,BCL,QUARANTINE_UNCERTIFIED_EMPTY_GT,untrusted empty-GT in contaminated source
BCL_f2459.png,/hdd1/hieulc/datacrack/images/training/BCL_f2459.png,/hdd1/hieulc/datacrack/annotations/training/BCL_f2459.png,train,BCL,QUARANTINE_UNCERTIFIED_EMPTY_GT,untrusted empty-GT in contaminated source
BCL_f246.png,/hdd1/hieulc/datacrack/images/training/BCL_f246.png,/hdd1/hieulc/datacrack/annotations/training/BCL_f246.png,train,BCL,QUARANTINE_UNCERTIFIED_EMPTY_GT,untrusted empty-GT in contaminated source
BCL_f2460.png,/hdd1/hieulc/datacrack/images/training/BCL_f2460.png,/hdd1/hieulc/datacrack/annotations/training/BCL_f2460.png,train,BCL,QUARANTINE_UNCERTIFIED_EMPTY_GT,untrusted empty-GT in contaminated source
BCL_f2462.png,/hdd1/hieulc/datacrack/images/training/BCL_f2462.png,/hdd1/hieulc/datacrack/annotations/training/BCL_f2462.png,train,BCL,QUARANTINE_UNCERTIFIED_EMPTY_GT,untrusted empty-GT in contaminated source
BCL_f2464.png,/hdd1/hieulc/datacrack/images/training/BCL_f2464.png,/hdd1/hieulc/datacrack/annotations/training/BCL_f2464.png,train,BCL,QUARANTINE_UNCERTIFIED_EMPTY_GT,untrusted empty-GT in contaminated source
BCL_f2465.png,/hdd1/hieulc/datacrack/images/training/BCL_f2465.png,/hdd1/hieulc/datacrack/annotations/training/BCL_f2465.png,train,BCL,QUARANTINE_UNCERTIFIED_EMPTY_GT,untrusted empty-GT in contaminated source
BCL_f2466.png,/hdd1/hieulc/datacrack/images/training/BCL_f2466.png,/hdd1/hieulc/datacrack/annotations/training/BCL_f2466.png,train,BCL,QUARANTINE_UNCERTIFIED_EMPTY_GT,untrusted empty-GT in contaminated source
BCL_f2467.png,/hdd1/hieulc/datacrack/images/training/BCL_f2467.png,/hdd1/hieulc/datacrack/annotations/training/BCL_f2467.png,train,BCL,QUARANTINE_UNCERTIFIED_EMPTY_GT,untrusted empty-GT in contaminated source
BCL_f2468.png,/hdd1/hieulc/datacrack/images/training/BCL_f2468.png,/hdd1/hieulc/datacrack/annotations/training/BCL_f2468.png,train,BCL,QUARANTINE_UNCERTIFIED_EMPTY_GT,untrusted empty-GT in contaminated source
BCL_f2469.png,/hdd1/hieulc/datacrack/images/training/BCL_f2469.png,/hdd1/hieulc/datacrack/annotations/training/BCL_f2469.png,train,BCL,QUARANTINE_UNCERTIFIED_EMPTY_GT,untrusted empty-GT in contaminated source
BCL_f247.png,/hdd1/hieulc/datacrack/images/training/BCL_f247.png,/hdd1/hieulc/datacrack/annotations/training/BCL_f247.png,train,BCL,QUARANTINE_UNCERTIFIED_EMPTY_GT,untrusted empty-GT in contaminated source
BCL_f2470.png,/hdd1/hieulc/datacrack/images/training/BCL_f2470.png,/hdd1/hieulc/datacrack/annotations/training/BCL_f2470.png,train,BCL,QUARANTINE_UNCERTIFIED_EMPTY_GT,untrusted empty-GT in contaminated source
BCL_f2471.png,/hdd1/hieulc/datacrack/images/training/BCL_f2471.png,/hdd1/hieulc/datacrack/annotations/training/BCL_f2471.png,train,BCL,QUARANTINE_UNCERTIFIED_EMPTY_GT,untrusted empty-GT in contaminated source
BCL_f2472.png,/hdd1/hieulc/datacrack/images/training/BCL_f2472.png,/hdd1/hieulc/datacrack/annotations/training/BCL_f2472.png,train,BCL,QUARANTINE_UNCERTIFIED_EMPTY_GT,untrusted empty-GT in contaminated source
BCL_f2473.png,/hdd1/hieulc/datacrack/images/training/BCL_f2473.png,/hdd1/hieulc/datacrack/annotations/training/BCL_f2473.png,train,BCL,QUARANTINE_UNCERTIFIED_EMPTY_GT,untrusted empty-GT in contaminated source
BCL_f2474.png,/hdd1/hieulc/datacrack/images/training/BCL_f2474.png,/hdd1/hieulc/datacrack/annotations/training/BCL_f2474.png,train,BCL,QUARANTINE_UNCERTIFIED_EMPTY_GT,untrusted empty-GT in contaminated source
BCL_f2475.png,/hdd1/hieulc/datacrack/images/training/BCL_f2475.png,/hdd1/hieulc/datacrack/annotations/training/BCL_f2475.png,train,BCL,QUARANTINE_UNCERTIFIED_EMPTY_GT,untrusted empty-GT in contaminated source
BCL_f2476.png,/hdd1/hieulc/datacrack/images/training/BCL_f2476.png,/hdd1/hieulc/datacrack/annotations/training/BCL_f2476.png,train,BCL,QUARANTINE_UNCERTIFIED_EMPTY_GT,untrusted empty-GT in contaminated source
BCL_f2477.png,/hdd1/hieulc/datacrack/images/training/BCL_f2477.png,/hdd1/hieulc/datacrack/annotations/training/BCL_f2477.png,train,BCL,QUARANTINE_UNCERTIFIED_EMPTY_GT,untrusted empty-GT in contaminated source
BCL_f2478.png,/hdd1/hieulc/datacrack/images/training/BCL_f2478.png,/hdd1/hieulc/datacrack/annotations/training/BCL_f2478.png,train,BCL,QUARANTINE_UNCERTIFIED_EMPTY_GT,untrusted empty-GT in contaminated source
BCL_f248.png,/hdd1/hieulc/datacrack/images/training/BCL_f248.png,/hdd1/hieulc/datacrack/annotations/training/BCL_f248.png,train,BCL,QUARANTINE_UNCERTIFIED_EMPTY_GT,untrusted empty-GT in contaminated source
BCL_f2480.png,/hdd1/hieulc/datacrack/images/training/BCL_f2480.png,/hdd1/hieulc/datacrack/annotations/training/BCL_f2480.png,train,BCL,QUARANTINE_UNCERTIFIED_EMPTY_GT,untrusted empty-GT in contaminated source
BCL_f2481.png,/hdd1/hieulc/datacrack/images/training/BCL_f2481.png,/hdd1/hieulc/datacrack/annotations/training/BCL_f2481.png,train,BCL,QUARANTINE_UNCERTIFIED_EMPTY_GT,untrusted empty-GT in contaminated source
BCL_f2482.png,/hdd1/hieulc/datacrack/images/training/BCL_f2482.png,/hdd1/hieulc/datacrack/annotations/training/BCL_f2482.png,train,BCL,QUARANTINE_UNCERTIFIED_EMPTY_GT,untrusted empty-GT in contaminated source
BCL_f2483.png,/hdd1/hieulc/datacrack/images/training/BCL_f2483.png,/hdd1/hieulc/datacrack/annotations/training/BCL_f2483.png,train,BCL,QUARANTINE_UNCERTIFIED_EMPTY_GT,untrusted empty-GT in contaminated source
BCL_f2484.png,/hdd1/hieulc/datacrack/images/training/BCL_f2484.png,/hdd1/hieulc/datacrack/annotations/training/BCL_f2484.png,train,BCL,QUARANTINE_UNCERTIFIED_EMPTY_GT,untrusted empty-GT in contaminated source
BCL_f2485.png,/hdd1/hieulc/datacrack/images/training/BCL_f2485.png,/hdd1/hieulc/datacrack/annotations/training/BCL_f2485.png,train,BCL,QUARANTINE_UNCERTIFIED_EMPTY_GT,untrusted empty-GT in contaminated source
BCL_f2487.png,/hdd1/hieulc/datacrack/images/training/BCL_f2487.png,/hdd1/hieulc/datacrack/annotations/training/BCL_f2487.png,train,BCL,QUARANTINE_UNCERTIFIED_EMPTY_GT,untrusted empty-GT in contaminated source
BCL_f2489.png,/hdd1/hieulc/datacrack/images/training/BCL_f2489.png,/hdd1/hieulc/datacrack/annotations/training/BCL_f2489.png,train,BCL,QUARANTINE_UNCERTIFIED_EMPTY_GT,untrusted empty-GT in contaminated source
BCL_f249.png,/hdd1/hieulc/datacrack/images/training/BCL_f249.png,/hdd1/hieulc/datacrack/annotations/training/BCL_f249.png,train,BCL,QUARANTINE_UNCERTIFIED_EMPTY_GT,untrusted empty-GT in contaminated source
BCL_f2490.png,/hdd1/hieulc/datacrack/images/training/BCL_f2490.png,/hdd1/hieulc/datacrack/annotations/training/BCL_f2490.png,train,BCL,QUARANTINE_UNCERTIFIED_EMPTY_GT,untrusted empty-GT in contaminated source
BCL_f2491.png,/hdd1/hieulc/datacrack/images/training/BCL_f2491.png,/hdd1/hieulc/datacrack/annotations/training/BCL_f2491.png,train,BCL,QUARANTINE_UNCERTIFIED_EMPTY_GT,untrusted empty-GT in contaminated source
BCL_f2492.png,/hdd1/hieulc/datacrack/images/training/BCL_f2492.png,/hdd1/hieulc/datacrack/annotations/training/BCL_f2492.png,train,BCL,QUARANTINE_UNCERTIFIED_EMPTY_GT,untrusted empty-GT in contaminated source
BCL_f2493.png,/hdd1/hieulc/datacrack/images/training/BCL_f2493.png,/hdd1/hieulc/datacrack/annotations/training/BCL_f2493.png,train,BCL,QUARANTINE_UNCERTIFIED_EMPTY_GT,untrusted empty-GT in contaminated source
BCL_f2494.png,/hdd1/hieulc/datacrack/images/training/BCL_f2494.png,/hdd1/hieulc/datacrack/annotations/training/BCL_f2494.png,train,BCL,QUARANTINE_UNCERTIFIED_EMPTY_GT,untrusted empty-GT in contaminated source
BCL_f2495.png,/hdd1/hieulc/datacrack/images/training/BCL_f2495.png,/hdd1/hieulc/datacrack/annotations/training/BCL_f2495.png,train,BCL,QUARANTINE_UNCERTIFIED_EMPTY_GT,untrusted empty-GT in contaminated source
BCL_f2496.png,/hdd1/hieulc/datacrack/images/training/BCL_f2496.png,/hdd1/hieulc/datacrack/annotations/training/BCL_f2496.png,train,BCL,QUARANTINE_UNCERTIFIED_EMPTY_GT,untrusted empty-GT in contaminated source
BCL_f2497.png,/hdd1/hieulc/datacrack/images/training/BCL_f2497.png,/hdd1/hieulc/datacrack/annotations/training/BCL_f2497.png,train,BCL,QUARANTINE_UNCERTIFIED_EMPTY_GT,untrusted empty-GT in contaminated source
BCL_f2499.png,/hdd1/hieulc/datacrack/images/training/BCL_f2499.png,/hdd1/hieulc/datacrack/annotations/training/BCL_f2499.png,train,BCL,QUARANTINE_UNCERTIFIED_EMPTY_GT,untrusted empty-GT in contaminated source
BCL_f25.png,/hdd1/hieulc/datacrack/images/training/BCL_f25.png,/hdd1/hieulc/datacrack/annotations/training/BCL_f25.png,train,BCL,QUARANTINE_UNCERTIFIED_EMPTY_GT,untrusted empty-GT in contaminated source
BCL_f250.png,/hdd1/hieulc/datacrack/images/training/BCL_f250.png,/hdd1/hieulc/datacrack/annotations/training/BCL_f250.png,train,BCL,QUARANTINE_UNCERTIFIED_EMPTY_GT,untrusted empty-GT in contaminated source
BCL_f2500.png,/hdd1/hieulc/datacrack/images/training/BCL_f2500.png,/hdd1/hieulc/datacrack/annotations/training/BCL_f2500.png,train,BCL,QUARANTINE_UNCERTIFIED_EMPTY_GT,untrusted empty-GT in contaminated source
BCL_f2501.png,/hdd1/hieulc/datacrack/images/training/BCL_f2501.png,/hdd1/hieulc/datacrack/annotations/training/BCL_f2501.png,train,BCL,QUARANTINE_UNCERTIFIED_EMPTY_GT,untrusted empty-GT in contaminated source
BCL_f2502.png,/hdd1/hieulc/datacrack/images/training/BCL_f2502.png,/hdd1/hieulc/datacrack/annotations/training/BCL_f2502.png,train,BCL,QUARANTINE_UNCERTIFIED_EMPTY_GT,untrusted empty-GT in contaminated source
BCL_f2503.png,/hdd1/hieulc/datacrack/images/training/BCL_f2503.png,/hdd1/hieulc/datacrack/annotations/training/BCL_f2503.png,train,BCL,QUARANTINE_UNCERTIFIED_EMPTY_GT,untrusted empty-GT in contaminated source
BCL_f2505.png,/hdd1/hieulc/datacrack/images/training/BCL_f2505.png,/hdd1/hieulc/datacrack/annotations/training/BCL_f2505.png,train,BCL,QUARANTINE_UNCERTIFIED_EMPTY_GT,untrusted empty-GT in contaminated source
BCL_f2506.png,/hdd1/hieulc/datacrack/images/training/BCL_f2506.png,/hdd1/hieulc/datacrack/annotations/training/BCL_f2506.png,train,BCL,QUARANTINE_UNCERTIFIED_EMPTY_GT,untrusted empty-GT in contaminated source
BCL_f2507.png,/hdd1/hieulc/datacrack/images/training/BCL_f2507.png,/hdd1/hieulc/datacrack/annotations/training/BCL_f2507.png,train,BCL,QUARANTINE_UNCERTIFIED_EMPTY_GT,untrusted empty-GT in contaminated source
BCL_f2508.png,/hdd1/hieulc/datacrack/images/training/BCL_f2508.png,/hdd1/hieulc/datacrack/annotations/training/BCL_f2508.png,train,BCL,QUARANTINE_UNCERTIFIED_EMPTY_GT,untrusted empty-GT in contaminated source
BCL_f2509.png,/hdd1/hieulc/datacrack/images/training/BCL_f2509.png,/hdd1/hieulc/datacrack/annotations/training/BCL_f2509.png,train,BCL,QUARANTINE_UNCERTIFIED_EMPTY_GT,untrusted empty-GT in contaminated source
BCL_f2510.png,/hdd1/hieulc/datacrack/images/training/BCL_f2510.png,/hdd1/hieulc/datacrack/annotations/training/BCL_f2510.png,train,BCL,QUARANTINE_UNCERTIFIED_EMPTY_GT,untrusted empty-GT in contaminated source
BCL_f2512.png,/hdd1/hieulc/datacrack/images/training/BCL_f2512.png,/hdd1/hieulc/datacrack/annotations/training/BCL_f2512.png,train,BCL,QUARANTINE_UNCERTIFIED_EMPTY_GT,untrusted empty-GT in contaminated source
BCL_f2513.png,/hdd1/hieulc/datacrack/images/training/BCL_f2513.png,/hdd1/hieulc/datacrack/annotations/training/BCL_f2513.png,train,BCL,QUARANTINE_UNCERTIFIED_EMPTY_GT,untrusted empty-GT in contaminated source
BCL_f2514.png,/hdd1/hieulc/datacrack/images/training/BCL_f2514.png,/hdd1/hieulc/datacrack/annotations/training/BCL_f2514.png,train,BCL,QUARANTINE_UNCERTIFIED_EMPTY_GT,untrusted empty-GT in contaminated source
BCL_f2515.png,/hdd1/hieulc/datacrack/images/training/BCL_f2515.png,/hdd1/hieulc/datacrack/annotations/training/BCL_f2515.png,train,BCL,QUARANTINE_UNCERTIFIED_EMPTY_GT,untrusted empty-GT in contaminated source
BCL_f2516.png,/hdd1/hieulc/datacrack/images/training/BCL_f2516.png,/hdd1/hieulc/datacrack/annotations/training/BCL_f2516.png,train,BCL,QUARANTINE_UNCERTIFIED_EMPTY_GT,untrusted empty-GT in contaminated source
BCL_f2517.png,/hdd1/hieulc/datacrack/images/training/BCL_f2517.png,/hdd1/hieulc/datacrack/annotations/training/BCL_f2517.png,train,BCL,QUARANTINE_UNCERTIFIED_EMPTY_GT,untrusted empty-GT in contaminated source
BCL_f2518.png,/hdd1/hieulc/datacrack/images/training/BCL_f2518.png,/hdd1/hieulc/datacrack/annotations/training/BCL_f2518.png,train,BCL,QUARANTINE_UNCERTIFIED_EMPTY_GT,untrusted empty-GT in contaminated source
BCL_f2519.png,/hdd1/hieulc/datacrack/images/training/BCL_f2519.png,/hdd1/hieulc/datacrack/annotations/training/BCL_f2519.png,train,BCL,QUARANTINE_UNCERTIFIED_EMPTY_GT,untrusted empty-GT in contaminated source
BCL_f252.png,/hdd1/hieulc/datacrack/images/training/BCL_f252.png,/hdd1/hieulc/datacrack/annotations/training/BCL_f252.png,train,BCL,QUARANTINE_UNCERTIFIED_EMPTY_GT,untrusted empty-GT in contaminated source
BCL_f2520.png,/hdd1/hieulc/datacrack/images/training/BCL_f2520.png,/hdd1/hieulc/datacrack/annotations/training/BCL_f2520.png,train,BCL,QUARANTINE_UNCERTIFIED_EMPTY_GT,untrusted empty-GT in contaminated source
BCL_f2521.png,/hdd1/hieulc/datacrack/images/training/BCL_f2521.png,/hdd1/hieulc/datacrack/annotations/training/BCL_f2521.png,train,BCL,QUARANTINE_UNCERTIFIED_EMPTY_GT,untrusted empty-GT in contaminated source
BCL_f2523.png,/hdd1/hieulc/datacrack/images/training/BCL_f2523.png,/hdd1/hieulc/datacrack/annotations/training/BCL_f2523.png,train,BCL,QUARANTINE_UNCERTIFIED_EMPTY_GT,untrusted empty-GT in contaminated source
BCL_f2524.png,/hdd1/hieulc/datacrack/images/training/BCL_f2524.png,/hdd1/hieulc/datacrack/annotations/training/BCL_f2524.png,train,BCL,QUARANTINE_UNCERTIFIED_EMPTY_GT,untrusted empty-GT in contaminated source
BCL_f2525.png,/hdd1/hieulc/datacrack/images/training/BCL_f2525.png,/hdd1/hieulc/datacrack/annotations/training/BCL_f2525.png,train,BCL,QUARANTINE_UNCERTIFIED_EMPTY_GT,untrusted empty-GT in contaminated source
BCL_f2527.png,/hdd1/hieulc/datacrack/images/training/BCL_f2527.png,/hdd1/hieulc/datacrack/annotations/training/BCL_f2527.png,train,BCL,QUARANTINE_UNCERTIFIED_EMPTY_GT,untrusted empty-GT in contaminated source
BCL_f2528.png,/hdd1/hieulc/datacrack/images/training/BCL_f2528.png,/hdd1/hieulc/datacrack/annotations/training/BCL_f2528.png,train,BCL,QUARANTINE_UNCERTIFIED_EMPTY_GT,untrusted empty-GT in contaminated source
BCL_f2529.png,/hdd1/hieulc/datacrack/images/training/BCL_f2529.png,/hdd1/hieulc/datacrack/annotations/training/BCL_f2529.png,train,BCL,QUARANTINE_UNCERTIFIED_EMPTY_GT,untrusted empty-GT in contaminated source
BCL_f253.png,/hdd1/hieulc/datacrack/images/training/BCL_f253.png,/hdd1/hieulc/datacrack/annotations/training/BCL_f253.png,train,BCL,QUARANTINE_UNCERTIFIED_EMPTY_GT,untrusted empty-GT in contaminated source
BCL_f2530.png,/hdd1/hieulc/datacrack/images/training/BCL_f2530.png,/hdd1/hieulc/datacrack/annotations/training/BCL_f2530.png,train,BCL,QUARANTINE_UNCERTIFIED_EMPTY_GT,untrusted empty-GT in contaminated source
BCL_f2532.png,/hdd1/hieulc/datacrack/images/training/BCL_f2532.png,/hdd1/hieulc/datacrack/annotations/training/BCL_f2532.png,train,BCL,QUARANTINE_UNCERTIFIED_EMPTY_GT,untrusted empty-GT in contaminated source
BCL_f2533.png,/hdd1/hieulc/datacrack/images/training/BCL_f2533.png,/hdd1/hieulc/datacrack/annotations/training/BCL_f2533.png,train,BCL,QUARANTINE_UNCERTIFIED_EMPTY_GT,untrusted empty-GT in contaminated source
BCL_f2534.png,/hdd1/hieulc/datacrack/images/training/BCL_f2534.png,/hdd1/hieulc/datacrack/annotations/training/BCL_f2534.png,train,BCL,QUARANTINE_UNCERTIFIED_EMPTY_GT,untrusted empty-GT in contaminated source
BCL_f2535.png,/hdd1/hieulc/datacrack/images/training/BCL_f2535.png,/hdd1/hieulc/datacrack/annotations/training/BCL_f2535.png,train,BCL,QUARANTINE_UNCERTIFIED_EMPTY_GT,untrusted empty-GT in contaminated source
BCL_f2537.png,/hdd1/hieulc/datacrack/images/training/BCL_f2537.png,/hdd1/hieulc/datacrack/annotations/training/BCL_f2537.png,train,BCL,QUARANTINE_UNCERTIFIED_EMPTY_GT,untrusted empty-GT in contaminated source
BCL_f2538.png,/hdd1/hieulc/datacrack/images/training/BCL_f2538.png,/hdd1/hieulc/datacrack/annotations/training/BCL_f2538.png,train,BCL,QUARANTINE_UNCERTIFIED_EMPTY_GT,untrusted empty-GT in contaminated source
BCL_f2539.png,/hdd1/hieulc/datacrack/images/training/BCL_f2539.png,/hdd1/hieulc/datacrack/annotations/training/BCL_f2539.png,train,BCL,QUARANTINE_UNCERTIFIED_EMPTY_GT,untrusted empty-GT in contaminated source
BCL_f2540.png,/hdd1/hieulc/datacrack/images/training/BCL_f2540.png,/hdd1/hieulc/datacrack/annotations/training/BCL_f2540.png,train,BCL,QUARANTINE_UNCERTIFIED_EMPTY_GT,untrusted empty-GT in contaminated source
BCL_f2541.png,/hdd1/hieulc/datacrack/images/training/BCL_f2541.png,/hdd1/hieulc/datacrack/annotations/training/BCL_f2541.png,train,BCL,QUARANTINE_UNCERTIFIED_EMPTY_GT,untrusted empty-GT in contaminated source
BCL_f2542.png,/hdd1/hieulc/datacrack/images/training/BCL_f2542.png,/hdd1/hieulc/datacrack/annotations/training/BCL_f2542.png,train,BCL,QUARANTINE_UNCERTIFIED_EMPTY_GT,untrusted empty-GT in contaminated source
BCL_f2543.png,/hdd1/hieulc/datacrack/images/training/BCL_f2543.png,/hdd1/hieulc/datacrack/annotations/training/BCL_f2543.png,train,BCL,QUARANTINE_UNCERTIFIED_EMPTY_GT,untrusted empty-GT in contaminated source
BCL_f2544.png,/hdd1/hieulc/datacrack/images/training/BCL_f2544.png,/hdd1/hieulc/datacrack/annotations/training/BCL_f2544.png,train,BCL,QUARANTINE_UNCERTIFIED_EMPTY_GT,untrusted empty-GT in contaminated source
BCL_f2547.png,/hdd1/hieulc/datacrack/images/training/BCL_f2547.png,/hdd1/hieulc/datacrack/annotations/training/BCL_f2547.png,train,BCL,QUARANTINE_UNCERTIFIED_EMPTY_GT,untrusted empty-GT in contaminated source
BCL_f2548.png,/hdd1/hieulc/datacrack/images/training/BCL_f2548.png,/hdd1/hieulc/datacrack/annotations/training/BCL_f2548.png,train,BCL,QUARANTINE_UNCERTIFIED_EMPTY_GT,untrusted empty-GT in contaminated source
BCL_f2549.png,/hdd1/hieulc/datacrack/images/training/BCL_f2549.png,/hdd1/hieulc/datacrack/annotations/training/BCL_f2549.png,train,BCL,QUARANTINE_UNCERTIFIED_EMPTY_GT,untrusted empty-GT in contaminated source
BCL_f255.png,/hdd1/hieulc/datacrack/images/training/BCL_f255.png,/hdd1/hieulc/datacrack/annotations/training/BCL_f255.png,train,BCL,QUARANTINE_UNCERTIFIED_EMPTY_GT,untrusted empty-GT in contaminated source
BCL_f2550.png,/hdd1/hieulc/datacrack/images/training/BCL_f2550.png,/hdd1/hieulc/datacrack/annotations/training/BCL_f2550.png,train,BCL,QUARANTINE_UNCERTIFIED_EMPTY_GT,untrusted empty-GT in contaminated source
BCL_f2551.png,/hdd1/hieulc/datacrack/images/training/BCL_f2551.png,/hdd1/hieulc/datacrack/annotations/training/BCL_f2551.png,train,BCL,QUARANTINE_UNCERTIFIED_EMPTY_GT,untrusted empty-GT in contaminated source
BCL_f2552.png,/hdd1/hieulc/datacrack/images/training/BCL_f2552.png,/hdd1/hieulc/datacrack/annotations/training/BCL_f2552.png,train,BCL,QUARANTINE_UNCERTIFIED_EMPTY_GT,untrusted empty-GT in contaminated source
BCL_f2553.png,/hdd1/hieulc/datacrack/images/training/BCL_f2553.png,/hdd1/hieulc/datacrack/annotations/training/BCL_f2553.png,train,BCL,QUARANTINE_UNCERTIFIED_EMPTY_GT,untrusted empty-GT in contaminated source
BCL_f2554.png,/hdd1/hieulc/datacrack/images/training/BCL_f2554.png,/hdd1/hieulc/datacrack/annotations/training/BCL_f2554.png,train,BCL,QUARANTINE_UNCERTIFIED_EMPTY_GT,untrusted empty-GT in contaminated source
BCL_f2555.png,/hdd1/hieulc/datacrack/images/training/BCL_f2555.png,/hdd1/hieulc/datacrack/annotations/training/BCL_f2555.png,train,BCL,QUARANTINE_UNCERTIFIED_EMPTY_GT,untrusted empty-GT in contaminated source
BCL_f2557.png,/hdd1/hieulc/datacrack/images/training/BCL_f2557.png,/hdd1/hieulc/datacrack/annotations/training/BCL_f2557.png,train,BCL,QUARANTINE_UNCERTIFIED_EMPTY_GT,untrusted empty-GT in contaminated source
BCL_f2558.png,/hdd1/hieulc/datacrack/images/training/BCL_f2558.png,/hdd1/hieulc/datacrack/annotations/training/BCL_f2558.png,train,BCL,QUARANTINE_UNCERTIFIED_EMPTY_GT,untrusted empty-GT in contaminated source
BCL_f2559.png,/hdd1/hieulc/datacrack/images/training/BCL_f2559.png,/hdd1/hieulc/datacrack/annotations/training/BCL_f2559.png,train,BCL,QUARANTINE_UNCERTIFIED_EMPTY_GT,untrusted empty-GT in contaminated source
BCL_f256.png,/hdd1/hieulc/datacrack/images/training/BCL_f256.png,/hdd1/hieulc/datacrack/annotations/training/BCL_f256.png,train,BCL,QUARANTINE_UNCERTIFIED_EMPTY_GT,untrusted empty-GT in contaminated source
BCL_f2560.png,/hdd1/hieulc/datacrack/images/training/BCL_f2560.png,/hdd1/hieulc/datacrack/annotations/training/BCL_f2560.png,train,BCL,QUARANTINE_UNCERTIFIED_EMPTY_GT,untrusted empty-GT in contaminated source
BCL_f2561.png,/hdd1/hieulc/datacrack/images/training/BCL_f2561.png,/hdd1/hieulc/datacrack/annotations/training/BCL_f2561.png,train,BCL,QUARANTINE_UNCERTIFIED_EMPTY_GT,untrusted empty-GT in contaminated source
BCL_f2562.png,/hdd1/hieulc/datacrack/images/training/BCL_f2562.png,/hdd1/hieulc/datacrack/annotations/training/BCL_f2562.png,train,BCL,QUARANTINE_UNCERTIFIED_EMPTY_GT,untrusted empty-GT in contaminated source
BCL_f2563.png,/hdd1/hieulc/datacrack/images/training/BCL_f2563.png,/hdd1/hieulc/datacrack/annotations/training/BCL_f2563.png,train,BCL,QUARANTINE_UNCERTIFIED_EMPTY_GT,untrusted empty-GT in contaminated source
BCL_f2564.png,/hdd1/hieulc/datacrack/images/training/BCL_f2564.png,/hdd1/hieulc/datacrack/annotations/training/BCL_f2564.png,train,BCL,QUARANTINE_UNCERTIFIED_EMPTY_GT,untrusted empty-GT in contaminated source
BCL_f2565.png,/hdd1/hieulc/datacrack/images/training/BCL_f2565.png,/hdd1/hieulc/datacrack/annotations/training/BCL_f2565.png,train,BCL,QUARANTINE_UNCERTIFIED_EMPTY_GT,untrusted empty-GT in contaminated source
BCL_f2566.png,/hdd1/hieulc/datacrack/images/training/BCL_f2566.png,/hdd1/hieulc/datacrack/annotations/training/BCL_f2566.png,train,BCL,QUARANTINE_UNCERTIFIED_EMPTY_GT,untrusted empty-GT in contaminated source
BCL_f2567.png,/hdd1/hieulc/datacrack/images/training/BCL_f2567.png,/hdd1/hieulc/datacrack/annotations/training/BCL_f2567.png,train,BCL,QUARANTINE_UNCERTIFIED_EMPTY_GT,untrusted empty-GT in contaminated source
BCL_f2568.png,/hdd1/hieulc/datacrack/images/training/BCL_f2568.png,/hdd1/hieulc/datacrack/annotations/training/BCL_f2568.png,train,BCL,QUARANTINE_UNCERTIFIED_EMPTY_GT,untrusted empty-GT in contaminated source
BCL_f2570.png,/hdd1/hieulc/datacrack/images/training/BCL_f2570.png,/hdd1/hieulc/datacrack/annotations/training/BCL_f2570.png,train,BCL,QUARANTINE_UNCERTIFIED_EMPTY_GT,untrusted empty-GT in contaminated source
BCL_f2572.png,/hdd1/hieulc/datacrack/images/training/BCL_f2572.png,/hdd1/hieulc/datacrack/annotations/training/BCL_f2572.png,train,BCL,QUARANTINE_UNCERTIFIED_EMPTY_GT,untrusted empty-GT in contaminated source
BCL_f2573.png,/hdd1/hieulc/datacrack/images/training/BCL_f2573.png,/hdd1/hieulc/datacrack/annotations/training/BCL_f2573.png,train,BCL,QUARANTINE_UNCERTIFIED_EMPTY_GT,untrusted empty-GT in contaminated source
BCL_f2574.png,/hdd1/hieulc/datacrack/images/training/BCL_f2574.png,/hdd1/hieulc/datacrack/annotations/training/BCL_f2574.png,train,BCL,QUARANTINE_UNCERTIFIED_EMPTY_GT,untrusted empty-GT in contaminated source
BCL_f2575.png,/hdd1/hieulc/datacrack/images/training/BCL_f2575.png,/hdd1/hieulc/datacrack/annotations/training/BCL_f2575.png,train,BCL,QUARANTINE_UNCERTIFIED_EMPTY_GT,untrusted empty-GT in contaminated source
BCL_f2576.png,/hdd1/hieulc/datacrack/images/training/BCL_f2576.png,/hdd1/hieulc/datacrack/annotations/training/BCL_f2576.png,train,BCL,QUARANTINE_UNCERTIFIED_EMPTY_GT,untrusted empty-GT in contaminated source
BCL_f2577.png,/hdd1/hieulc/datacrack/images/training/BCL_f2577.png,/hdd1/hieulc/datacrack/annotations/training/BCL_f2577.png,train,BCL,QUARANTINE_UNCERTIFIED_EMPTY_GT,untrusted empty-GT in contaminated source
BCL_f2578.png,/hdd1/hieulc/datacrack/images/training/BCL_f2578.png,/hdd1/hieulc/datacrack/annotations/training/BCL_f2578.png,train,BCL,QUARANTINE_UNCERTIFIED_EMPTY_GT,untrusted empty-GT in contaminated source
BCL_f2579.png,/hdd1/hieulc/datacrack/images/training/BCL_f2579.png,/hdd1/hieulc/datacrack/annotations/training/BCL_f2579.png,train,BCL,QUARANTINE_UNCERTIFIED_EMPTY_GT,untrusted empty-GT in contaminated source
BCL_f258.png,/hdd1/hieulc/datacrack/images/training/BCL_f258.png,/hdd1/hieulc/datacrack/annotations/training/BCL_f258.png,train,BCL,QUARANTINE_UNCERTIFIED_EMPTY_GT,untrusted empty-GT in contaminated source
BCL_f2580.png,/hdd1/hieulc/datacrack/images/training/BCL_f2580.png,/hdd1/hieulc/datacrack/annotations/training/BCL_f2580.png,train,BCL,QUARANTINE_UNCERTIFIED_EMPTY_GT,untrusted empty-GT in contaminated source
BCL_f2581.png,/hdd1/hieulc/datacrack/images/training/BCL_f2581.png,/hdd1/hieulc/datacrack/annotations/training/BCL_f2581.png,train,BCL,QUARANTINE_UNCERTIFIED_EMPTY_GT,untrusted empty-GT in contaminated source
BCL_f2582.png,/hdd1/hieulc/datacrack/images/training/BCL_f2582.png,/hdd1/hieulc/datacrack/annotations/training/BCL_f2582.png,train,BCL,QUARANTINE_UNCERTIFIED_EMPTY_GT,untrusted empty-GT in contaminated source
BCL_f2583.png,/hdd1/hieulc/datacrack/images/training/BCL_f2583.png,/hdd1/hieulc/datacrack/annotations/training/BCL_f2583.png,train,BCL,QUARANTINE_UNCERTIFIED_EMPTY_GT,untrusted empty-GT in contaminated source
BCL_f2584.png,/hdd1/hieulc/datacrack/images/training/BCL_f2584.png,/hdd1/hieulc/datacrack/annotations/training/BCL_f2584.png,train,BCL,QUARANTINE_UNCERTIFIED_EMPTY_GT,untrusted empty-GT in contaminated source
BCL_f2585.png,/hdd1/hieulc/datacrack/images/training/BCL_f2585.png,/hdd1/hieulc/datacrack/annotations/training/BCL_f2585.png,train,BCL,QUARANTINE_UNCERTIFIED_EMPTY_GT,untrusted empty-GT in contaminated source
BCL_f2587.png,/hdd1/hieulc/datacrack/images/training/BCL_f2587.png,/hdd1/hieulc/datacrack/annotations/training/BCL_f2587.png,train,BCL,QUARANTINE_UNCERTIFIED_EMPTY_GT,untrusted empty-GT in contaminated source
BCL_f2588.png,/hdd1/hieulc/datacrack/images/training/BCL_f2588.png,/hdd1/hieulc/datacrack/annotations/training/BCL_f2588.png,train,BCL,QUARANTINE_UNCERTIFIED_EMPTY_GT,untrusted empty-GT in contaminated source
BCL_f2589.png,/hdd1/hieulc/datacrack/images/training/BCL_f2589.png,/hdd1/hieulc/datacrack/annotations/training/BCL_f2589.png,train,BCL,QUARANTINE_UNCERTIFIED_EMPTY_GT,untrusted empty-GT in contaminated source
BCL_f259.png,/hdd1/hieulc/datacrack/images/training/BCL_f259.png,/hdd1/hieulc/datacrack/annotations/training/BCL_f259.png,train,BCL,QUARANTINE_UNCERTIFIED_EMPTY_GT,untrusted empty-GT in contaminated source
BCL_f2590.png,/hdd1/hieulc/datacrack/images/training/BCL_f2590.png,/hdd1/hieulc/datacrack/annotations/training/BCL_f2590.png,train,BCL,QUARANTINE_UNCERTIFIED_EMPTY_GT,untrusted empty-GT in contaminated source
BCL_f2591.png,/hdd1/hieulc/datacrack/images/training/BCL_f2591.png,/hdd1/hieulc/datacrack/annotations/training/BCL_f2591.png,train,BCL,QUARANTINE_UNCERTIFIED_EMPTY_GT,untrusted empty-GT in contaminated source
BCL_f2592.png,/hdd1/hieulc/datacrack/images/training/BCL_f2592.png,/hdd1/hieulc/datacrack/annotations/training/BCL_f2592.png,train,BCL,QUARANTINE_UNCERTIFIED_EMPTY_GT,untrusted empty-GT in contaminated source
BCL_f2593.png,/hdd1/hieulc/datacrack/images/training/BCL_f2593.png,/hdd1/hieulc/datacrack/annotations/training/BCL_f2593.png,train,BCL,QUARANTINE_UNCERTIFIED_EMPTY_GT,untrusted empty-GT in contaminated source
BCL_f2594.png,/hdd1/hieulc/datacrack/images/training/BCL_f2594.png,/hdd1/hieulc/datacrack/annotations/training/BCL_f2594.png,train,BCL,QUARANTINE_UNCERTIFIED_EMPTY_GT,untrusted empty-GT in contaminated source
BCL_f2595.png,/hdd1/hieulc/datacrack/images/training/BCL_f2595.png,/hdd1/hieulc/datacrack/annotations/training/BCL_f2595.png,train,BCL,QUARANTINE_UNCERTIFIED_EMPTY_GT,untrusted empty-GT in contaminated source
BCL_f2596.png,/hdd1/hieulc/datacrack/images/training/BCL_f2596.png,/hdd1/hieulc/datacrack/annotations/training/BCL_f2596.png,train,BCL,QUARANTINE_UNCERTIFIED_EMPTY_GT,untrusted empty-GT in contaminated source
BCL_f2597.png,/hdd1/hieulc/datacrack/images/training/BCL_f2597.png,/hdd1/hieulc/datacrack/annotations/training/BCL_f2597.png,train,BCL,QUARANTINE_UNCERTIFIED_EMPTY_GT,untrusted empty-GT in contaminated source
BCL_f2599.png,/hdd1/hieulc/datacrack/images/training/BCL_f2599.png,/hdd1/hieulc/datacrack/annotations/training/BCL_f2599.png,train,BCL,QUARANTINE_UNCERTIFIED_EMPTY_GT,untrusted empty-GT in contaminated source
BCL_f260.png,/hdd1/hieulc/datacrack/images/training/BCL_f260.png,/hdd1/hieulc/datacrack/annotations/training/BCL_f260.png,train,BCL,QUARANTINE_UNCERTIFIED_EMPTY_GT,untrusted empty-GT in contaminated source
BCL_f2600.png,/hdd1/hieulc/datacrack/images/training/BCL_f2600.png,/hdd1/hieulc/datacrack/annotations/training/BCL_f2600.png,train,BCL,QUARANTINE_UNCERTIFIED_EMPTY_GT,untrusted empty-GT in contaminated source
BCL_f2601.png,/hdd1/hieulc/datacrack/images/training/BCL_f2601.png,/hdd1/hieulc/datacrack/annotations/training/BCL_f2601.png,train,BCL,QUARANTINE_UNCERTIFIED_EMPTY_GT,untrusted empty-GT in contaminated source
BCL_f2603.png,/hdd1/hieulc/datacrack/images/training/BCL_f2603.png,/hdd1/hieulc/datacrack/annotations/training/BCL_f2603.png,train,BCL,QUARANTINE_UNCERTIFIED_EMPTY_GT,untrusted empty-GT in contaminated source
BCL_f2604.png,/hdd1/hieulc/datacrack/images/training/BCL_f2604.png,/hdd1/hieulc/datacrack/annotations/training/BCL_f2604.png,train,BCL,QUARANTINE_UNCERTIFIED_EMPTY_GT,untrusted empty-GT in contaminated source
BCL_f2605.png,/hdd1/hieulc/datacrack/images/training/BCL_f2605.png,/hdd1/hieulc/datacrack/annotations/training/BCL_f2605.png,train,BCL,QUARANTINE_UNCERTIFIED_EMPTY_GT,untrusted empty-GT in contaminated source
BCL_f2606.png,/hdd1/hieulc/datacrack/images/training/BCL_f2606.png,/hdd1/hieulc/datacrack/annotations/training/BCL_f2606.png,train,BCL,QUARANTINE_UNCERTIFIED_EMPTY_GT,untrusted empty-GT in contaminated source
BCL_f2607.png,/hdd1/hieulc/datacrack/images/training/BCL_f2607.png,/hdd1/hieulc/datacrack/annotations/training/BCL_f2607.png,train,BCL,QUARANTINE_UNCERTIFIED_EMPTY_GT,untrusted empty-GT in contaminated source
BCL_f2608.png,/hdd1/hieulc/datacrack/images/training/BCL_f2608.png,/hdd1/hieulc/datacrack/annotations/training/BCL_f2608.png,train,BCL,QUARANTINE_UNCERTIFIED_EMPTY_GT,untrusted empty-GT in contaminated source
BCL_f261.png,/hdd1/hieulc/datacrack/images/training/BCL_f261.png,/hdd1/hieulc/datacrack/annotations/training/BCL_f261.png,train,BCL,QUARANTINE_UNCERTIFIED_EMPTY_GT,untrusted empty-GT in contaminated source
BCL_f2611.png,/hdd1/hieulc/datacrack/images/training/BCL_f2611.png,/hdd1/hieulc/datacrack/annotations/training/BCL_f2611.png,train,BCL,QUARANTINE_UNCERTIFIED_EMPTY_GT,untrusted empty-GT in contaminated source
BCL_f2612.png,/hdd1/hieulc/datacrack/images/training/BCL_f2612.png,/hdd1/hieulc/datacrack/annotations/training/BCL_f2612.png,train,BCL,QUARANTINE_UNCERTIFIED_EMPTY_GT,untrusted empty-GT in contaminated source
BCL_f2614.png,/hdd1/hieulc/datacrack/images/training/BCL_f2614.png,/hdd1/hieulc/datacrack/annotations/training/BCL_f2614.png,train,BCL,QUARANTINE_UNCERTIFIED_EMPTY_GT,untrusted empty-GT in contaminated source
BCL_f2615.png,/hdd1/hieulc/datacrack/images/training/BCL_f2615.png,/hdd1/hieulc/datacrack/annotations/training/BCL_f2615.png,train,BCL,QUARANTINE_UNCERTIFIED_EMPTY_GT,untrusted empty-GT in contaminated source
BCL_f2616.png,/hdd1/hieulc/datacrack/images/training/BCL_f2616.png,/hdd1/hieulc/datacrack/annotations/training/BCL_f2616.png,train,BCL,QUARANTINE_UNCERTIFIED_EMPTY_GT,untrusted empty-GT in contaminated source
BCL_f2617.png,/hdd1/hieulc/datacrack/images/training/BCL_f2617.png,/hdd1/hieulc/datacrack/annotations/training/BCL_f2617.png,train,BCL,QUARANTINE_UNCERTIFIED_EMPTY_GT,untrusted empty-GT in contaminated source
BCL_f2618.png,/hdd1/hieulc/datacrack/images/training/BCL_f2618.png,/hdd1/hieulc/datacrack/annotations/training/BCL_f2618.png,train,BCL,QUARANTINE_UNCERTIFIED_EMPTY_GT,untrusted empty-GT in contaminated source
BCL_f2619.png,/hdd1/hieulc/datacrack/images/training/BCL_f2619.png,/hdd1/hieulc/datacrack/annotations/training/BCL_f2619.png,train,BCL,QUARANTINE_UNCERTIFIED_EMPTY_GT,untrusted empty-GT in contaminated source
BCL_f262.png,/hdd1/hieulc/datacrack/images/training/BCL_f262.png,/hdd1/hieulc/datacrack/annotations/training/BCL_f262.png,train,BCL,QUARANTINE_UNCERTIFIED_EMPTY_GT,untrusted empty-GT in contaminated source
BCL_f2620.png,/hdd1/hieulc/datacrack/images/training/BCL_f2620.png,/hdd1/hieulc/datacrack/annotations/training/BCL_f2620.png,train,BCL,QUARANTINE_UNCERTIFIED_EMPTY_GT,untrusted empty-GT in contaminated source
BCL_f2621.png,/hdd1/hieulc/datacrack/images/training/BCL_f2621.png,/hdd1/hieulc/datacrack/annotations/training/BCL_f2621.png,train,BCL,QUARANTINE_UNCERTIFIED_EMPTY_GT,untrusted empty-GT in contaminated source
BCL_f2622.png,/hdd1/hieulc/datacrack/images/training/BCL_f2622.png,/hdd1/hieulc/datacrack/annotations/training/BCL_f2622.png,train,BCL,QUARANTINE_UNCERTIFIED_EMPTY_GT,untrusted empty-GT in contaminated source
BCL_f2624.png,/hdd1/hieulc/datacrack/images/training/BCL_f2624.png,/hdd1/hieulc/datacrack/annotations/training/BCL_f2624.png,train,BCL,QUARANTINE_UNCERTIFIED_EMPTY_GT,untrusted empty-GT in contaminated source
BCL_f2625.png,/hdd1/hieulc/datacrack/images/training/BCL_f2625.png,/hdd1/hieulc/datacrack/annotations/training/BCL_f2625.png,train,BCL,QUARANTINE_UNCERTIFIED_EMPTY_GT,untrusted empty-GT in contaminated source
BCL_f2627.png,/hdd1/hieulc/datacrack/images/training/BCL_f2627.png,/hdd1/hieulc/datacrack/annotations/training/BCL_f2627.png,train,BCL,QUARANTINE_UNCERTIFIED_EMPTY_GT,untrusted empty-GT in contaminated source
BCL_f2628.png,/hdd1/hieulc/datacrack/images/training/BCL_f2628.png,/hdd1/hieulc/datacrack/annotations/training/BCL_f2628.png,train,BCL,QUARANTINE_UNCERTIFIED_EMPTY_GT,untrusted empty-GT in contaminated source
BCL_f2629.png,/hdd1/hieulc/datacrack/images/training/BCL_f2629.png,/hdd1/hieulc/datacrack/annotations/training/BCL_f2629.png,train,BCL,QUARANTINE_UNCERTIFIED_EMPTY_GT,untrusted empty-GT in contaminated source
BCL_f2630.png,/hdd1/hieulc/datacrack/images/training/BCL_f2630.png,/hdd1/hieulc/datacrack/annotations/training/BCL_f2630.png,train,BCL,QUARANTINE_UNCERTIFIED_EMPTY_GT,untrusted empty-GT in contaminated source
BCL_f2631.png,/hdd1/hieulc/datacrack/images/training/BCL_f2631.png,/hdd1/hieulc/datacrack/annotations/training/BCL_f2631.png,train,BCL,QUARANTINE_UNCERTIFIED_EMPTY_GT,untrusted empty-GT in contaminated source
BCL_f2632.png,/hdd1/hieulc/datacrack/images/training/BCL_f2632.png,/hdd1/hieulc/datacrack/annotations/training/BCL_f2632.png,train,BCL,QUARANTINE_UNCERTIFIED_EMPTY_GT,untrusted empty-GT in contaminated source
BCL_f2633.png,/hdd1/hieulc/datacrack/images/training/BCL_f2633.png,/hdd1/hieulc/datacrack/annotations/training/BCL_f2633.png,train,BCL,QUARANTINE_UNCERTIFIED_EMPTY_GT,untrusted empty-GT in contaminated source
BCL_f2634.png,/hdd1/hieulc/datacrack/images/training/BCL_f2634.png,/hdd1/hieulc/datacrack/annotations/training/BCL_f2634.png,train,BCL,QUARANTINE_UNCERTIFIED_EMPTY_GT,untrusted empty-GT in contaminated source
BCL_f2636.png,/hdd1/hieulc/datacrack/images/training/BCL_f2636.png,/hdd1/hieulc/datacrack/annotations/training/BCL_f2636.png,train,BCL,QUARANTINE_UNCERTIFIED_EMPTY_GT,untrusted empty-GT in contaminated source
BCL_f2638.png,/hdd1/hieulc/datacrack/images/training/BCL_f2638.png,/hdd1/hieulc/datacrack/annotations/training/BCL_f2638.png,train,BCL,QUARANTINE_UNCERTIFIED_EMPTY_GT,untrusted empty-GT in contaminated source
BCL_f2639.png,/hdd1/hieulc/datacrack/images/training/BCL_f2639.png,/hdd1/hieulc/datacrack/annotations/training/BCL_f2639.png,train,BCL,QUARANTINE_UNCERTIFIED_EMPTY_GT,untrusted empty-GT in contaminated source
BCL_f264.png,/hdd1/hieulc/datacrack/images/training/BCL_f264.png,/hdd1/hieulc/datacrack/annotations/training/BCL_f264.png,train,BCL,QUARANTINE_UNCERTIFIED_EMPTY_GT,untrusted empty-GT in contaminated source
BCL_f2640.png,/hdd1/hieulc/datacrack/images/training/BCL_f2640.png,/hdd1/hieulc/datacrack/annotations/training/BCL_f2640.png,train,BCL,QUARANTINE_UNCERTIFIED_EMPTY_GT,untrusted empty-GT in contaminated source
BCL_f2641.png,/hdd1/hieulc/datacrack/images/training/BCL_f2641.png,/hdd1/hieulc/datacrack/annotations/training/BCL_f2641.png,train,BCL,QUARANTINE_UNCERTIFIED_EMPTY_GT,untrusted empty-GT in contaminated source
BCL_f2642.png,/hdd1/hieulc/datacrack/images/training/BCL_f2642.png,/hdd1/hieulc/datacrack/annotations/training/BCL_f2642.png,train,BCL,QUARANTINE_UNCERTIFIED_EMPTY_GT,untrusted empty-GT in contaminated source
BCL_f2643.png,/hdd1/hieulc/datacrack/images/training/BCL_f2643.png,/hdd1/hieulc/datacrack/annotations/training/BCL_f2643.png,train,BCL,QUARANTINE_UNCERTIFIED_EMPTY_GT,untrusted empty-GT in contaminated source
BCL_f2644.png,/hdd1/hieulc/datacrack/images/training/BCL_f2644.png,/hdd1/hieulc/datacrack/annotations/training/BCL_f2644.png,train,BCL,QUARANTINE_UNCERTIFIED_EMPTY_GT,untrusted empty-GT in contaminated source
BCL_f2646.png,/hdd1/hieulc/datacrack/images/training/BCL_f2646.png,/hdd1/hieulc/datacrack/annotations/training/BCL_f2646.png,train,BCL,QUARANTINE_UNCERTIFIED_EMPTY_GT,untrusted empty-GT in contaminated source
BCL_f2647.png,/hdd1/hieulc/datacrack/images/training/BCL_f2647.png,/hdd1/hieulc/datacrack/annotations/training/BCL_f2647.png,train,BCL,QUARANTINE_UNCERTIFIED_EMPTY_GT,untrusted empty-GT in contaminated source
BCL_f2648.png,/hdd1/hieulc/datacrack/images/training/BCL_f2648.png,/hdd1/hieulc/datacrack/annotations/training/BCL_f2648.png,train,BCL,QUARANTINE_UNCERTIFIED_EMPTY_GT,untrusted empty-GT in contaminated source
BCL_f265.png,/hdd1/hieulc/datacrack/images/training/BCL_f265.png,/hdd1/hieulc/datacrack/annotations/training/BCL_f265.png,train,BCL,QUARANTINE_UNCERTIFIED_EMPTY_GT,untrusted empty-GT in contaminated source
BCL_f2651.png,/hdd1/hieulc/datacrack/images/training/BCL_f2651.png,/hdd1/hieulc/datacrack/annotations/training/BCL_f2651.png,train,BCL,QUARANTINE_UNCERTIFIED_EMPTY_GT,untrusted empty-GT in contaminated source
BCL_f2652.png,/hdd1/hieulc/datacrack/images/training/BCL_f2652.png,/hdd1/hieulc/datacrack/annotations/training/BCL_f2652.png,train,BCL,QUARANTINE_UNCERTIFIED_EMPTY_GT,untrusted empty-GT in contaminated source
BCL_f2653.png,/hdd1/hieulc/datacrack/images/training/BCL_f2653.png,/hdd1/hieulc/datacrack/annotations/training/BCL_f2653.png,train,BCL,QUARANTINE_UNCERTIFIED_EMPTY_GT,untrusted empty-GT in contaminated source
BCL_f2654.png,/hdd1/hieulc/datacrack/images/training/BCL_f2654.png,/hdd1/hieulc/datacrack/annotations/training/BCL_f2654.png,train,BCL,QUARANTINE_UNCERTIFIED_EMPTY_GT,untrusted empty-GT in contaminated source
BCL_f2656.png,/hdd1/hieulc/datacrack/images/training/BCL_f2656.png,/hdd1/hieulc/datacrack/annotations/training/BCL_f2656.png,train,BCL,QUARANTINE_UNCERTIFIED_EMPTY_GT,untrusted empty-GT in contaminated source
BCL_f2657.png,/hdd1/hieulc/datacrack/images/training/BCL_f2657.png,/hdd1/hieulc/datacrack/annotations/training/BCL_f2657.png,train,BCL,QUARANTINE_UNCERTIFIED_EMPTY_GT,untrusted empty-GT in contaminated source
BCL_f2658.png,/hdd1/hieulc/datacrack/images/training/BCL_f2658.png,/hdd1/hieulc/datacrack/annotations/training/BCL_f2658.png,train,BCL,QUARANTINE_UNCERTIFIED_EMPTY_GT,untrusted empty-GT in contaminated source
BCL_f2659.png,/hdd1/hieulc/datacrack/images/training/BCL_f2659.png,/hdd1/hieulc/datacrack/annotations/training/BCL_f2659.png,train,BCL,QUARANTINE_UNCERTIFIED_EMPTY_GT,untrusted empty-GT in contaminated source
BCL_f266.png,/hdd1/hieulc/datacrack/images/training/BCL_f266.png,/hdd1/hieulc/datacrack/annotations/training/BCL_f266.png,train,BCL,QUARANTINE_UNCERTIFIED_EMPTY_GT,untrusted empty-GT in contaminated source
BCL_f2661.png,/hdd1/hieulc/datacrack/images/training/BCL_f2661.png,/hdd1/hieulc/datacrack/annotations/training/BCL_f2661.png,train,BCL,QUARANTINE_UNCERTIFIED_EMPTY_GT,untrusted empty-GT in contaminated source
BCL_f2662.png,/hdd1/hieulc/datacrack/images/training/BCL_f2662.png,/hdd1/hieulc/datacrack/annotations/training/BCL_f2662.png,train,BCL,QUARANTINE_UNCERTIFIED_EMPTY_GT,untrusted empty-GT in contaminated source
BCL_f2663.png,/hdd1/hieulc/datacrack/images/training/BCL_f2663.png,/hdd1/hieulc/datacrack/annotations/training/BCL_f2663.png,train,BCL,QUARANTINE_UNCERTIFIED_EMPTY_GT,untrusted empty-GT in contaminated source
BCL_f2664.png,/hdd1/hieulc/datacrack/images/training/BCL_f2664.png,/hdd1/hieulc/datacrack/annotations/training/BCL_f2664.png,train,BCL,QUARANTINE_UNCERTIFIED_EMPTY_GT,untrusted empty-GT in contaminated source
BCL_f2665.png,/hdd1/hieulc/datacrack/images/training/BCL_f2665.png,/hdd1/hieulc/datacrack/annotations/training/BCL_f2665.png,train,BCL,QUARANTINE_UNCERTIFIED_EMPTY_GT,untrusted empty-GT in contaminated source
BCL_f2666.png,/hdd1/hieulc/datacrack/images/training/BCL_f2666.png,/hdd1/hieulc/datacrack/annotations/training/BCL_f2666.png,train,BCL,QUARANTINE_UNCERTIFIED_EMPTY_GT,untrusted empty-GT in contaminated source
BCL_f2667.png,/hdd1/hieulc/datacrack/images/training/BCL_f2667.png,/hdd1/hieulc/datacrack/annotations/training/BCL_f2667.png,train,BCL,QUARANTINE_UNCERTIFIED_EMPTY_GT,untrusted empty-GT in contaminated source
BCL_f2668.png,/hdd1/hieulc/datacrack/images/training/BCL_f2668.png,/hdd1/hieulc/datacrack/annotations/training/BCL_f2668.png,train,BCL,QUARANTINE_UNCERTIFIED_EMPTY_GT,untrusted empty-GT in contaminated source
BCL_f2669.png,/hdd1/hieulc/datacrack/images/training/BCL_f2669.png,/hdd1/hieulc/datacrack/annotations/training/BCL_f2669.png,train,BCL,QUARANTINE_UNCERTIFIED_EMPTY_GT,untrusted empty-GT in contaminated source
BCL_f267.png,/hdd1/hieulc/datacrack/images/training/BCL_f267.png,/hdd1/hieulc/datacrack/annotations/training/BCL_f267.png,train,BCL,QUARANTINE_UNCERTIFIED_EMPTY_GT,untrusted empty-GT in contaminated source
BCL_f2670.png,/hdd1/hieulc/datacrack/images/training/BCL_f2670.png,/hdd1/hieulc/datacrack/annotations/training/BCL_f2670.png,train,BCL,QUARANTINE_UNCERTIFIED_EMPTY_GT,untrusted empty-GT in contaminated source
BCL_f2671.png,/hdd1/hieulc/datacrack/images/training/BCL_f2671.png,/hdd1/hieulc/datacrack/annotations/training/BCL_f2671.png,train,BCL,QUARANTINE_UNCERTIFIED_EMPTY_GT,untrusted empty-GT in contaminated source
BCL_f2672.png,/hdd1/hieulc/datacrack/images/training/BCL_f2672.png,/hdd1/hieulc/datacrack/annotations/training/BCL_f2672.png,train,BCL,QUARANTINE_UNCERTIFIED_EMPTY_GT,untrusted empty-GT in contaminated source
BCL_f2673.png,/hdd1/hieulc/datacrack/images/training/BCL_f2673.png,/hdd1/hieulc/datacrack/annotations/training/BCL_f2673.png,train,BCL,QUARANTINE_UNCERTIFIED_EMPTY_GT,untrusted empty-GT in contaminated source
BCL_f2674.png,/hdd1/hieulc/datacrack/images/training/BCL_f2674.png,/hdd1/hieulc/datacrack/annotations/training/BCL_f2674.png,train,BCL,QUARANTINE_UNCERTIFIED_EMPTY_GT,untrusted empty-GT in contaminated source
BCL_f2675.png,/hdd1/hieulc/datacrack/images/training/BCL_f2675.png,/hdd1/hieulc/datacrack/annotations/training/BCL_f2675.png,train,BCL,QUARANTINE_UNCERTIFIED_EMPTY_GT,untrusted empty-GT in contaminated source
BCL_f268.png,/hdd1/hieulc/datacrack/images/training/BCL_f268.png,/hdd1/hieulc/datacrack/annotations/training/BCL_f268.png,train,BCL,QUARANTINE_UNCERTIFIED_EMPTY_GT,untrusted empty-GT in contaminated source
BCL_f2680.png,/hdd1/hieulc/datacrack/images/training/BCL_f2680.png,/hdd1/hieulc/datacrack/annotations/training/BCL_f2680.png,train,BCL,QUARANTINE_UNCERTIFIED_EMPTY_GT,untrusted empty-GT in contaminated source
BCL_f2681.png,/hdd1/hieulc/datacrack/images/training/BCL_f2681.png,/hdd1/hieulc/datacrack/annotations/training/BCL_f2681.png,train,BCL,QUARANTINE_UNCERTIFIED_EMPTY_GT,untrusted empty-GT in contaminated source
BCL_f2682.png,/hdd1/hieulc/datacrack/images/training/BCL_f2682.png,/hdd1/hieulc/datacrack/annotations/training/BCL_f2682.png,train,BCL,QUARANTINE_UNCERTIFIED_EMPTY_GT,untrusted empty-GT in contaminated source
BCL_f2683.png,/hdd1/hieulc/datacrack/images/training/BCL_f2683.png,/hdd1/hieulc/datacrack/annotations/training/BCL_f2683.png,train,BCL,QUARANTINE_UNCERTIFIED_EMPTY_GT,untrusted empty-GT in contaminated source
BCL_f2685.png,/hdd1/hieulc/datacrack/images/training/BCL_f2685.png,/hdd1/hieulc/datacrack/annotations/training/BCL_f2685.png,train,BCL,QUARANTINE_UNCERTIFIED_EMPTY_GT,untrusted empty-GT in contaminated source
BCL_f2686.png,/hdd1/hieulc/datacrack/images/training/BCL_f2686.png,/hdd1/hieulc/datacrack/annotations/training/BCL_f2686.png,train,BCL,QUARANTINE_UNCERTIFIED_EMPTY_GT,untrusted empty-GT in contaminated source
BCL_f2687.png,/hdd1/hieulc/datacrack/images/training/BCL_f2687.png,/hdd1/hieulc/datacrack/annotations/training/BCL_f2687.png,train,BCL,QUARANTINE_UNCERTIFIED_EMPTY_GT,untrusted empty-GT in contaminated source
BCL_f2688.png,/hdd1/hieulc/datacrack/images/training/BCL_f2688.png,/hdd1/hieulc/datacrack/annotations/training/BCL_f2688.png,train,BCL,QUARANTINE_UNCERTIFIED_EMPTY_GT,untrusted empty-GT in contaminated source
BCL_f2689.png,/hdd1/hieulc/datacrack/images/training/BCL_f2689.png,/hdd1/hieulc/datacrack/annotations/training/BCL_f2689.png,train,BCL,QUARANTINE_UNCERTIFIED_EMPTY_GT,untrusted empty-GT in contaminated source
BCL_f269.png,/hdd1/hieulc/datacrack/images/training/BCL_f269.png,/hdd1/hieulc/datacrack/annotations/training/BCL_f269.png,train,BCL,QUARANTINE_UNCERTIFIED_EMPTY_GT,untrusted empty-GT in contaminated source
BCL_f2690.png,/hdd1/hieulc/datacrack/images/training/BCL_f2690.png,/hdd1/hieulc/datacrack/annotations/training/BCL_f2690.png,train,BCL,QUARANTINE_UNCERTIFIED_EMPTY_GT,untrusted empty-GT in contaminated source
BCL_f2693.png,/hdd1/hieulc/datacrack/images/training/BCL_f2693.png,/hdd1/hieulc/datacrack/annotations/training/BCL_f2693.png,train,BCL,QUARANTINE_UNCERTIFIED_EMPTY_GT,untrusted empty-GT in contaminated source
BCL_f2694.png,/hdd1/hieulc/datacrack/images/training/BCL_f2694.png,/hdd1/hieulc/datacrack/annotations/training/BCL_f2694.png,train,BCL,QUARANTINE_UNCERTIFIED_EMPTY_GT,untrusted empty-GT in contaminated source
BCL_f2695.png,/hdd1/hieulc/datacrack/images/training/BCL_f2695.png,/hdd1/hieulc/datacrack/annotations/training/BCL_f2695.png,train,BCL,QUARANTINE_UNCERTIFIED_EMPTY_GT,untrusted empty-GT in contaminated source
BCL_f2696.png,/hdd1/hieulc/datacrack/images/training/BCL_f2696.png,/hdd1/hieulc/datacrack/annotations/training/BCL_f2696.png,train,BCL,QUARANTINE_UNCERTIFIED_EMPTY_GT,untrusted empty-GT in contaminated source
BCL_f2697.png,/hdd1/hieulc/datacrack/images/training/BCL_f2697.png,/hdd1/hieulc/datacrack/annotations/training/BCL_f2697.png,train,BCL,QUARANTINE_UNCERTIFIED_EMPTY_GT,untrusted empty-GT in contaminated source
BCL_f27.png,/hdd1/hieulc/datacrack/images/training/BCL_f27.png,/hdd1/hieulc/datacrack/annotations/training/BCL_f27.png,train,BCL,QUARANTINE_UNCERTIFIED_EMPTY_GT,untrusted empty-GT in contaminated source
BCL_f270.png,/hdd1/hieulc/datacrack/images/training/BCL_f270.png,/hdd1/hieulc/datacrack/annotations/training/BCL_f270.png,train,BCL,QUARANTINE_UNCERTIFIED_EMPTY_GT,untrusted empty-GT in contaminated source
BCL_f2700.png,/hdd1/hieulc/datacrack/images/training/BCL_f2700.png,/hdd1/hieulc/datacrack/annotations/training/BCL_f2700.png,train,BCL,QUARANTINE_UNCERTIFIED_EMPTY_GT,untrusted empty-GT in contaminated source
BCL_f2701.png,/hdd1/hieulc/datacrack/images/training/BCL_f2701.png,/hdd1/hieulc/datacrack/annotations/training/BCL_f2701.png,train,BCL,QUARANTINE_UNCERTIFIED_EMPTY_GT,untrusted empty-GT in contaminated source
BCL_f2702.png,/hdd1/hieulc/datacrack/images/training/BCL_f2702.png,/hdd1/hieulc/datacrack/annotations/training/BCL_f2702.png,train,BCL,QUARANTINE_UNCERTIFIED_EMPTY_GT,untrusted empty-GT in contaminated source
BCL_f2704.png,/hdd1/hieulc/datacrack/images/training/BCL_f2704.png,/hdd1/hieulc/datacrack/annotations/training/BCL_f2704.png,train,BCL,QUARANTINE_UNCERTIFIED_EMPTY_GT,untrusted empty-GT in contaminated source
BCL_f2706.png,/hdd1/hieulc/datacrack/images/training/BCL_f2706.png,/hdd1/hieulc/datacrack/annotations/training/BCL_f2706.png,train,BCL,QUARANTINE_UNCERTIFIED_EMPTY_GT,untrusted empty-GT in contaminated source
BCL_f2707.png,/hdd1/hieulc/datacrack/images/training/BCL_f2707.png,/hdd1/hieulc/datacrack/annotations/training/BCL_f2707.png,train,BCL,QUARANTINE_UNCERTIFIED_EMPTY_GT,untrusted empty-GT in contaminated source
BCL_f2708.png,/hdd1/hieulc/datacrack/images/training/BCL_f2708.png,/hdd1/hieulc/datacrack/annotations/training/BCL_f2708.png,train,BCL,QUARANTINE_UNCERTIFIED_EMPTY_GT,untrusted empty-GT in contaminated source
BCL_f2709.png,/hdd1/hieulc/datacrack/images/training/BCL_f2709.png,/hdd1/hieulc/datacrack/annotations/training/BCL_f2709.png,train,BCL,QUARANTINE_UNCERTIFIED_EMPTY_GT,untrusted empty-GT in contaminated source
BCL_f271.png,/hdd1/hieulc/datacrack/images/training/BCL_f271.png,/hdd1/hieulc/datacrack/annotations/training/BCL_f271.png,train,BCL,QUARANTINE_UNCERTIFIED_EMPTY_GT,untrusted empty-GT in contaminated source
BCL_f2710.png,/hdd1/hieulc/datacrack/images/training/BCL_f2710.png,/hdd1/hieulc/datacrack/annotations/training/BCL_f2710.png,train,BCL,QUARANTINE_UNCERTIFIED_EMPTY_GT,untrusted empty-GT in contaminated source
BCL_f2711.png,/hdd1/hieulc/datacrack/images/training/BCL_f2711.png,/hdd1/hieulc/datacrack/annotations/training/BCL_f2711.png,train,BCL,QUARANTINE_UNCERTIFIED_EMPTY_GT,untrusted empty-GT in contaminated source
BCL_f2712.png,/hdd1/hieulc/datacrack/images/training/BCL_f2712.png,/hdd1/hieulc/datacrack/annotations/training/BCL_f2712.png,train,BCL,QUARANTINE_UNCERTIFIED_EMPTY_GT,untrusted empty-GT in contaminated source
BCL_f2713.png,/hdd1/hieulc/datacrack/images/training/BCL_f2713.png,/hdd1/hieulc/datacrack/annotations/training/BCL_f2713.png,train,BCL,QUARANTINE_UNCERTIFIED_EMPTY_GT,untrusted empty-GT in contaminated source
BCL_f2714.png,/hdd1/hieulc/datacrack/images/training/BCL_f2714.png,/hdd1/hieulc/datacrack/annotations/training/BCL_f2714.png,train,BCL,QUARANTINE_UNCERTIFIED_EMPTY_GT,untrusted empty-GT in contaminated source
BCL_f2715.png,/hdd1/hieulc/datacrack/images/training/BCL_f2715.png,/hdd1/hieulc/datacrack/annotations/training/BCL_f2715.png,train,BCL,QUARANTINE_UNCERTIFIED_EMPTY_GT,untrusted empty-GT in contaminated source
BCL_f2716.png,/hdd1/hieulc/datacrack/images/training/BCL_f2716.png,/hdd1/hieulc/datacrack/annotations/training/BCL_f2716.png,train,BCL,QUARANTINE_UNCERTIFIED_EMPTY_GT,untrusted empty-GT in contaminated source
BCL_f2718.png,/hdd1/hieulc/datacrack/images/training/BCL_f2718.png,/hdd1/hieulc/datacrack/annotations/training/BCL_f2718.png,train,BCL,QUARANTINE_UNCERTIFIED_EMPTY_GT,untrusted empty-GT in contaminated source
BCL_f2719.png,/hdd1/hieulc/datacrack/images/training/BCL_f2719.png,/hdd1/hieulc/datacrack/annotations/training/BCL_f2719.png,train,BCL,QUARANTINE_UNCERTIFIED_EMPTY_GT,untrusted empty-GT in contaminated source
BCL_f272.png,/hdd1/hieulc/datacrack/images/training/BCL_f272.png,/hdd1/hieulc/datacrack/annotations/training/BCL_f272.png,train,BCL,QUARANTINE_UNCERTIFIED_EMPTY_GT,untrusted empty-GT in contaminated source
BCL_f2720.png,/hdd1/hieulc/datacrack/images/training/BCL_f2720.png,/hdd1/hieulc/datacrack/annotations/training/BCL_f2720.png,train,BCL,QUARANTINE_UNCERTIFIED_EMPTY_GT,untrusted empty-GT in contaminated source
BCL_f2721.png,/hdd1/hieulc/datacrack/images/training/BCL_f2721.png,/hdd1/hieulc/datacrack/annotations/training/BCL_f2721.png,train,BCL,QUARANTINE_UNCERTIFIED_EMPTY_GT,untrusted empty-GT in contaminated source
BCL_f2722.png,/hdd1/hieulc/datacrack/images/training/BCL_f2722.png,/hdd1/hieulc/datacrack/annotations/training/BCL_f2722.png,train,BCL,QUARANTINE_UNCERTIFIED_EMPTY_GT,untrusted empty-GT in contaminated source
BCL_f2723.png,/hdd1/hieulc/datacrack/images/training/BCL_f2723.png,/hdd1/hieulc/datacrack/annotations/training/BCL_f2723.png,train,BCL,QUARANTINE_UNCERTIFIED_EMPTY_GT,untrusted empty-GT in contaminated source
BCL_f2724.png,/hdd1/hieulc/datacrack/images/training/BCL_f2724.png,/hdd1/hieulc/datacrack/annotations/training/BCL_f2724.png,train,BCL,QUARANTINE_UNCERTIFIED_EMPTY_GT,untrusted empty-GT in contaminated source
BCL_f2725.png,/hdd1/hieulc/datacrack/images/training/BCL_f2725.png,/hdd1/hieulc/datacrack/annotations/training/BCL_f2725.png,train,BCL,QUARANTINE_UNCERTIFIED_EMPTY_GT,untrusted empty-GT in contaminated source
BCL_f2726.png,/hdd1/hieulc/datacrack/images/training/BCL_f2726.png,/hdd1/hieulc/datacrack/annotations/training/BCL_f2726.png,train,BCL,QUARANTINE_UNCERTIFIED_EMPTY_GT,untrusted empty-GT in contaminated source
BCL_f2727.png,/hdd1/hieulc/datacrack/images/training/BCL_f2727.png,/hdd1/hieulc/datacrack/annotations/training/BCL_f2727.png,train,BCL,QUARANTINE_UNCERTIFIED_EMPTY_GT,untrusted empty-GT in contaminated source
BCL_f2728.png,/hdd1/hieulc/datacrack/images/training/BCL_f2728.png,/hdd1/hieulc/datacrack/annotations/training/BCL_f2728.png,train,BCL,QUARANTINE_UNCERTIFIED_EMPTY_GT,untrusted empty-GT in contaminated source
BCL_f2729.png,/hdd1/hieulc/datacrack/images/training/BCL_f2729.png,/hdd1/hieulc/datacrack/annotations/training/BCL_f2729.png,train,BCL,QUARANTINE_UNCERTIFIED_EMPTY_GT,untrusted empty-GT in contaminated source
BCL_f273.png,/hdd1/hieulc/datacrack/images/training/BCL_f273.png,/hdd1/hieulc/datacrack/annotations/training/BCL_f273.png,train,BCL,QUARANTINE_UNCERTIFIED_EMPTY_GT,untrusted empty-GT in contaminated source
BCL_f2730.png,/hdd1/hieulc/datacrack/images/training/BCL_f2730.png,/hdd1/hieulc/datacrack/annotations/training/BCL_f2730.png,train,BCL,QUARANTINE_UNCERTIFIED_EMPTY_GT,untrusted empty-GT in contaminated source
BCL_f2731.png,/hdd1/hieulc/datacrack/images/training/BCL_f2731.png,/hdd1/hieulc/datacrack/annotations/training/BCL_f2731.png,train,BCL,QUARANTINE_UNCERTIFIED_EMPTY_GT,untrusted empty-GT in contaminated source
BCL_f2732.png,/hdd1/hieulc/datacrack/images/training/BCL_f2732.png,/hdd1/hieulc/datacrack/annotations/training/BCL_f2732.png,train,BCL,QUARANTINE_UNCERTIFIED_EMPTY_GT,untrusted empty-GT in contaminated source
BCL_f2733.png,/hdd1/hieulc/datacrack/images/training/BCL_f2733.png,/hdd1/hieulc/datacrack/annotations/training/BCL_f2733.png,train,BCL,QUARANTINE_UNCERTIFIED_EMPTY_GT,untrusted empty-GT in contaminated source
BCL_f2735.png,/hdd1/hieulc/datacrack/images/training/BCL_f2735.png,/hdd1/hieulc/datacrack/annotations/training/BCL_f2735.png,train,BCL,QUARANTINE_UNCERTIFIED_EMPTY_GT,untrusted empty-GT in contaminated source
BCL_f2736.png,/hdd1/hieulc/datacrack/images/training/BCL_f2736.png,/hdd1/hieulc/datacrack/annotations/training/BCL_f2736.png,train,BCL,QUARANTINE_UNCERTIFIED_EMPTY_GT,untrusted empty-GT in contaminated source
BCL_f2737.png,/hdd1/hieulc/datacrack/images/training/BCL_f2737.png,/hdd1/hieulc/datacrack/annotations/training/BCL_f2737.png,train,BCL,QUARANTINE_UNCERTIFIED_EMPTY_GT,untrusted empty-GT in contaminated source
BCL_f2738.png,/hdd1/hieulc/datacrack/images/training/BCL_f2738.png,/hdd1/hieulc/datacrack/annotations/training/BCL_f2738.png,train,BCL,QUARANTINE_UNCERTIFIED_EMPTY_GT,untrusted empty-GT in contaminated source
BCL_f2739.png,/hdd1/hieulc/datacrack/images/training/BCL_f2739.png,/hdd1/hieulc/datacrack/annotations/training/BCL_f2739.png,train,BCL,QUARANTINE_UNCERTIFIED_EMPTY_GT,untrusted empty-GT in contaminated source
BCL_f274.png,/hdd1/hieulc/datacrack/images/training/BCL_f274.png,/hdd1/hieulc/datacrack/annotations/training/BCL_f274.png,train,BCL,QUARANTINE_UNCERTIFIED_EMPTY_GT,untrusted empty-GT in contaminated source
BCL_f2740.png,/hdd1/hieulc/datacrack/images/training/BCL_f2740.png,/hdd1/hieulc/datacrack/annotations/training/BCL_f2740.png,train,BCL,QUARANTINE_UNCERTIFIED_EMPTY_GT,untrusted empty-GT in contaminated source
BCL_f2741.png,/hdd1/hieulc/datacrack/images/training/BCL_f2741.png,/hdd1/hieulc/datacrack/annotations/training/BCL_f2741.png,train,BCL,QUARANTINE_UNCERTIFIED_EMPTY_GT,untrusted empty-GT in contaminated source
BCL_f2742.png,/hdd1/hieulc/datacrack/images/training/BCL_f2742.png,/hdd1/hieulc/datacrack/annotations/training/BCL_f2742.png,train,BCL,QUARANTINE_UNCERTIFIED_EMPTY_GT,untrusted empty-GT in contaminated source
BCL_f2743.png,/hdd1/hieulc/datacrack/images/training/BCL_f2743.png,/hdd1/hieulc/datacrack/annotations/training/BCL_f2743.png,train,BCL,QUARANTINE_UNCERTIFIED_EMPTY_GT,untrusted empty-GT in contaminated source
BCL_f2744.png,/hdd1/hieulc/datacrack/images/training/BCL_f2744.png,/hdd1/hieulc/datacrack/annotations/training/BCL_f2744.png,train,BCL,QUARANTINE_UNCERTIFIED_EMPTY_GT,untrusted empty-GT in contaminated source
BCL_f2745.png,/hdd1/hieulc/datacrack/images/training/BCL_f2745.png,/hdd1/hieulc/datacrack/annotations/training/BCL_f2745.png,train,BCL,QUARANTINE_UNCERTIFIED_EMPTY_GT,untrusted empty-GT in contaminated source
BCL_f2746.png,/hdd1/hieulc/datacrack/images/training/BCL_f2746.png,/hdd1/hieulc/datacrack/annotations/training/BCL_f2746.png,train,BCL,QUARANTINE_UNCERTIFIED_EMPTY_GT,untrusted empty-GT in contaminated source
BCL_f2747.png,/hdd1/hieulc/datacrack/images/training/BCL_f2747.png,/hdd1/hieulc/datacrack/annotations/training/BCL_f2747.png,train,BCL,QUARANTINE_UNCERTIFIED_EMPTY_GT,untrusted empty-GT in contaminated source
BCL_f2748.png,/hdd1/hieulc/datacrack/images/training/BCL_f2748.png,/hdd1/hieulc/datacrack/annotations/training/BCL_f2748.png,train,BCL,QUARANTINE_UNCERTIFIED_EMPTY_GT,untrusted empty-GT in contaminated source
BCL_f2749.png,/hdd1/hieulc/datacrack/images/training/BCL_f2749.png,/hdd1/hieulc/datacrack/annotations/training/BCL_f2749.png,train,BCL,QUARANTINE_UNCERTIFIED_EMPTY_GT,untrusted empty-GT in contaminated source
BCL_f275.png,/hdd1/hieulc/datacrack/images/training/BCL_f275.png,/hdd1/hieulc/datacrack/annotations/training/BCL_f275.png,train,BCL,QUARANTINE_UNCERTIFIED_EMPTY_GT,untrusted empty-GT in contaminated source
BCL_f2750.png,/hdd1/hieulc/datacrack/images/training/BCL_f2750.png,/hdd1/hieulc/datacrack/annotations/training/BCL_f2750.png,train,BCL,QUARANTINE_UNCERTIFIED_EMPTY_GT,untrusted empty-GT in contaminated source
BCL_f2751.png,/hdd1/hieulc/datacrack/images/training/BCL_f2751.png,/hdd1/hieulc/datacrack/annotations/training/BCL_f2751.png,train,BCL,QUARANTINE_UNCERTIFIED_EMPTY_GT,untrusted empty-GT in contaminated source
BCL_f2752.png,/hdd1/hieulc/datacrack/images/training/BCL_f2752.png,/hdd1/hieulc/datacrack/annotations/training/BCL_f2752.png,train,BCL,QUARANTINE_UNCERTIFIED_EMPTY_GT,untrusted empty-GT in contaminated source
BCL_f2756.png,/hdd1/hieulc/datacrack/images/training/BCL_f2756.png,/hdd1/hieulc/datacrack/annotations/training/BCL_f2756.png,train,BCL,QUARANTINE_UNCERTIFIED_EMPTY_GT,untrusted empty-GT in contaminated source
BCL_f2758.png,/hdd1/hieulc/datacrack/images/training/BCL_f2758.png,/hdd1/hieulc/datacrack/annotations/training/BCL_f2758.png,train,BCL,QUARANTINE_UNCERTIFIED_EMPTY_GT,untrusted empty-GT in contaminated source
BCL_f2759.png,/hdd1/hieulc/datacrack/images/training/BCL_f2759.png,/hdd1/hieulc/datacrack/annotations/training/BCL_f2759.png,train,BCL,QUARANTINE_UNCERTIFIED_EMPTY_GT,untrusted empty-GT in contaminated source
BCL_f2760.png,/hdd1/hieulc/datacrack/images/training/BCL_f2760.png,/hdd1/hieulc/datacrack/annotations/training/BCL_f2760.png,train,BCL,QUARANTINE_UNCERTIFIED_EMPTY_GT,untrusted empty-GT in contaminated source
BCL_f2761.png,/hdd1/hieulc/datacrack/images/training/BCL_f2761.png,/hdd1/hieulc/datacrack/annotations/training/BCL_f2761.png,train,BCL,QUARANTINE_UNCERTIFIED_EMPTY_GT,untrusted empty-GT in contaminated source
BCL_f2762.png,/hdd1/hieulc/datacrack/images/training/BCL_f2762.png,/hdd1/hieulc/datacrack/annotations/training/BCL_f2762.png,train,BCL,QUARANTINE_UNCERTIFIED_EMPTY_GT,untrusted empty-GT in contaminated source
BCL_f2763.png,/hdd1/hieulc/datacrack/images/training/BCL_f2763.png,/hdd1/hieulc/datacrack/annotations/training/BCL_f2763.png,train,BCL,QUARANTINE_UNCERTIFIED_EMPTY_GT,untrusted empty-GT in contaminated source
BCL_f2764.png,/hdd1/hieulc/datacrack/images/training/BCL_f2764.png,/hdd1/hieulc/datacrack/annotations/training/BCL_f2764.png,train,BCL,QUARANTINE_UNCERTIFIED_EMPTY_GT,untrusted empty-GT in contaminated source
BCL_f2766.png,/hdd1/hieulc/datacrack/images/training/BCL_f2766.png,/hdd1/hieulc/datacrack/annotations/training/BCL_f2766.png,train,BCL,QUARANTINE_UNCERTIFIED_EMPTY_GT,untrusted empty-GT in contaminated source
BCL_f2767.png,/hdd1/hieulc/datacrack/images/training/BCL_f2767.png,/hdd1/hieulc/datacrack/annotations/training/BCL_f2767.png,train,BCL,QUARANTINE_UNCERTIFIED_EMPTY_GT,untrusted empty-GT in contaminated source
BCL_f2769.png,/hdd1/hieulc/datacrack/images/training/BCL_f2769.png,/hdd1/hieulc/datacrack/annotations/training/BCL_f2769.png,train,BCL,QUARANTINE_UNCERTIFIED_EMPTY_GT,untrusted empty-GT in contaminated source
BCL_f277.png,/hdd1/hieulc/datacrack/images/training/BCL_f277.png,/hdd1/hieulc/datacrack/annotations/training/BCL_f277.png,train,BCL,QUARANTINE_UNCERTIFIED_EMPTY_GT,untrusted empty-GT in contaminated source
BCL_f2770.png,/hdd1/hieulc/datacrack/images/training/BCL_f2770.png,/hdd1/hieulc/datacrack/annotations/training/BCL_f2770.png,train,BCL,QUARANTINE_UNCERTIFIED_EMPTY_GT,untrusted empty-GT in contaminated source
BCL_f2771.png,/hdd1/hieulc/datacrack/images/training/BCL_f2771.png,/hdd1/hieulc/datacrack/annotations/training/BCL_f2771.png,train,BCL,QUARANTINE_UNCERTIFIED_EMPTY_GT,untrusted empty-GT in contaminated source
BCL_f2772.png,/hdd1/hieulc/datacrack/images/training/BCL_f2772.png,/hdd1/hieulc/datacrack/annotations/training/BCL_f2772.png,train,BCL,QUARANTINE_UNCERTIFIED_EMPTY_GT,untrusted empty-GT in contaminated source
BCL_f2773.png,/hdd1/hieulc/datacrack/images/training/BCL_f2773.png,/hdd1/hieulc/datacrack/annotations/training/BCL_f2773.png,train,BCL,QUARANTINE_UNCERTIFIED_EMPTY_GT,untrusted empty-GT in contaminated source
BCL_f2774.png,/hdd1/hieulc/datacrack/images/training/BCL_f2774.png,/hdd1/hieulc/datacrack/annotations/training/BCL_f2774.png,train,BCL,QUARANTINE_UNCERTIFIED_EMPTY_GT,untrusted empty-GT in contaminated source
BCL_f2775.png,/hdd1/hieulc/datacrack/images/training/BCL_f2775.png,/hdd1/hieulc/datacrack/annotations/training/BCL_f2775.png,train,BCL,QUARANTINE_UNCERTIFIED_EMPTY_GT,untrusted empty-GT in contaminated source
BCL_f2776.png,/hdd1/hieulc/datacrack/images/training/BCL_f2776.png,/hdd1/hieulc/datacrack/annotations/training/BCL_f2776.png,train,BCL,QUARANTINE_UNCERTIFIED_EMPTY_GT,untrusted empty-GT in contaminated source
BCL_f2779.png,/hdd1/hieulc/datacrack/images/training/BCL_f2779.png,/hdd1/hieulc/datacrack/annotations/training/BCL_f2779.png,train,BCL,QUARANTINE_UNCERTIFIED_EMPTY_GT,untrusted empty-GT in contaminated source
BCL_f278.png,/hdd1/hieulc/datacrack/images/training/BCL_f278.png,/hdd1/hieulc/datacrack/annotations/training/BCL_f278.png,train,BCL,QUARANTINE_UNCERTIFIED_EMPTY_GT,untrusted empty-GT in contaminated source
BCL_f2780.png,/hdd1/hieulc/datacrack/images/training/BCL_f2780.png,/hdd1/hieulc/datacrack/annotations/training/BCL_f2780.png,train,BCL,QUARANTINE_UNCERTIFIED_EMPTY_GT,untrusted empty-GT in contaminated source
BCL_f2781.png,/hdd1/hieulc/datacrack/images/training/BCL_f2781.png,/hdd1/hieulc/datacrack/annotations/training/BCL_f2781.png,train,BCL,QUARANTINE_UNCERTIFIED_EMPTY_GT,untrusted empty-GT in contaminated source
BCL_f2783.png,/hdd1/hieulc/datacrack/images/training/BCL_f2783.png,/hdd1/hieulc/datacrack/annotations/training/BCL_f2783.png,train,BCL,QUARANTINE_UNCERTIFIED_EMPTY_GT,untrusted empty-GT in contaminated source
BCL_f2784.png,/hdd1/hieulc/datacrack/images/training/BCL_f2784.png,/hdd1/hieulc/datacrack/annotations/training/BCL_f2784.png,train,BCL,QUARANTINE_UNCERTIFIED_EMPTY_GT,untrusted empty-GT in contaminated source
BCL_f2785.png,/hdd1/hieulc/datacrack/images/training/BCL_f2785.png,/hdd1/hieulc/datacrack/annotations/training/BCL_f2785.png,train,BCL,QUARANTINE_UNCERTIFIED_EMPTY_GT,untrusted empty-GT in contaminated source
BCL_f2786.png,/hdd1/hieulc/datacrack/images/training/BCL_f2786.png,/hdd1/hieulc/datacrack/annotations/training/BCL_f2786.png,train,BCL,QUARANTINE_UNCERTIFIED_EMPTY_GT,untrusted empty-GT in contaminated source
BCL_f2787.png,/hdd1/hieulc/datacrack/images/training/BCL_f2787.png,/hdd1/hieulc/datacrack/annotations/training/BCL_f2787.png,train,BCL,QUARANTINE_UNCERTIFIED_EMPTY_GT,untrusted empty-GT in contaminated source
BCL_f2788.png,/hdd1/hieulc/datacrack/images/training/BCL_f2788.png,/hdd1/hieulc/datacrack/annotations/training/BCL_f2788.png,train,BCL,QUARANTINE_UNCERTIFIED_EMPTY_GT,untrusted empty-GT in contaminated source
BCL_f2789.png,/hdd1/hieulc/datacrack/images/training/BCL_f2789.png,/hdd1/hieulc/datacrack/annotations/training/BCL_f2789.png,train,BCL,QUARANTINE_UNCERTIFIED_EMPTY_GT,untrusted empty-GT in contaminated source
BCL_f279.png,/hdd1/hieulc/datacrack/images/training/BCL_f279.png,/hdd1/hieulc/datacrack/annotations/training/BCL_f279.png,train,BCL,QUARANTINE_UNCERTIFIED_EMPTY_GT,untrusted empty-GT in contaminated source
BCL_f2790.png,/hdd1/hieulc/datacrack/images/training/BCL_f2790.png,/hdd1/hieulc/datacrack/annotations/training/BCL_f2790.png,train,BCL,QUARANTINE_UNCERTIFIED_EMPTY_GT,untrusted empty-GT in contaminated source
BCL_f2791.png,/hdd1/hieulc/datacrack/images/training/BCL_f2791.png,/hdd1/hieulc/datacrack/annotations/training/BCL_f2791.png,train,BCL,QUARANTINE_UNCERTIFIED_EMPTY_GT,untrusted empty-GT in contaminated source
BCL_f2794.png,/hdd1/hieulc/datacrack/images/training/BCL_f2794.png,/hdd1/hieulc/datacrack/annotations/training/BCL_f2794.png,train,BCL,QUARANTINE_UNCERTIFIED_EMPTY_GT,untrusted empty-GT in contaminated source
BCL_f2795.png,/hdd1/hieulc/datacrack/images/training/BCL_f2795.png,/hdd1/hieulc/datacrack/annotations/training/BCL_f2795.png,train,BCL,QUARANTINE_UNCERTIFIED_EMPTY_GT,untrusted empty-GT in contaminated source
BCL_f2796.png,/hdd1/hieulc/datacrack/images/training/BCL_f2796.png,/hdd1/hieulc/datacrack/annotations/training/BCL_f2796.png,train,BCL,QUARANTINE_UNCERTIFIED_EMPTY_GT,untrusted empty-GT in contaminated source
BCL_f2797.png,/hdd1/hieulc/datacrack/images/training/BCL_f2797.png,/hdd1/hieulc/datacrack/annotations/training/BCL_f2797.png,train,BCL,QUARANTINE_UNCERTIFIED_EMPTY_GT,untrusted empty-GT in contaminated source
BCL_f2798.png,/hdd1/hieulc/datacrack/images/training/BCL_f2798.png,/hdd1/hieulc/datacrack/annotations/training/BCL_f2798.png,train,BCL,QUARANTINE_UNCERTIFIED_EMPTY_GT,untrusted empty-GT in contaminated source
BCL_f2799.png,/hdd1/hieulc/datacrack/images/training/BCL_f2799.png,/hdd1/hieulc/datacrack/annotations/training/BCL_f2799.png,train,BCL,QUARANTINE_UNCERTIFIED_EMPTY_GT,untrusted empty-GT in contaminated source
BCL_f28.png,/hdd1/hieulc/datacrack/images/training/BCL_f28.png,/hdd1/hieulc/datacrack/annotations/training/BCL_f28.png,train,BCL,QUARANTINE_UNCERTIFIED_EMPTY_GT,untrusted empty-GT in contaminated source
BCL_f280.png,/hdd1/hieulc/datacrack/images/training/BCL_f280.png,/hdd1/hieulc/datacrack/annotations/training/BCL_f280.png,train,BCL,QUARANTINE_UNCERTIFIED_EMPTY_GT,untrusted empty-GT in contaminated source
BCL_f2800.png,/hdd1/hieulc/datacrack/images/training/BCL_f2800.png,/hdd1/hieulc/datacrack/annotations/training/BCL_f2800.png,train,BCL,QUARANTINE_UNCERTIFIED_EMPTY_GT,untrusted empty-GT in contaminated source
BCL_f2801.png,/hdd1/hieulc/datacrack/images/training/BCL_f2801.png,/hdd1/hieulc/datacrack/annotations/training/BCL_f2801.png,train,BCL,QUARANTINE_UNCERTIFIED_EMPTY_GT,untrusted empty-GT in contaminated source
BCL_f2802.png,/hdd1/hieulc/datacrack/images/training/BCL_f2802.png,/hdd1/hieulc/datacrack/annotations/training/BCL_f2802.png,train,BCL,QUARANTINE_UNCERTIFIED_EMPTY_GT,untrusted empty-GT in contaminated source
BCL_f2803.png,/hdd1/hieulc/datacrack/images/training/BCL_f2803.png,/hdd1/hieulc/datacrack/annotations/training/BCL_f2803.png,train,BCL,QUARANTINE_UNCERTIFIED_EMPTY_GT,untrusted empty-GT in contaminated source
BCL_f2805.png,/hdd1/hieulc/datacrack/images/training/BCL_f2805.png,/hdd1/hieulc/datacrack/annotations/training/BCL_f2805.png,train,BCL,QUARANTINE_UNCERTIFIED_EMPTY_GT,untrusted empty-GT in contaminated source
BCL_f2807.png,/hdd1/hieulc/datacrack/images/training/BCL_f2807.png,/hdd1/hieulc/datacrack/annotations/training/BCL_f2807.png,train,BCL,QUARANTINE_UNCERTIFIED_EMPTY_GT,untrusted empty-GT in contaminated source
BCL_f2808.png,/hdd1/hieulc/datacrack/images/training/BCL_f2808.png,/hdd1/hieulc/datacrack/annotations/training/BCL_f2808.png,train,BCL,QUARANTINE_UNCERTIFIED_EMPTY_GT,untrusted empty-GT in contaminated source
BCL_f2809.png,/hdd1/hieulc/datacrack/images/training/BCL_f2809.png,/hdd1/hieulc/datacrack/annotations/training/BCL_f2809.png,train,BCL,QUARANTINE_UNCERTIFIED_EMPTY_GT,untrusted empty-GT in contaminated source
BCL_f281.png,/hdd1/hieulc/datacrack/images/training/BCL_f281.png,/hdd1/hieulc/datacrack/annotations/training/BCL_f281.png,train,BCL,QUARANTINE_UNCERTIFIED_EMPTY_GT,untrusted empty-GT in contaminated source
BCL_f2810.png,/hdd1/hieulc/datacrack/images/training/BCL_f2810.png,/hdd1/hieulc/datacrack/annotations/training/BCL_f2810.png,train,BCL,QUARANTINE_UNCERTIFIED_EMPTY_GT,untrusted empty-GT in contaminated source
BCL_f2811.png,/hdd1/hieulc/datacrack/images/training/BCL_f2811.png,/hdd1/hieulc/datacrack/annotations/training/BCL_f2811.png,train,BCL,QUARANTINE_UNCERTIFIED_EMPTY_GT,untrusted empty-GT in contaminated source
BCL_f2813.png,/hdd1/hieulc/datacrack/images/training/BCL_f2813.png,/hdd1/hieulc/datacrack/annotations/training/BCL_f2813.png,train,BCL,QUARANTINE_UNCERTIFIED_EMPTY_GT,untrusted empty-GT in contaminated source
BCL_f2815.png,/hdd1/hieulc/datacrack/images/training/BCL_f2815.png,/hdd1/hieulc/datacrack/annotations/training/BCL_f2815.png,train,BCL,QUARANTINE_UNCERTIFIED_EMPTY_GT,untrusted empty-GT in contaminated source
BCL_f2816.png,/hdd1/hieulc/datacrack/images/training/BCL_f2816.png,/hdd1/hieulc/datacrack/annotations/training/BCL_f2816.png,train,BCL,QUARANTINE_UNCERTIFIED_EMPTY_GT,untrusted empty-GT in contaminated source
BCL_f2817.png,/hdd1/hieulc/datacrack/images/training/BCL_f2817.png,/hdd1/hieulc/datacrack/annotations/training/BCL_f2817.png,train,BCL,QUARANTINE_UNCERTIFIED_EMPTY_GT,untrusted empty-GT in contaminated source
BCL_f2818.png,/hdd1/hieulc/datacrack/images/training/BCL_f2818.png,/hdd1/hieulc/datacrack/annotations/training/BCL_f2818.png,train,BCL,QUARANTINE_UNCERTIFIED_EMPTY_GT,untrusted empty-GT in contaminated source
BCL_f2819.png,/hdd1/hieulc/datacrack/images/training/BCL_f2819.png,/hdd1/hieulc/datacrack/annotations/training/BCL_f2819.png,train,BCL,QUARANTINE_UNCERTIFIED_EMPTY_GT,untrusted empty-GT in contaminated source
BCL_f282.png,/hdd1/hieulc/datacrack/images/training/BCL_f282.png,/hdd1/hieulc/datacrack/annotations/training/BCL_f282.png,train,BCL,QUARANTINE_UNCERTIFIED_EMPTY_GT,untrusted empty-GT in contaminated source
BCL_f2820.png,/hdd1/hieulc/datacrack/images/training/BCL_f2820.png,/hdd1/hieulc/datacrack/annotations/training/BCL_f2820.png,train,BCL,QUARANTINE_UNCERTIFIED_EMPTY_GT,untrusted empty-GT in contaminated source
BCL_f2821.png,/hdd1/hieulc/datacrack/images/training/BCL_f2821.png,/hdd1/hieulc/datacrack/annotations/training/BCL_f2821.png,train,BCL,QUARANTINE_UNCERTIFIED_EMPTY_GT,untrusted empty-GT in contaminated source
BCL_f2823.png,/hdd1/hieulc/datacrack/images/training/BCL_f2823.png,/hdd1/hieulc/datacrack/annotations/training/BCL_f2823.png,train,BCL,QUARANTINE_UNCERTIFIED_EMPTY_GT,untrusted empty-GT in contaminated source
BCL_f2824.png,/hdd1/hieulc/datacrack/images/training/BCL_f2824.png,/hdd1/hieulc/datacrack/annotations/training/BCL_f2824.png,train,BCL,QUARANTINE_UNCERTIFIED_EMPTY_GT,untrusted empty-GT in contaminated source
BCL_f2825.png,/hdd1/hieulc/datacrack/images/training/BCL_f2825.png,/hdd1/hieulc/datacrack/annotations/training/BCL_f2825.png,train,BCL,QUARANTINE_UNCERTIFIED_EMPTY_GT,untrusted empty-GT in contaminated source
BCL_f2826.png,/hdd1/hieulc/datacrack/images/training/BCL_f2826.png,/hdd1/hieulc/datacrack/annotations/training/BCL_f2826.png,train,BCL,QUARANTINE_UNCERTIFIED_EMPTY_GT,untrusted empty-GT in contaminated source
BCL_f2827.png,/hdd1/hieulc/datacrack/images/training/BCL_f2827.png,/hdd1/hieulc/datacrack/annotations/training/BCL_f2827.png,train,BCL,QUARANTINE_UNCERTIFIED_EMPTY_GT,untrusted empty-GT in contaminated source
BCL_f2828.png,/hdd1/hieulc/datacrack/images/training/BCL_f2828.png,/hdd1/hieulc/datacrack/annotations/training/BCL_f2828.png,train,BCL,QUARANTINE_UNCERTIFIED_EMPTY_GT,untrusted empty-GT in contaminated source
BCL_f2829.png,/hdd1/hieulc/datacrack/images/training/BCL_f2829.png,/hdd1/hieulc/datacrack/annotations/training/BCL_f2829.png,train,BCL,QUARANTINE_UNCERTIFIED_EMPTY_GT,untrusted empty-GT in contaminated source
BCL_f283.png,/hdd1/hieulc/datacrack/images/training/BCL_f283.png,/hdd1/hieulc/datacrack/annotations/training/BCL_f283.png,train,BCL,QUARANTINE_UNCERTIFIED_EMPTY_GT,untrusted empty-GT in contaminated source
BCL_f2830.png,/hdd1/hieulc/datacrack/images/training/BCL_f2830.png,/hdd1/hieulc/datacrack/annotations/training/BCL_f2830.png,train,BCL,QUARANTINE_UNCERTIFIED_EMPTY_GT,untrusted empty-GT in contaminated source
BCL_f2831.png,/hdd1/hieulc/datacrack/images/training/BCL_f2831.png,/hdd1/hieulc/datacrack/annotations/training/BCL_f2831.png,train,BCL,QUARANTINE_UNCERTIFIED_EMPTY_GT,untrusted empty-GT in contaminated source
BCL_f2832.png,/hdd1/hieulc/datacrack/images/training/BCL_f2832.png,/hdd1/hieulc/datacrack/annotations/training/BCL_f2832.png,train,BCL,QUARANTINE_UNCERTIFIED_EMPTY_GT,untrusted empty-GT in contaminated source
BCL_f2834.png,/hdd1/hieulc/datacrack/images/training/BCL_f2834.png,/hdd1/hieulc/datacrack/annotations/training/BCL_f2834.png,train,BCL,QUARANTINE_UNCERTIFIED_EMPTY_GT,untrusted empty-GT in contaminated source
BCL_f2835.png,/hdd1/hieulc/datacrack/images/training/BCL_f2835.png,/hdd1/hieulc/datacrack/annotations/training/BCL_f2835.png,train,BCL,QUARANTINE_UNCERTIFIED_EMPTY_GT,untrusted empty-GT in contaminated source
BCL_f2836.png,/hdd1/hieulc/datacrack/images/training/BCL_f2836.png,/hdd1/hieulc/datacrack/annotations/training/BCL_f2836.png,train,BCL,QUARANTINE_UNCERTIFIED_EMPTY_GT,untrusted empty-GT in contaminated source
BCL_f2837.png,/hdd1/hieulc/datacrack/images/training/BCL_f2837.png,/hdd1/hieulc/datacrack/annotations/training/BCL_f2837.png,train,BCL,QUARANTINE_UNCERTIFIED_EMPTY_GT,untrusted empty-GT in contaminated source
BCL_f2838.png,/hdd1/hieulc/datacrack/images/training/BCL_f2838.png,/hdd1/hieulc/datacrack/annotations/training/BCL_f2838.png,train,BCL,QUARANTINE_UNCERTIFIED_EMPTY_GT,untrusted empty-GT in contaminated source
BCL_f284.png,/hdd1/hieulc/datacrack/images/training/BCL_f284.png,/hdd1/hieulc/datacrack/annotations/training/BCL_f284.png,train,BCL,QUARANTINE_UNCERTIFIED_EMPTY_GT,untrusted empty-GT in contaminated source
BCL_f2840.png,/hdd1/hieulc/datacrack/images/training/BCL_f2840.png,/hdd1/hieulc/datacrack/annotations/training/BCL_f2840.png,train,BCL,QUARANTINE_UNCERTIFIED_EMPTY_GT,untrusted empty-GT in contaminated source
BCL_f2841.png,/hdd1/hieulc/datacrack/images/training/BCL_f2841.png,/hdd1/hieulc/datacrack/annotations/training/BCL_f2841.png,train,BCL,QUARANTINE_UNCERTIFIED_EMPTY_GT,untrusted empty-GT in contaminated source
BCL_f2843.png,/hdd1/hieulc/datacrack/images/training/BCL_f2843.png,/hdd1/hieulc/datacrack/annotations/training/BCL_f2843.png,train,BCL,QUARANTINE_UNCERTIFIED_EMPTY_GT,untrusted empty-GT in contaminated source
BCL_f2845.png,/hdd1/hieulc/datacrack/images/training/BCL_f2845.png,/hdd1/hieulc/datacrack/annotations/training/BCL_f2845.png,train,BCL,QUARANTINE_UNCERTIFIED_EMPTY_GT,untrusted empty-GT in contaminated source
BCL_f2846.png,/hdd1/hieulc/datacrack/images/training/BCL_f2846.png,/hdd1/hieulc/datacrack/annotations/training/BCL_f2846.png,train,BCL,QUARANTINE_UNCERTIFIED_EMPTY_GT,untrusted empty-GT in contaminated source
BCL_f2847.png,/hdd1/hieulc/datacrack/images/training/BCL_f2847.png,/hdd1/hieulc/datacrack/annotations/training/BCL_f2847.png,train,BCL,QUARANTINE_UNCERTIFIED_EMPTY_GT,untrusted empty-GT in contaminated source
BCL_f2848.png,/hdd1/hieulc/datacrack/images/training/BCL_f2848.png,/hdd1/hieulc/datacrack/annotations/training/BCL_f2848.png,train,BCL,QUARANTINE_UNCERTIFIED_EMPTY_GT,untrusted empty-GT in contaminated source
BCL_f2849.png,/hdd1/hieulc/datacrack/images/training/BCL_f2849.png,/hdd1/hieulc/datacrack/annotations/training/BCL_f2849.png,train,BCL,QUARANTINE_UNCERTIFIED_EMPTY_GT,untrusted empty-GT in contaminated source
BCL_f285.png,/hdd1/hieulc/datacrack/images/training/BCL_f285.png,/hdd1/hieulc/datacrack/annotations/training/BCL_f285.png,train,BCL,QUARANTINE_UNCERTIFIED_EMPTY_GT,untrusted empty-GT in contaminated source
BCL_f2850.png,/hdd1/hieulc/datacrack/images/training/BCL_f2850.png,/hdd1/hieulc/datacrack/annotations/training/BCL_f2850.png,train,BCL,QUARANTINE_UNCERTIFIED_EMPTY_GT,untrusted empty-GT in contaminated source
BCL_f2851.png,/hdd1/hieulc/datacrack/images/training/BCL_f2851.png,/hdd1/hieulc/datacrack/annotations/training/BCL_f2851.png,train,BCL,QUARANTINE_UNCERTIFIED_EMPTY_GT,untrusted empty-GT in contaminated source
BCL_f2852.png,/hdd1/hieulc/datacrack/images/training/BCL_f2852.png,/hdd1/hieulc/datacrack/annotations/training/BCL_f2852.png,train,BCL,QUARANTINE_UNCERTIFIED_EMPTY_GT,untrusted empty-GT in contaminated source
BCL_f2853.png,/hdd1/hieulc/datacrack/images/training/BCL_f2853.png,/hdd1/hieulc/datacrack/annotations/training/BCL_f2853.png,train,BCL,QUARANTINE_UNCERTIFIED_EMPTY_GT,untrusted empty-GT in contaminated source
BCL_f2854.png,/hdd1/hieulc/datacrack/images/training/BCL_f2854.png,/hdd1/hieulc/datacrack/annotations/training/BCL_f2854.png,train,BCL,QUARANTINE_UNCERTIFIED_EMPTY_GT,untrusted empty-GT in contaminated source
BCL_f2855.png,/hdd1/hieulc/datacrack/images/training/BCL_f2855.png,/hdd1/hieulc/datacrack/annotations/training/BCL_f2855.png,train,BCL,QUARANTINE_UNCERTIFIED_EMPTY_GT,untrusted empty-GT in contaminated source
BCL_f2856.png,/hdd1/hieulc/datacrack/images/training/BCL_f2856.png,/hdd1/hieulc/datacrack/annotations/training/BCL_f2856.png,train,BCL,QUARANTINE_UNCERTIFIED_EMPTY_GT,untrusted empty-GT in contaminated source
BCL_f2857.png,/hdd1/hieulc/datacrack/images/training/BCL_f2857.png,/hdd1/hieulc/datacrack/annotations/training/BCL_f2857.png,train,BCL,QUARANTINE_UNCERTIFIED_EMPTY_GT,untrusted empty-GT in contaminated source
BCL_f2858.png,/hdd1/hieulc/datacrack/images/training/BCL_f2858.png,/hdd1/hieulc/datacrack/annotations/training/BCL_f2858.png,train,BCL,QUARANTINE_UNCERTIFIED_EMPTY_GT,untrusted empty-GT in contaminated source
BCL_f2859.png,/hdd1/hieulc/datacrack/images/training/BCL_f2859.png,/hdd1/hieulc/datacrack/annotations/training/BCL_f2859.png,train,BCL,QUARANTINE_UNCERTIFIED_EMPTY_GT,untrusted empty-GT in contaminated source
BCL_f286.png,/hdd1/hieulc/datacrack/images/training/BCL_f286.png,/hdd1/hieulc/datacrack/annotations/training/BCL_f286.png,train,BCL,QUARANTINE_UNCERTIFIED_EMPTY_GT,untrusted empty-GT in contaminated source
BCL_f2861.png,/hdd1/hieulc/datacrack/images/training/BCL_f2861.png,/hdd1/hieulc/datacrack/annotations/training/BCL_f2861.png,train,BCL,QUARANTINE_UNCERTIFIED_EMPTY_GT,untrusted empty-GT in contaminated source
BCL_f2862.png,/hdd1/hieulc/datacrack/images/training/BCL_f2862.png,/hdd1/hieulc/datacrack/annotations/training/BCL_f2862.png,train,BCL,QUARANTINE_UNCERTIFIED_EMPTY_GT,untrusted empty-GT in contaminated source
BCL_f2863.png,/hdd1/hieulc/datacrack/images/training/BCL_f2863.png,/hdd1/hieulc/datacrack/annotations/training/BCL_f2863.png,train,BCL,QUARANTINE_UNCERTIFIED_EMPTY_GT,untrusted empty-GT in contaminated source
BCL_f2864.png,/hdd1/hieulc/datacrack/images/training/BCL_f2864.png,/hdd1/hieulc/datacrack/annotations/training/BCL_f2864.png,train,BCL,QUARANTINE_UNCERTIFIED_EMPTY_GT,untrusted empty-GT in contaminated source
BCL_f2865.png,/hdd1/hieulc/datacrack/images/training/BCL_f2865.png,/hdd1/hieulc/datacrack/annotations/training/BCL_f2865.png,train,BCL,QUARANTINE_UNCERTIFIED_EMPTY_GT,untrusted empty-GT in contaminated source
BCL_f2866.png,/hdd1/hieulc/datacrack/images/training/BCL_f2866.png,/hdd1/hieulc/datacrack/annotations/training/BCL_f2866.png,train,BCL,QUARANTINE_UNCERTIFIED_EMPTY_GT,untrusted empty-GT in contaminated source
BCL_f2867.png,/hdd1/hieulc/datacrack/images/training/BCL_f2867.png,/hdd1/hieulc/datacrack/annotations/training/BCL_f2867.png,train,BCL,QUARANTINE_UNCERTIFIED_EMPTY_GT,untrusted empty-GT in contaminated source
BCL_f2868.png,/hdd1/hieulc/datacrack/images/training/BCL_f2868.png,/hdd1/hieulc/datacrack/annotations/training/BCL_f2868.png,train,BCL,QUARANTINE_UNCERTIFIED_EMPTY_GT,untrusted empty-GT in contaminated source
BCL_f2869.png,/hdd1/hieulc/datacrack/images/training/BCL_f2869.png,/hdd1/hieulc/datacrack/annotations/training/BCL_f2869.png,train,BCL,QUARANTINE_UNCERTIFIED_EMPTY_GT,untrusted empty-GT in contaminated source
BCL_f287.png,/hdd1/hieulc/datacrack/images/training/BCL_f287.png,/hdd1/hieulc/datacrack/annotations/training/BCL_f287.png,train,BCL,QUARANTINE_UNCERTIFIED_EMPTY_GT,untrusted empty-GT in contaminated source
BCL_f2870.png,/hdd1/hieulc/datacrack/images/training/BCL_f2870.png,/hdd1/hieulc/datacrack/annotations/training/BCL_f2870.png,train,BCL,QUARANTINE_UNCERTIFIED_EMPTY_GT,untrusted empty-GT in contaminated source
BCL_f2871.png,/hdd1/hieulc/datacrack/images/training/BCL_f2871.png,/hdd1/hieulc/datacrack/annotations/training/BCL_f2871.png,train,BCL,QUARANTINE_UNCERTIFIED_EMPTY_GT,untrusted empty-GT in contaminated source
BCL_f2873.png,/hdd1/hieulc/datacrack/images/training/BCL_f2873.png,/hdd1/hieulc/datacrack/annotations/training/BCL_f2873.png,train,BCL,QUARANTINE_UNCERTIFIED_EMPTY_GT,untrusted empty-GT in contaminated source
BCL_f2877.png,/hdd1/hieulc/datacrack/images/training/BCL_f2877.png,/hdd1/hieulc/datacrack/annotations/training/BCL_f2877.png,train,BCL,QUARANTINE_UNCERTIFIED_EMPTY_GT,untrusted empty-GT in contaminated source
BCL_f2878.png,/hdd1/hieulc/datacrack/images/training/BCL_f2878.png,/hdd1/hieulc/datacrack/annotations/training/BCL_f2878.png,train,BCL,QUARANTINE_UNCERTIFIED_EMPTY_GT,untrusted empty-GT in contaminated source
BCL_f2881.png,/hdd1/hieulc/datacrack/images/training/BCL_f2881.png,/hdd1/hieulc/datacrack/annotations/training/BCL_f2881.png,train,BCL,QUARANTINE_UNCERTIFIED_EMPTY_GT,untrusted empty-GT in contaminated source
BCL_f2882.png,/hdd1/hieulc/datacrack/images/training/BCL_f2882.png,/hdd1/hieulc/datacrack/annotations/training/BCL_f2882.png,train,BCL,QUARANTINE_UNCERTIFIED_EMPTY_GT,untrusted empty-GT in contaminated source
BCL_f2883.png,/hdd1/hieulc/datacrack/images/training/BCL_f2883.png,/hdd1/hieulc/datacrack/annotations/training/BCL_f2883.png,train,BCL,QUARANTINE_UNCERTIFIED_EMPTY_GT,untrusted empty-GT in contaminated source
BCL_f2884.png,/hdd1/hieulc/datacrack/images/training/BCL_f2884.png,/hdd1/hieulc/datacrack/annotations/training/BCL_f2884.png,train,BCL,QUARANTINE_UNCERTIFIED_EMPTY_GT,untrusted empty-GT in contaminated source
BCL_f2885.png,/hdd1/hieulc/datacrack/images/training/BCL_f2885.png,/hdd1/hieulc/datacrack/annotations/training/BCL_f2885.png,train,BCL,QUARANTINE_UNCERTIFIED_EMPTY_GT,untrusted empty-GT in contaminated source
BCL_f2886.png,/hdd1/hieulc/datacrack/images/training/BCL_f2886.png,/hdd1/hieulc/datacrack/annotations/training/BCL_f2886.png,train,BCL,QUARANTINE_UNCERTIFIED_EMPTY_GT,untrusted empty-GT in contaminated source
BCL_f2887.png,/hdd1/hieulc/datacrack/images/training/BCL_f2887.png,/hdd1/hieulc/datacrack/annotations/training/BCL_f2887.png,train,BCL,QUARANTINE_UNCERTIFIED_EMPTY_GT,untrusted empty-GT in contaminated source
BCL_f2888.png,/hdd1/hieulc/datacrack/images/training/BCL_f2888.png,/hdd1/hieulc/datacrack/annotations/training/BCL_f2888.png,train,BCL,QUARANTINE_UNCERTIFIED_EMPTY_GT,untrusted empty-GT in contaminated source
BCL_f2889.png,/hdd1/hieulc/datacrack/images/training/BCL_f2889.png,/hdd1/hieulc/datacrack/annotations/training/BCL_f2889.png,train,BCL,QUARANTINE_UNCERTIFIED_EMPTY_GT,untrusted empty-GT in contaminated source
BCL_f289.png,/hdd1/hieulc/datacrack/images/training/BCL_f289.png,/hdd1/hieulc/datacrack/annotations/training/BCL_f289.png,train,BCL,QUARANTINE_UNCERTIFIED_EMPTY_GT,untrusted empty-GT in contaminated source
BCL_f2890.png,/hdd1/hieulc/datacrack/images/training/BCL_f2890.png,/hdd1/hieulc/datacrack/annotations/training/BCL_f2890.png,train,BCL,QUARANTINE_UNCERTIFIED_EMPTY_GT,untrusted empty-GT in contaminated source
BCL_f2892.png,/hdd1/hieulc/datacrack/images/training/BCL_f2892.png,/hdd1/hieulc/datacrack/annotations/training/BCL_f2892.png,train,BCL,QUARANTINE_UNCERTIFIED_EMPTY_GT,untrusted empty-GT in contaminated source
BCL_f2893.png,/hdd1/hieulc/datacrack/images/training/BCL_f2893.png,/hdd1/hieulc/datacrack/annotations/training/BCL_f2893.png,train,BCL,QUARANTINE_UNCERTIFIED_EMPTY_GT,untrusted empty-GT in contaminated source
BCL_f2894.png,/hdd1/hieulc/datacrack/images/training/BCL_f2894.png,/hdd1/hieulc/datacrack/annotations/training/BCL_f2894.png,train,BCL,QUARANTINE_UNCERTIFIED_EMPTY_GT,untrusted empty-GT in contaminated source
BCL_f2896.png,/hdd1/hieulc/datacrack/images/training/BCL_f2896.png,/hdd1/hieulc/datacrack/annotations/training/BCL_f2896.png,train,BCL,QUARANTINE_UNCERTIFIED_EMPTY_GT,untrusted empty-GT in contaminated source
BCL_f2897.png,/hdd1/hieulc/datacrack/images/training/BCL_f2897.png,/hdd1/hieulc/datacrack/annotations/training/BCL_f2897.png,train,BCL,QUARANTINE_UNCERTIFIED_EMPTY_GT,untrusted empty-GT in contaminated source
BCL_f2898.png,/hdd1/hieulc/datacrack/images/training/BCL_f2898.png,/hdd1/hieulc/datacrack/annotations/training/BCL_f2898.png,train,BCL,QUARANTINE_UNCERTIFIED_EMPTY_GT,untrusted empty-GT in contaminated source
BCL_f2899.png,/hdd1/hieulc/datacrack/images/training/BCL_f2899.png,/hdd1/hieulc/datacrack/annotations/training/BCL_f2899.png,train,BCL,QUARANTINE_UNCERTIFIED_EMPTY_GT,untrusted empty-GT in contaminated source
BCL_f29.png,/hdd1/hieulc/datacrack/images/training/BCL_f29.png,/hdd1/hieulc/datacrack/annotations/training/BCL_f29.png,train,BCL,QUARANTINE_UNCERTIFIED_EMPTY_GT,untrusted empty-GT in contaminated source
BCL_f290.png,/hdd1/hieulc/datacrack/images/training/BCL_f290.png,/hdd1/hieulc/datacrack/annotations/training/BCL_f290.png,train,BCL,QUARANTINE_UNCERTIFIED_EMPTY_GT,untrusted empty-GT in contaminated source
BCL_f2900.png,/hdd1/hieulc/datacrack/images/training/BCL_f2900.png,/hdd1/hieulc/datacrack/annotations/training/BCL_f2900.png,train,BCL,QUARANTINE_UNCERTIFIED_EMPTY_GT,untrusted empty-GT in contaminated source
BCL_f2901.png,/hdd1/hieulc/datacrack/images/training/BCL_f2901.png,/hdd1/hieulc/datacrack/annotations/training/BCL_f2901.png,train,BCL,QUARANTINE_UNCERTIFIED_EMPTY_GT,untrusted empty-GT in contaminated source
BCL_f2904.png,/hdd1/hieulc/datacrack/images/training/BCL_f2904.png,/hdd1/hieulc/datacrack/annotations/training/BCL_f2904.png,train,BCL,QUARANTINE_UNCERTIFIED_EMPTY_GT,untrusted empty-GT in contaminated source
BCL_f2905.png,/hdd1/hieulc/datacrack/images/training/BCL_f2905.png,/hdd1/hieulc/datacrack/annotations/training/BCL_f2905.png,train,BCL,QUARANTINE_UNCERTIFIED_EMPTY_GT,untrusted empty-GT in contaminated source
BCL_f2907.png,/hdd1/hieulc/datacrack/images/training/BCL_f2907.png,/hdd1/hieulc/datacrack/annotations/training/BCL_f2907.png,train,BCL,QUARANTINE_UNCERTIFIED_EMPTY_GT,untrusted empty-GT in contaminated source
BCL_f2908.png,/hdd1/hieulc/datacrack/images/training/BCL_f2908.png,/hdd1/hieulc/datacrack/annotations/training/BCL_f2908.png,train,BCL,QUARANTINE_UNCERTIFIED_EMPTY_GT,untrusted empty-GT in contaminated source
BCL_f2909.png,/hdd1/hieulc/datacrack/images/training/BCL_f2909.png,/hdd1/hieulc/datacrack/annotations/training/BCL_f2909.png,train,BCL,QUARANTINE_UNCERTIFIED_EMPTY_GT,untrusted empty-GT in contaminated source
BCL_f291.png,/hdd1/hieulc/datacrack/images/training/BCL_f291.png,/hdd1/hieulc/datacrack/annotations/training/BCL_f291.png,train,BCL,QUARANTINE_UNCERTIFIED_EMPTY_GT,untrusted empty-GT in contaminated source
BCL_f2911.png,/hdd1/hieulc/datacrack/images/training/BCL_f2911.png,/hdd1/hieulc/datacrack/annotations/training/BCL_f2911.png,train,BCL,QUARANTINE_UNCERTIFIED_EMPTY_GT,untrusted empty-GT in contaminated source
BCL_f2912.png,/hdd1/hieulc/datacrack/images/training/BCL_f2912.png,/hdd1/hieulc/datacrack/annotations/training/BCL_f2912.png,train,BCL,QUARANTINE_UNCERTIFIED_EMPTY_GT,untrusted empty-GT in contaminated source
BCL_f2913.png,/hdd1/hieulc/datacrack/images/training/BCL_f2913.png,/hdd1/hieulc/datacrack/annotations/training/BCL_f2913.png,train,BCL,QUARANTINE_UNCERTIFIED_EMPTY_GT,untrusted empty-GT in contaminated source
BCL_f2915.png,/hdd1/hieulc/datacrack/images/training/BCL_f2915.png,/hdd1/hieulc/datacrack/annotations/training/BCL_f2915.png,train,BCL,QUARANTINE_UNCERTIFIED_EMPTY_GT,untrusted empty-GT in contaminated source
BCL_f2916.png,/hdd1/hieulc/datacrack/images/training/BCL_f2916.png,/hdd1/hieulc/datacrack/annotations/training/BCL_f2916.png,train,BCL,QUARANTINE_UNCERTIFIED_EMPTY_GT,untrusted empty-GT in contaminated source
BCL_f2917.png,/hdd1/hieulc/datacrack/images/training/BCL_f2917.png,/hdd1/hieulc/datacrack/annotations/training/BCL_f2917.png,train,BCL,QUARANTINE_UNCERTIFIED_EMPTY_GT,untrusted empty-GT in contaminated source
BCL_f2918.png,/hdd1/hieulc/datacrack/images/training/BCL_f2918.png,/hdd1/hieulc/datacrack/annotations/training/BCL_f2918.png,train,BCL,QUARANTINE_UNCERTIFIED_EMPTY_GT,untrusted empty-GT in contaminated source
BCL_f2919.png,/hdd1/hieulc/datacrack/images/training/BCL_f2919.png,/hdd1/hieulc/datacrack/annotations/training/BCL_f2919.png,train,BCL,QUARANTINE_UNCERTIFIED_EMPTY_GT,untrusted empty-GT in contaminated source
BCL_f292.png,/hdd1/hieulc/datacrack/images/training/BCL_f292.png,/hdd1/hieulc/datacrack/annotations/training/BCL_f292.png,train,BCL,QUARANTINE_UNCERTIFIED_EMPTY_GT,untrusted empty-GT in contaminated source
BCL_f2920.png,/hdd1/hieulc/datacrack/images/training/BCL_f2920.png,/hdd1/hieulc/datacrack/annotations/training/BCL_f2920.png,train,BCL,QUARANTINE_UNCERTIFIED_EMPTY_GT,untrusted empty-GT in contaminated source
BCL_f2921.png,/hdd1/hieulc/datacrack/images/training/BCL_f2921.png,/hdd1/hieulc/datacrack/annotations/training/BCL_f2921.png,train,BCL,QUARANTINE_UNCERTIFIED_EMPTY_GT,untrusted empty-GT in contaminated source
BCL_f2922.png,/hdd1/hieulc/datacrack/images/training/BCL_f2922.png,/hdd1/hieulc/datacrack/annotations/training/BCL_f2922.png,train,BCL,QUARANTINE_UNCERTIFIED_EMPTY_GT,untrusted empty-GT in contaminated source
BCL_f2923.png,/hdd1/hieulc/datacrack/images/training/BCL_f2923.png,/hdd1/hieulc/datacrack/annotations/training/BCL_f2923.png,train,BCL,QUARANTINE_UNCERTIFIED_EMPTY_GT,untrusted empty-GT in contaminated source
BCL_f2924.png,/hdd1/hieulc/datacrack/images/training/BCL_f2924.png,/hdd1/hieulc/datacrack/annotations/training/BCL_f2924.png,train,BCL,QUARANTINE_UNCERTIFIED_EMPTY_GT,untrusted empty-GT in contaminated source
BCL_f2925.png,/hdd1/hieulc/datacrack/images/training/BCL_f2925.png,/hdd1/hieulc/datacrack/annotations/training/BCL_f2925.png,train,BCL,QUARANTINE_UNCERTIFIED_EMPTY_GT,untrusted empty-GT in contaminated source
BCL_f2926.png,/hdd1/hieulc/datacrack/images/training/BCL_f2926.png,/hdd1/hieulc/datacrack/annotations/training/BCL_f2926.png,train,BCL,QUARANTINE_UNCERTIFIED_EMPTY_GT,untrusted empty-GT in contaminated source
BCL_f2927.png,/hdd1/hieulc/datacrack/images/training/BCL_f2927.png,/hdd1/hieulc/datacrack/annotations/training/BCL_f2927.png,train,BCL,QUARANTINE_UNCERTIFIED_EMPTY_GT,untrusted empty-GT in contaminated source
BCL_f2929.png,/hdd1/hieulc/datacrack/images/training/BCL_f2929.png,/hdd1/hieulc/datacrack/annotations/training/BCL_f2929.png,train,BCL,QUARANTINE_UNCERTIFIED_EMPTY_GT,untrusted empty-GT in contaminated source
BCL_f293.png,/hdd1/hieulc/datacrack/images/training/BCL_f293.png,/hdd1/hieulc/datacrack/annotations/training/BCL_f293.png,train,BCL,QUARANTINE_UNCERTIFIED_EMPTY_GT,untrusted empty-GT in contaminated source
BCL_f2930.png,/hdd1/hieulc/datacrack/images/training/BCL_f2930.png,/hdd1/hieulc/datacrack/annotations/training/BCL_f2930.png,train,BCL,QUARANTINE_UNCERTIFIED_EMPTY_GT,untrusted empty-GT in contaminated source
BCL_f2931.png,/hdd1/hieulc/datacrack/images/training/BCL_f2931.png,/hdd1/hieulc/datacrack/annotations/training/BCL_f2931.png,train,BCL,QUARANTINE_UNCERTIFIED_EMPTY_GT,untrusted empty-GT in contaminated source
BCL_f2933.png,/hdd1/hieulc/datacrack/images/training/BCL_f2933.png,/hdd1/hieulc/datacrack/annotations/training/BCL_f2933.png,train,BCL,QUARANTINE_UNCERTIFIED_EMPTY_GT,untrusted empty-GT in contaminated source
BCL_f2934.png,/hdd1/hieulc/datacrack/images/training/BCL_f2934.png,/hdd1/hieulc/datacrack/annotations/training/BCL_f2934.png,train,BCL,QUARANTINE_UNCERTIFIED_EMPTY_GT,untrusted empty-GT in contaminated source
BCL_f2935.png,/hdd1/hieulc/datacrack/images/training/BCL_f2935.png,/hdd1/hieulc/datacrack/annotations/training/BCL_f2935.png,train,BCL,QUARANTINE_UNCERTIFIED_EMPTY_GT,untrusted empty-GT in contaminated source
BCL_f2936.png,/hdd1/hieulc/datacrack/images/training/BCL_f2936.png,/hdd1/hieulc/datacrack/annotations/training/BCL_f2936.png,train,BCL,QUARANTINE_UNCERTIFIED_EMPTY_GT,untrusted empty-GT in contaminated source
BCL_f2937.png,/hdd1/hieulc/datacrack/images/training/BCL_f2937.png,/hdd1/hieulc/datacrack/annotations/training/BCL_f2937.png,train,BCL,QUARANTINE_UNCERTIFIED_EMPTY_GT,untrusted empty-GT in contaminated source
BCL_f2938.png,/hdd1/hieulc/datacrack/images/training/BCL_f2938.png,/hdd1/hieulc/datacrack/annotations/training/BCL_f2938.png,train,BCL,QUARANTINE_UNCERTIFIED_EMPTY_GT,untrusted empty-GT in contaminated source
BCL_f2939.png,/hdd1/hieulc/datacrack/images/training/BCL_f2939.png,/hdd1/hieulc/datacrack/annotations/training/BCL_f2939.png,train,BCL,QUARANTINE_UNCERTIFIED_EMPTY_GT,untrusted empty-GT in contaminated source
BCL_f2941.png,/hdd1/hieulc/datacrack/images/training/BCL_f2941.png,/hdd1/hieulc/datacrack/annotations/training/BCL_f2941.png,train,BCL,QUARANTINE_UNCERTIFIED_EMPTY_GT,untrusted empty-GT in contaminated source
BCL_f2942.png,/hdd1/hieulc/datacrack/images/training/BCL_f2942.png,/hdd1/hieulc/datacrack/annotations/training/BCL_f2942.png,train,BCL,QUARANTINE_UNCERTIFIED_EMPTY_GT,untrusted empty-GT in contaminated source
BCL_f2943.png,/hdd1/hieulc/datacrack/images/training/BCL_f2943.png,/hdd1/hieulc/datacrack/annotations/training/BCL_f2943.png,train,BCL,QUARANTINE_UNCERTIFIED_EMPTY_GT,untrusted empty-GT in contaminated source
BCL_f2944.png,/hdd1/hieulc/datacrack/images/training/BCL_f2944.png,/hdd1/hieulc/datacrack/annotations/training/BCL_f2944.png,train,BCL,QUARANTINE_UNCERTIFIED_EMPTY_GT,untrusted empty-GT in contaminated source
BCL_f2946.png,/hdd1/hieulc/datacrack/images/training/BCL_f2946.png,/hdd1/hieulc/datacrack/annotations/training/BCL_f2946.png,train,BCL,QUARANTINE_UNCERTIFIED_EMPTY_GT,untrusted empty-GT in contaminated source
BCL_f2948.png,/hdd1/hieulc/datacrack/images/training/BCL_f2948.png,/hdd1/hieulc/datacrack/annotations/training/BCL_f2948.png,train,BCL,QUARANTINE_UNCERTIFIED_EMPTY_GT,untrusted empty-GT in contaminated source
BCL_f2949.png,/hdd1/hieulc/datacrack/images/training/BCL_f2949.png,/hdd1/hieulc/datacrack/annotations/training/BCL_f2949.png,train,BCL,QUARANTINE_UNCERTIFIED_EMPTY_GT,untrusted empty-GT in contaminated source
BCL_f295.png,/hdd1/hieulc/datacrack/images/training/BCL_f295.png,/hdd1/hieulc/datacrack/annotations/training/BCL_f295.png,train,BCL,QUARANTINE_UNCERTIFIED_EMPTY_GT,untrusted empty-GT in contaminated source
BCL_f2951.png,/hdd1/hieulc/datacrack/images/training/BCL_f2951.png,/hdd1/hieulc/datacrack/annotations/training/BCL_f2951.png,train,BCL,QUARANTINE_UNCERTIFIED_EMPTY_GT,untrusted empty-GT in contaminated source
BCL_f2952.png,/hdd1/hieulc/datacrack/images/training/BCL_f2952.png,/hdd1/hieulc/datacrack/annotations/training/BCL_f2952.png,train,BCL,QUARANTINE_UNCERTIFIED_EMPTY_GT,untrusted empty-GT in contaminated source
BCL_f2953.png,/hdd1/hieulc/datacrack/images/training/BCL_f2953.png,/hdd1/hieulc/datacrack/annotations/training/BCL_f2953.png,train,BCL,QUARANTINE_UNCERTIFIED_EMPTY_GT,untrusted empty-GT in contaminated source
BCL_f2954.png,/hdd1/hieulc/datacrack/images/training/BCL_f2954.png,/hdd1/hieulc/datacrack/annotations/training/BCL_f2954.png,train,BCL,QUARANTINE_UNCERTIFIED_EMPTY_GT,untrusted empty-GT in contaminated source
BCL_f2956.png,/hdd1/hieulc/datacrack/images/training/BCL_f2956.png,/hdd1/hieulc/datacrack/annotations/training/BCL_f2956.png,train,BCL,QUARANTINE_UNCERTIFIED_EMPTY_GT,untrusted empty-GT in contaminated source
BCL_f2957.png,/hdd1/hieulc/datacrack/images/training/BCL_f2957.png,/hdd1/hieulc/datacrack/annotations/training/BCL_f2957.png,train,BCL,QUARANTINE_UNCERTIFIED_EMPTY_GT,untrusted empty-GT in contaminated source
BCL_f2959.png,/hdd1/hieulc/datacrack/images/training/BCL_f2959.png,/hdd1/hieulc/datacrack/annotations/training/BCL_f2959.png,train,BCL,QUARANTINE_UNCERTIFIED_EMPTY_GT,untrusted empty-GT in contaminated source
BCL_f296.png,/hdd1/hieulc/datacrack/images/training/BCL_f296.png,/hdd1/hieulc/datacrack/annotations/training/BCL_f296.png,train,BCL,QUARANTINE_UNCERTIFIED_EMPTY_GT,untrusted empty-GT in contaminated source
BCL_f2960.png,/hdd1/hieulc/datacrack/images/training/BCL_f2960.png,/hdd1/hieulc/datacrack/annotations/training/BCL_f2960.png,train,BCL,QUARANTINE_UNCERTIFIED_EMPTY_GT,untrusted empty-GT in contaminated source
BCL_f2963.png,/hdd1/hieulc/datacrack/images/training/BCL_f2963.png,/hdd1/hieulc/datacrack/annotations/training/BCL_f2963.png,train,BCL,QUARANTINE_UNCERTIFIED_EMPTY_GT,untrusted empty-GT in contaminated source
BCL_f2964.png,/hdd1/hieulc/datacrack/images/training/BCL_f2964.png,/hdd1/hieulc/datacrack/annotations/training/BCL_f2964.png,train,BCL,QUARANTINE_UNCERTIFIED_EMPTY_GT,untrusted empty-GT in contaminated source
BCL_f2965.png,/hdd1/hieulc/datacrack/images/training/BCL_f2965.png,/hdd1/hieulc/datacrack/annotations/training/BCL_f2965.png,train,BCL,QUARANTINE_UNCERTIFIED_EMPTY_GT,untrusted empty-GT in contaminated source
BCL_f2967.png,/hdd1/hieulc/datacrack/images/training/BCL_f2967.png,/hdd1/hieulc/datacrack/annotations/training/BCL_f2967.png,train,BCL,QUARANTINE_UNCERTIFIED_EMPTY_GT,untrusted empty-GT in contaminated source
BCL_f2968.png,/hdd1/hieulc/datacrack/images/training/BCL_f2968.png,/hdd1/hieulc/datacrack/annotations/training/BCL_f2968.png,train,BCL,QUARANTINE_UNCERTIFIED_EMPTY_GT,untrusted empty-GT in contaminated source
BCL_f297.png,/hdd1/hieulc/datacrack/images/training/BCL_f297.png,/hdd1/hieulc/datacrack/annotations/training/BCL_f297.png,train,BCL,QUARANTINE_UNCERTIFIED_EMPTY_GT,untrusted empty-GT in contaminated source
BCL_f2970.png,/hdd1/hieulc/datacrack/images/training/BCL_f2970.png,/hdd1/hieulc/datacrack/annotations/training/BCL_f2970.png,train,BCL,QUARANTINE_UNCERTIFIED_EMPTY_GT,untrusted empty-GT in contaminated source
BCL_f2971.png,/hdd1/hieulc/datacrack/images/training/BCL_f2971.png,/hdd1/hieulc/datacrack/annotations/training/BCL_f2971.png,train,BCL,QUARANTINE_UNCERTIFIED_EMPTY_GT,untrusted empty-GT in contaminated source
BCL_f2972.png,/hdd1/hieulc/datacrack/images/training/BCL_f2972.png,/hdd1/hieulc/datacrack/annotations/training/BCL_f2972.png,train,BCL,QUARANTINE_UNCERTIFIED_EMPTY_GT,untrusted empty-GT in contaminated source
BCL_f2973.png,/hdd1/hieulc/datacrack/images/training/BCL_f2973.png,/hdd1/hieulc/datacrack/annotations/training/BCL_f2973.png,train,BCL,QUARANTINE_UNCERTIFIED_EMPTY_GT,untrusted empty-GT in contaminated source
BCL_f2975.png,/hdd1/hieulc/datacrack/images/training/BCL_f2975.png,/hdd1/hieulc/datacrack/annotations/training/BCL_f2975.png,train,BCL,QUARANTINE_UNCERTIFIED_EMPTY_GT,untrusted empty-GT in contaminated source
BCL_f2976.png,/hdd1/hieulc/datacrack/images/training/BCL_f2976.png,/hdd1/hieulc/datacrack/annotations/training/BCL_f2976.png,train,BCL,QUARANTINE_UNCERTIFIED_EMPTY_GT,untrusted empty-GT in contaminated source
BCL_f2977.png,/hdd1/hieulc/datacrack/images/training/BCL_f2977.png,/hdd1/hieulc/datacrack/annotations/training/BCL_f2977.png,train,BCL,QUARANTINE_UNCERTIFIED_EMPTY_GT,untrusted empty-GT in contaminated source
BCL_f2979.png,/hdd1/hieulc/datacrack/images/training/BCL_f2979.png,/hdd1/hieulc/datacrack/annotations/training/BCL_f2979.png,train,BCL,QUARANTINE_UNCERTIFIED_EMPTY_GT,untrusted empty-GT in contaminated source
BCL_f298.png,/hdd1/hieulc/datacrack/images/training/BCL_f298.png,/hdd1/hieulc/datacrack/annotations/training/BCL_f298.png,train,BCL,QUARANTINE_UNCERTIFIED_EMPTY_GT,untrusted empty-GT in contaminated source
BCL_f2980.png,/hdd1/hieulc/datacrack/images/training/BCL_f2980.png,/hdd1/hieulc/datacrack/annotations/training/BCL_f2980.png,train,BCL,QUARANTINE_UNCERTIFIED_EMPTY_GT,untrusted empty-GT in contaminated source
BCL_f2981.png,/hdd1/hieulc/datacrack/images/training/BCL_f2981.png,/hdd1/hieulc/datacrack/annotations/training/BCL_f2981.png,train,BCL,QUARANTINE_UNCERTIFIED_EMPTY_GT,untrusted empty-GT in contaminated source
BCL_f2983.png,/hdd1/hieulc/datacrack/images/training/BCL_f2983.png,/hdd1/hieulc/datacrack/annotations/training/BCL_f2983.png,train,BCL,QUARANTINE_UNCERTIFIED_EMPTY_GT,untrusted empty-GT in contaminated source
BCL_f2984.png,/hdd1/hieulc/datacrack/images/training/BCL_f2984.png,/hdd1/hieulc/datacrack/annotations/training/BCL_f2984.png,train,BCL,QUARANTINE_UNCERTIFIED_EMPTY_GT,untrusted empty-GT in contaminated source
BCL_f2985.png,/hdd1/hieulc/datacrack/images/training/BCL_f2985.png,/hdd1/hieulc/datacrack/annotations/training/BCL_f2985.png,train,BCL,QUARANTINE_UNCERTIFIED_EMPTY_GT,untrusted empty-GT in contaminated source
BCL_f2986.png,/hdd1/hieulc/datacrack/images/training/BCL_f2986.png,/hdd1/hieulc/datacrack/annotations/training/BCL_f2986.png,train,BCL,QUARANTINE_UNCERTIFIED_EMPTY_GT,untrusted empty-GT in contaminated source
BCL_f2988.png,/hdd1/hieulc/datacrack/images/training/BCL_f2988.png,/hdd1/hieulc/datacrack/annotations/training/BCL_f2988.png,train,BCL,QUARANTINE_UNCERTIFIED_EMPTY_GT,untrusted empty-GT in contaminated source
BCL_f2989.png,/hdd1/hieulc/datacrack/images/training/BCL_f2989.png,/hdd1/hieulc/datacrack/annotations/training/BCL_f2989.png,train,BCL,QUARANTINE_UNCERTIFIED_EMPTY_GT,untrusted empty-GT in contaminated source
BCL_f2990.png,/hdd1/hieulc/datacrack/images/training/BCL_f2990.png,/hdd1/hieulc/datacrack/annotations/training/BCL_f2990.png,train,BCL,QUARANTINE_UNCERTIFIED_EMPTY_GT,untrusted empty-GT in contaminated source
BCL_f2991.png,/hdd1/hieulc/datacrack/images/training/BCL_f2991.png,/hdd1/hieulc/datacrack/annotations/training/BCL_f2991.png,train,BCL,QUARANTINE_UNCERTIFIED_EMPTY_GT,untrusted empty-GT in contaminated source
BCL_f2992.png,/hdd1/hieulc/datacrack/images/training/BCL_f2992.png,/hdd1/hieulc/datacrack/annotations/training/BCL_f2992.png,train,BCL,QUARANTINE_UNCERTIFIED_EMPTY_GT,untrusted empty-GT in contaminated source
BCL_f2993.png,/hdd1/hieulc/datacrack/images/training/BCL_f2993.png,/hdd1/hieulc/datacrack/annotations/training/BCL_f2993.png,train,BCL,QUARANTINE_UNCERTIFIED_EMPTY_GT,untrusted empty-GT in contaminated source
BCL_f2994.png,/hdd1/hieulc/datacrack/images/training/BCL_f2994.png,/hdd1/hieulc/datacrack/annotations/training/BCL_f2994.png,train,BCL,QUARANTINE_UNCERTIFIED_EMPTY_GT,untrusted empty-GT in contaminated source
BCL_f2995.png,/hdd1/hieulc/datacrack/images/training/BCL_f2995.png,/hdd1/hieulc/datacrack/annotations/training/BCL_f2995.png,train,BCL,QUARANTINE_UNCERTIFIED_EMPTY_GT,untrusted empty-GT in contaminated source
BCL_f2997.png,/hdd1/hieulc/datacrack/images/training/BCL_f2997.png,/hdd1/hieulc/datacrack/annotations/training/BCL_f2997.png,train,BCL,QUARANTINE_UNCERTIFIED_EMPTY_GT,untrusted empty-GT in contaminated source
BCL_f2999.png,/hdd1/hieulc/datacrack/images/training/BCL_f2999.png,/hdd1/hieulc/datacrack/annotations/training/BCL_f2999.png,train,BCL,QUARANTINE_UNCERTIFIED_EMPTY_GT,untrusted empty-GT in contaminated source
BCL_f3.png,/hdd1/hieulc/datacrack/images/training/BCL_f3.png,/hdd1/hieulc/datacrack/annotations/training/BCL_f3.png,train,BCL,QUARANTINE_UNCERTIFIED_EMPTY_GT,untrusted empty-GT in contaminated source
BCL_f30.png,/hdd1/hieulc/datacrack/images/training/BCL_f30.png,/hdd1/hieulc/datacrack/annotations/training/BCL_f30.png,train,BCL,QUARANTINE_UNCERTIFIED_EMPTY_GT,untrusted empty-GT in contaminated source
BCL_f300.png,/hdd1/hieulc/datacrack/images/training/BCL_f300.png,/hdd1/hieulc/datacrack/annotations/training/BCL_f300.png,train,BCL,QUARANTINE_UNCERTIFIED_EMPTY_GT,untrusted empty-GT in contaminated source
BCL_f3001.png,/hdd1/hieulc/datacrack/images/training/BCL_f3001.png,/hdd1/hieulc/datacrack/annotations/training/BCL_f3001.png,train,BCL,QUARANTINE_UNCERTIFIED_EMPTY_GT,untrusted empty-GT in contaminated source
BCL_f3003.png,/hdd1/hieulc/datacrack/images/training/BCL_f3003.png,/hdd1/hieulc/datacrack/annotations/training/BCL_f3003.png,train,BCL,QUARANTINE_UNCERTIFIED_EMPTY_GT,untrusted empty-GT in contaminated source
BCL_f3005.png,/hdd1/hieulc/datacrack/images/training/BCL_f3005.png,/hdd1/hieulc/datacrack/annotations/training/BCL_f3005.png,train,BCL,QUARANTINE_UNCERTIFIED_EMPTY_GT,untrusted empty-GT in contaminated source
BCL_f3007.png,/hdd1/hieulc/datacrack/images/training/BCL_f3007.png,/hdd1/hieulc/datacrack/annotations/training/BCL_f3007.png,train,BCL,QUARANTINE_UNCERTIFIED_EMPTY_GT,untrusted empty-GT in contaminated source
BCL_f3008.png,/hdd1/hieulc/datacrack/images/training/BCL_f3008.png,/hdd1/hieulc/datacrack/annotations/training/BCL_f3008.png,train,BCL,QUARANTINE_UNCERTIFIED_EMPTY_GT,untrusted empty-GT in contaminated source
BCL_f3009.png,/hdd1/hieulc/datacrack/images/training/BCL_f3009.png,/hdd1/hieulc/datacrack/annotations/training/BCL_f3009.png,train,BCL,QUARANTINE_UNCERTIFIED_EMPTY_GT,untrusted empty-GT in contaminated source
BCL_f301.png,/hdd1/hieulc/datacrack/images/training/BCL_f301.png,/hdd1/hieulc/datacrack/annotations/training/BCL_f301.png,train,BCL,QUARANTINE_UNCERTIFIED_EMPTY_GT,untrusted empty-GT in contaminated source
BCL_f3010.png,/hdd1/hieulc/datacrack/images/training/BCL_f3010.png,/hdd1/hieulc/datacrack/annotations/training/BCL_f3010.png,train,BCL,QUARANTINE_UNCERTIFIED_EMPTY_GT,untrusted empty-GT in contaminated source
BCL_f3013.png,/hdd1/hieulc/datacrack/images/training/BCL_f3013.png,/hdd1/hieulc/datacrack/annotations/training/BCL_f3013.png,train,BCL,QUARANTINE_UNCERTIFIED_EMPTY_GT,untrusted empty-GT in contaminated source
BCL_f3014.png,/hdd1/hieulc/datacrack/images/training/BCL_f3014.png,/hdd1/hieulc/datacrack/annotations/training/BCL_f3014.png,train,BCL,QUARANTINE_UNCERTIFIED_EMPTY_GT,untrusted empty-GT in contaminated source
BCL_f3015.png,/hdd1/hieulc/datacrack/images/training/BCL_f3015.png,/hdd1/hieulc/datacrack/annotations/training/BCL_f3015.png,train,BCL,QUARANTINE_UNCERTIFIED_EMPTY_GT,untrusted empty-GT in contaminated source
BCL_f3016.png,/hdd1/hieulc/datacrack/images/training/BCL_f3016.png,/hdd1/hieulc/datacrack/annotations/training/BCL_f3016.png,train,BCL,QUARANTINE_UNCERTIFIED_EMPTY_GT,untrusted empty-GT in contaminated source
BCL_f3017.png,/hdd1/hieulc/datacrack/images/training/BCL_f3017.png,/hdd1/hieulc/datacrack/annotations/training/BCL_f3017.png,train,BCL,QUARANTINE_UNCERTIFIED_EMPTY_GT,untrusted empty-GT in contaminated source
BCL_f3018.png,/hdd1/hieulc/datacrack/images/training/BCL_f3018.png,/hdd1/hieulc/datacrack/annotations/training/BCL_f3018.png,train,BCL,QUARANTINE_UNCERTIFIED_EMPTY_GT,untrusted empty-GT in contaminated source
BCL_f3019.png,/hdd1/hieulc/datacrack/images/training/BCL_f3019.png,/hdd1/hieulc/datacrack/annotations/training/BCL_f3019.png,train,BCL,QUARANTINE_UNCERTIFIED_EMPTY_GT,untrusted empty-GT in contaminated source
BCL_f302.png,/hdd1/hieulc/datacrack/images/training/BCL_f302.png,/hdd1/hieulc/datacrack/annotations/training/BCL_f302.png,train,BCL,QUARANTINE_UNCERTIFIED_EMPTY_GT,untrusted empty-GT in contaminated source
BCL_f3020.png,/hdd1/hieulc/datacrack/images/training/BCL_f3020.png,/hdd1/hieulc/datacrack/annotations/training/BCL_f3020.png,train,BCL,QUARANTINE_UNCERTIFIED_EMPTY_GT,untrusted empty-GT in contaminated source
BCL_f3021.png,/hdd1/hieulc/datacrack/images/training/BCL_f3021.png,/hdd1/hieulc/datacrack/annotations/training/BCL_f3021.png,train,BCL,QUARANTINE_UNCERTIFIED_EMPTY_GT,untrusted empty-GT in contaminated source
BCL_f3022.png,/hdd1/hieulc/datacrack/images/training/BCL_f3022.png,/hdd1/hieulc/datacrack/annotations/training/BCL_f3022.png,train,BCL,QUARANTINE_UNCERTIFIED_EMPTY_GT,untrusted empty-GT in contaminated source
BCL_f3024.png,/hdd1/hieulc/datacrack/images/training/BCL_f3024.png,/hdd1/hieulc/datacrack/annotations/training/BCL_f3024.png,train,BCL,QUARANTINE_UNCERTIFIED_EMPTY_GT,untrusted empty-GT in contaminated source
BCL_f3025.png,/hdd1/hieulc/datacrack/images/training/BCL_f3025.png,/hdd1/hieulc/datacrack/annotations/training/BCL_f3025.png,train,BCL,QUARANTINE_UNCERTIFIED_EMPTY_GT,untrusted empty-GT in contaminated source
BCL_f3027.png,/hdd1/hieulc/datacrack/images/training/BCL_f3027.png,/hdd1/hieulc/datacrack/annotations/training/BCL_f3027.png,train,BCL,QUARANTINE_UNCERTIFIED_EMPTY_GT,untrusted empty-GT in contaminated source
BCL_f3028.png,/hdd1/hieulc/datacrack/images/training/BCL_f3028.png,/hdd1/hieulc/datacrack/annotations/training/BCL_f3028.png,train,BCL,QUARANTINE_UNCERTIFIED_EMPTY_GT,untrusted empty-GT in contaminated source
BCL_f3030.png,/hdd1/hieulc/datacrack/images/training/BCL_f3030.png,/hdd1/hieulc/datacrack/annotations/training/BCL_f3030.png,train,BCL,QUARANTINE_UNCERTIFIED_EMPTY_GT,untrusted empty-GT in contaminated source
BCL_f3031.png,/hdd1/hieulc/datacrack/images/training/BCL_f3031.png,/hdd1/hieulc/datacrack/annotations/training/BCL_f3031.png,train,BCL,QUARANTINE_UNCERTIFIED_EMPTY_GT,untrusted empty-GT in contaminated source
BCL_f3033.png,/hdd1/hieulc/datacrack/images/training/BCL_f3033.png,/hdd1/hieulc/datacrack/annotations/training/BCL_f3033.png,train,BCL,QUARANTINE_UNCERTIFIED_EMPTY_GT,untrusted empty-GT in contaminated source
BCL_f3034.png,/hdd1/hieulc/datacrack/images/training/BCL_f3034.png,/hdd1/hieulc/datacrack/annotations/training/BCL_f3034.png,train,BCL,QUARANTINE_UNCERTIFIED_EMPTY_GT,untrusted empty-GT in contaminated source
BCL_f3035.png,/hdd1/hieulc/datacrack/images/training/BCL_f3035.png,/hdd1/hieulc/datacrack/annotations/training/BCL_f3035.png,train,BCL,QUARANTINE_UNCERTIFIED_EMPTY_GT,untrusted empty-GT in contaminated source
BCL_f3036.png,/hdd1/hieulc/datacrack/images/training/BCL_f3036.png,/hdd1/hieulc/datacrack/annotations/training/BCL_f3036.png,train,BCL,QUARANTINE_UNCERTIFIED_EMPTY_GT,untrusted empty-GT in contaminated source
BCL_f3037.png,/hdd1/hieulc/datacrack/images/training/BCL_f3037.png,/hdd1/hieulc/datacrack/annotations/training/BCL_f3037.png,train,BCL,QUARANTINE_UNCERTIFIED_EMPTY_GT,untrusted empty-GT in contaminated source
BCL_f3038.png,/hdd1/hieulc/datacrack/images/training/BCL_f3038.png,/hdd1/hieulc/datacrack/annotations/training/BCL_f3038.png,train,BCL,QUARANTINE_UNCERTIFIED_EMPTY_GT,untrusted empty-GT in contaminated source
BCL_f304.png,/hdd1/hieulc/datacrack/images/training/BCL_f304.png,/hdd1/hieulc/datacrack/annotations/training/BCL_f304.png,train,BCL,QUARANTINE_UNCERTIFIED_EMPTY_GT,untrusted empty-GT in contaminated source
BCL_f3040.png,/hdd1/hieulc/datacrack/images/training/BCL_f3040.png,/hdd1/hieulc/datacrack/annotations/training/BCL_f3040.png,train,BCL,QUARANTINE_UNCERTIFIED_EMPTY_GT,untrusted empty-GT in contaminated source
BCL_f3042.png,/hdd1/hieulc/datacrack/images/training/BCL_f3042.png,/hdd1/hieulc/datacrack/annotations/training/BCL_f3042.png,train,BCL,QUARANTINE_UNCERTIFIED_EMPTY_GT,untrusted empty-GT in contaminated source
BCL_f3043.png,/hdd1/hieulc/datacrack/images/training/BCL_f3043.png,/hdd1/hieulc/datacrack/annotations/training/BCL_f3043.png,train,BCL,QUARANTINE_UNCERTIFIED_EMPTY_GT,untrusted empty-GT in contaminated source
BCL_f3044.png,/hdd1/hieulc/datacrack/images/training/BCL_f3044.png,/hdd1/hieulc/datacrack/annotations/training/BCL_f3044.png,train,BCL,QUARANTINE_UNCERTIFIED_EMPTY_GT,untrusted empty-GT in contaminated source
BCL_f3045.png,/hdd1/hieulc/datacrack/images/training/BCL_f3045.png,/hdd1/hieulc/datacrack/annotations/training/BCL_f3045.png,train,BCL,QUARANTINE_UNCERTIFIED_EMPTY_GT,untrusted empty-GT in contaminated source
BCL_f3047.png,/hdd1/hieulc/datacrack/images/training/BCL_f3047.png,/hdd1/hieulc/datacrack/annotations/training/BCL_f3047.png,train,BCL,QUARANTINE_UNCERTIFIED_EMPTY_GT,untrusted empty-GT in contaminated source
BCL_f3048.png,/hdd1/hieulc/datacrack/images/training/BCL_f3048.png,/hdd1/hieulc/datacrack/annotations/training/BCL_f3048.png,train,BCL,QUARANTINE_UNCERTIFIED_EMPTY_GT,untrusted empty-GT in contaminated source
BCL_f3049.png,/hdd1/hieulc/datacrack/images/training/BCL_f3049.png,/hdd1/hieulc/datacrack/annotations/training/BCL_f3049.png,train,BCL,QUARANTINE_UNCERTIFIED_EMPTY_GT,untrusted empty-GT in contaminated source
BCL_f305.png,/hdd1/hieulc/datacrack/images/training/BCL_f305.png,/hdd1/hieulc/datacrack/annotations/training/BCL_f305.png,train,BCL,QUARANTINE_UNCERTIFIED_EMPTY_GT,untrusted empty-GT in contaminated source
BCL_f3051.png,/hdd1/hieulc/datacrack/images/training/BCL_f3051.png,/hdd1/hieulc/datacrack/annotations/training/BCL_f3051.png,train,BCL,QUARANTINE_UNCERTIFIED_EMPTY_GT,untrusted empty-GT in contaminated source
BCL_f3052.png,/hdd1/hieulc/datacrack/images/training/BCL_f3052.png,/hdd1/hieulc/datacrack/annotations/training/BCL_f3052.png,train,BCL,QUARANTINE_UNCERTIFIED_EMPTY_GT,untrusted empty-GT in contaminated source
BCL_f3053.png,/hdd1/hieulc/datacrack/images/training/BCL_f3053.png,/hdd1/hieulc/datacrack/annotations/training/BCL_f3053.png,train,BCL,QUARANTINE_UNCERTIFIED_EMPTY_GT,untrusted empty-GT in contaminated source
BCL_f3054.png,/hdd1/hieulc/datacrack/images/training/BCL_f3054.png,/hdd1/hieulc/datacrack/annotations/training/BCL_f3054.png,train,BCL,QUARANTINE_UNCERTIFIED_EMPTY_GT,untrusted empty-GT in contaminated source
BCL_f3055.png,/hdd1/hieulc/datacrack/images/training/BCL_f3055.png,/hdd1/hieulc/datacrack/annotations/training/BCL_f3055.png,train,BCL,QUARANTINE_UNCERTIFIED_EMPTY_GT,untrusted empty-GT in contaminated source
BCL_f3056.png,/hdd1/hieulc/datacrack/images/training/BCL_f3056.png,/hdd1/hieulc/datacrack/annotations/training/BCL_f3056.png,train,BCL,QUARANTINE_UNCERTIFIED_EMPTY_GT,untrusted empty-GT in contaminated source
BCL_f3058.png,/hdd1/hieulc/datacrack/images/training/BCL_f3058.png,/hdd1/hieulc/datacrack/annotations/training/BCL_f3058.png,train,BCL,QUARANTINE_UNCERTIFIED_EMPTY_GT,untrusted empty-GT in contaminated source
BCL_f3059.png,/hdd1/hieulc/datacrack/images/training/BCL_f3059.png,/hdd1/hieulc/datacrack/annotations/training/BCL_f3059.png,train,BCL,QUARANTINE_UNCERTIFIED_EMPTY_GT,untrusted empty-GT in contaminated source
BCL_f306.png,/hdd1/hieulc/datacrack/images/training/BCL_f306.png,/hdd1/hieulc/datacrack/annotations/training/BCL_f306.png,train,BCL,QUARANTINE_UNCERTIFIED_EMPTY_GT,untrusted empty-GT in contaminated source
BCL_f3061.png,/hdd1/hieulc/datacrack/images/training/BCL_f3061.png,/hdd1/hieulc/datacrack/annotations/training/BCL_f3061.png,train,BCL,QUARANTINE_UNCERTIFIED_EMPTY_GT,untrusted empty-GT in contaminated source
BCL_f3065.png,/hdd1/hieulc/datacrack/images/training/BCL_f3065.png,/hdd1/hieulc/datacrack/annotations/training/BCL_f3065.png,train,BCL,QUARANTINE_UNCERTIFIED_EMPTY_GT,untrusted empty-GT in contaminated source
BCL_f3066.png,/hdd1/hieulc/datacrack/images/training/BCL_f3066.png,/hdd1/hieulc/datacrack/annotations/training/BCL_f3066.png,train,BCL,QUARANTINE_UNCERTIFIED_EMPTY_GT,untrusted empty-GT in contaminated source
BCL_f3067.png,/hdd1/hieulc/datacrack/images/training/BCL_f3067.png,/hdd1/hieulc/datacrack/annotations/training/BCL_f3067.png,train,BCL,QUARANTINE_UNCERTIFIED_EMPTY_GT,untrusted empty-GT in contaminated source
BCL_f3068.png,/hdd1/hieulc/datacrack/images/training/BCL_f3068.png,/hdd1/hieulc/datacrack/annotations/training/BCL_f3068.png,train,BCL,QUARANTINE_UNCERTIFIED_EMPTY_GT,untrusted empty-GT in contaminated source
BCL_f3069.png,/hdd1/hieulc/datacrack/images/training/BCL_f3069.png,/hdd1/hieulc/datacrack/annotations/training/BCL_f3069.png,train,BCL,QUARANTINE_UNCERTIFIED_EMPTY_GT,untrusted empty-GT in contaminated source
BCL_f3070.png,/hdd1/hieulc/datacrack/images/training/BCL_f3070.png,/hdd1/hieulc/datacrack/annotations/training/BCL_f3070.png,train,BCL,QUARANTINE_UNCERTIFIED_EMPTY_GT,untrusted empty-GT in contaminated source
BCL_f3071.png,/hdd1/hieulc/datacrack/images/training/BCL_f3071.png,/hdd1/hieulc/datacrack/annotations/training/BCL_f3071.png,train,BCL,QUARANTINE_UNCERTIFIED_EMPTY_GT,untrusted empty-GT in contaminated source
BCL_f3074.png,/hdd1/hieulc/datacrack/images/training/BCL_f3074.png,/hdd1/hieulc/datacrack/annotations/training/BCL_f3074.png,train,BCL,QUARANTINE_UNCERTIFIED_EMPTY_GT,untrusted empty-GT in contaminated source
BCL_f3076.png,/hdd1/hieulc/datacrack/images/training/BCL_f3076.png,/hdd1/hieulc/datacrack/annotations/training/BCL_f3076.png,train,BCL,QUARANTINE_UNCERTIFIED_EMPTY_GT,untrusted empty-GT in contaminated source
BCL_f3077.png,/hdd1/hieulc/datacrack/images/training/BCL_f3077.png,/hdd1/hieulc/datacrack/annotations/training/BCL_f3077.png,train,BCL,QUARANTINE_UNCERTIFIED_EMPTY_GT,untrusted empty-GT in contaminated source
BCL_f3078.png,/hdd1/hieulc/datacrack/images/training/BCL_f3078.png,/hdd1/hieulc/datacrack/annotations/training/BCL_f3078.png,train,BCL,QUARANTINE_UNCERTIFIED_EMPTY_GT,untrusted empty-GT in contaminated source
BCL_f3079.png,/hdd1/hieulc/datacrack/images/training/BCL_f3079.png,/hdd1/hieulc/datacrack/annotations/training/BCL_f3079.png,train,BCL,QUARANTINE_UNCERTIFIED_EMPTY_GT,untrusted empty-GT in contaminated source
BCL_f3081.png,/hdd1/hieulc/datacrack/images/training/BCL_f3081.png,/hdd1/hieulc/datacrack/annotations/training/BCL_f3081.png,train,BCL,QUARANTINE_UNCERTIFIED_EMPTY_GT,untrusted empty-GT in contaminated source
BCL_f3082.png,/hdd1/hieulc/datacrack/images/training/BCL_f3082.png,/hdd1/hieulc/datacrack/annotations/training/BCL_f3082.png,train,BCL,QUARANTINE_UNCERTIFIED_EMPTY_GT,untrusted empty-GT in contaminated source
BCL_f3083.png,/hdd1/hieulc/datacrack/images/training/BCL_f3083.png,/hdd1/hieulc/datacrack/annotations/training/BCL_f3083.png,train,BCL,QUARANTINE_UNCERTIFIED_EMPTY_GT,untrusted empty-GT in contaminated source
BCL_f3084.png,/hdd1/hieulc/datacrack/images/training/BCL_f3084.png,/hdd1/hieulc/datacrack/annotations/training/BCL_f3084.png,train,BCL,QUARANTINE_UNCERTIFIED_EMPTY_GT,untrusted empty-GT in contaminated source
BCL_f3086.png,/hdd1/hieulc/datacrack/images/training/BCL_f3086.png,/hdd1/hieulc/datacrack/annotations/training/BCL_f3086.png,train,BCL,QUARANTINE_UNCERTIFIED_EMPTY_GT,untrusted empty-GT in contaminated source
BCL_f3087.png,/hdd1/hieulc/datacrack/images/training/BCL_f3087.png,/hdd1/hieulc/datacrack/annotations/training/BCL_f3087.png,train,BCL,QUARANTINE_UNCERTIFIED_EMPTY_GT,untrusted empty-GT in contaminated source
BCL_f3089.png,/hdd1/hieulc/datacrack/images/training/BCL_f3089.png,/hdd1/hieulc/datacrack/annotations/training/BCL_f3089.png,train,BCL,QUARANTINE_UNCERTIFIED_EMPTY_GT,untrusted empty-GT in contaminated source
BCL_f309.png,/hdd1/hieulc/datacrack/images/training/BCL_f309.png,/hdd1/hieulc/datacrack/annotations/training/BCL_f309.png,train,BCL,QUARANTINE_UNCERTIFIED_EMPTY_GT,untrusted empty-GT in contaminated source
BCL_f3090.png,/hdd1/hieulc/datacrack/images/training/BCL_f3090.png,/hdd1/hieulc/datacrack/annotations/training/BCL_f3090.png,train,BCL,QUARANTINE_UNCERTIFIED_EMPTY_GT,untrusted empty-GT in contaminated source
BCL_f3091.png,/hdd1/hieulc/datacrack/images/training/BCL_f3091.png,/hdd1/hieulc/datacrack/annotations/training/BCL_f3091.png,train,BCL,QUARANTINE_UNCERTIFIED_EMPTY_GT,untrusted empty-GT in contaminated source
BCL_f3092.png,/hdd1/hieulc/datacrack/images/training/BCL_f3092.png,/hdd1/hieulc/datacrack/annotations/training/BCL_f3092.png,train,BCL,QUARANTINE_UNCERTIFIED_EMPTY_GT,untrusted empty-GT in contaminated source
BCL_f3093.png,/hdd1/hieulc/datacrack/images/training/BCL_f3093.png,/hdd1/hieulc/datacrack/annotations/training/BCL_f3093.png,train,BCL,QUARANTINE_UNCERTIFIED_EMPTY_GT,untrusted empty-GT in contaminated source
BCL_f3094.png,/hdd1/hieulc/datacrack/images/training/BCL_f3094.png,/hdd1/hieulc/datacrack/annotations/training/BCL_f3094.png,train,BCL,QUARANTINE_UNCERTIFIED_EMPTY_GT,untrusted empty-GT in contaminated source
BCL_f3095.png,/hdd1/hieulc/datacrack/images/training/BCL_f3095.png,/hdd1/hieulc/datacrack/annotations/training/BCL_f3095.png,train,BCL,QUARANTINE_UNCERTIFIED_EMPTY_GT,untrusted empty-GT in contaminated source
BCL_f3096.png,/hdd1/hieulc/datacrack/images/training/BCL_f3096.png,/hdd1/hieulc/datacrack/annotations/training/BCL_f3096.png,train,BCL,QUARANTINE_UNCERTIFIED_EMPTY_GT,untrusted empty-GT in contaminated source
BCL_f3099.png,/hdd1/hieulc/datacrack/images/training/BCL_f3099.png,/hdd1/hieulc/datacrack/annotations/training/BCL_f3099.png,train,BCL,QUARANTINE_UNCERTIFIED_EMPTY_GT,untrusted empty-GT in contaminated source
BCL_f31.png,/hdd1/hieulc/datacrack/images/training/BCL_f31.png,/hdd1/hieulc/datacrack/annotations/training/BCL_f31.png,train,BCL,QUARANTINE_UNCERTIFIED_EMPTY_GT,untrusted empty-GT in contaminated source
BCL_f310.png,/hdd1/hieulc/datacrack/images/training/BCL_f310.png,/hdd1/hieulc/datacrack/annotations/training/BCL_f310.png,train,BCL,QUARANTINE_UNCERTIFIED_EMPTY_GT,untrusted empty-GT in contaminated source
BCL_f3100.png,/hdd1/hieulc/datacrack/images/training/BCL_f3100.png,/hdd1/hieulc/datacrack/annotations/training/BCL_f3100.png,train,BCL,QUARANTINE_UNCERTIFIED_EMPTY_GT,untrusted empty-GT in contaminated source
BCL_f3101.png,/hdd1/hieulc/datacrack/images/training/BCL_f3101.png,/hdd1/hieulc/datacrack/annotations/training/BCL_f3101.png,train,BCL,QUARANTINE_UNCERTIFIED_EMPTY_GT,untrusted empty-GT in contaminated source
BCL_f3102.png,/hdd1/hieulc/datacrack/images/training/BCL_f3102.png,/hdd1/hieulc/datacrack/annotations/training/BCL_f3102.png,train,BCL,QUARANTINE_UNCERTIFIED_EMPTY_GT,untrusted empty-GT in contaminated source
BCL_f3103.png,/hdd1/hieulc/datacrack/images/training/BCL_f3103.png,/hdd1/hieulc/datacrack/annotations/training/BCL_f3103.png,train,BCL,QUARANTINE_UNCERTIFIED_EMPTY_GT,untrusted empty-GT in contaminated source
BCL_f3105.png,/hdd1/hieulc/datacrack/images/training/BCL_f3105.png,/hdd1/hieulc/datacrack/annotations/training/BCL_f3105.png,train,BCL,QUARANTINE_UNCERTIFIED_EMPTY_GT,untrusted empty-GT in contaminated source
BCL_f3106.png,/hdd1/hieulc/datacrack/images/training/BCL_f3106.png,/hdd1/hieulc/datacrack/annotations/training/BCL_f3106.png,train,BCL,QUARANTINE_UNCERTIFIED_EMPTY_GT,untrusted empty-GT in contaminated source
BCL_f3107.png,/hdd1/hieulc/datacrack/images/training/BCL_f3107.png,/hdd1/hieulc/datacrack/annotations/training/BCL_f3107.png,train,BCL,QUARANTINE_UNCERTIFIED_EMPTY_GT,untrusted empty-GT in contaminated source
BCL_f3108.png,/hdd1/hieulc/datacrack/images/training/BCL_f3108.png,/hdd1/hieulc/datacrack/annotations/training/BCL_f3108.png,train,BCL,QUARANTINE_UNCERTIFIED_EMPTY_GT,untrusted empty-GT in contaminated source
BCL_f3109.png,/hdd1/hieulc/datacrack/images/training/BCL_f3109.png,/hdd1/hieulc/datacrack/annotations/training/BCL_f3109.png,train,BCL,QUARANTINE_UNCERTIFIED_EMPTY_GT,untrusted empty-GT in contaminated source
BCL_f311.png,/hdd1/hieulc/datacrack/images/training/BCL_f311.png,/hdd1/hieulc/datacrack/annotations/training/BCL_f311.png,train,BCL,QUARANTINE_UNCERTIFIED_EMPTY_GT,untrusted empty-GT in contaminated source
BCL_f3111.png,/hdd1/hieulc/datacrack/images/training/BCL_f3111.png,/hdd1/hieulc/datacrack/annotations/training/BCL_f3111.png,train,BCL,QUARANTINE_UNCERTIFIED_EMPTY_GT,untrusted empty-GT in contaminated source
BCL_f3112.png,/hdd1/hieulc/datacrack/images/training/BCL_f3112.png,/hdd1/hieulc/datacrack/annotations/training/BCL_f3112.png,train,BCL,QUARANTINE_UNCERTIFIED_EMPTY_GT,untrusted empty-GT in contaminated source
BCL_f3113.png,/hdd1/hieulc/datacrack/images/training/BCL_f3113.png,/hdd1/hieulc/datacrack/annotations/training/BCL_f3113.png,train,BCL,QUARANTINE_UNCERTIFIED_EMPTY_GT,untrusted empty-GT in contaminated source
BCL_f3114.png,/hdd1/hieulc/datacrack/images/training/BCL_f3114.png,/hdd1/hieulc/datacrack/annotations/training/BCL_f3114.png,train,BCL,QUARANTINE_UNCERTIFIED_EMPTY_GT,untrusted empty-GT in contaminated source
BCL_f3115.png,/hdd1/hieulc/datacrack/images/training/BCL_f3115.png,/hdd1/hieulc/datacrack/annotations/training/BCL_f3115.png,train,BCL,QUARANTINE_UNCERTIFIED_EMPTY_GT,untrusted empty-GT in contaminated source
BCL_f3116.png,/hdd1/hieulc/datacrack/images/training/BCL_f3116.png,/hdd1/hieulc/datacrack/annotations/training/BCL_f3116.png,train,BCL,QUARANTINE_UNCERTIFIED_EMPTY_GT,untrusted empty-GT in contaminated source
BCL_f3117.png,/hdd1/hieulc/datacrack/images/training/BCL_f3117.png,/hdd1/hieulc/datacrack/annotations/training/BCL_f3117.png,train,BCL,QUARANTINE_UNCERTIFIED_EMPTY_GT,untrusted empty-GT in contaminated source
BCL_f3118.png,/hdd1/hieulc/datacrack/images/training/BCL_f3118.png,/hdd1/hieulc/datacrack/annotations/training/BCL_f3118.png,train,BCL,QUARANTINE_UNCERTIFIED_EMPTY_GT,untrusted empty-GT in contaminated source
BCL_f3119.png,/hdd1/hieulc/datacrack/images/training/BCL_f3119.png,/hdd1/hieulc/datacrack/annotations/training/BCL_f3119.png,train,BCL,QUARANTINE_UNCERTIFIED_EMPTY_GT,untrusted empty-GT in contaminated source
BCL_f3120.png,/hdd1/hieulc/datacrack/images/training/BCL_f3120.png,/hdd1/hieulc/datacrack/annotations/training/BCL_f3120.png,train,BCL,QUARANTINE_UNCERTIFIED_EMPTY_GT,untrusted empty-GT in contaminated source
BCL_f3124.png,/hdd1/hieulc/datacrack/images/training/BCL_f3124.png,/hdd1/hieulc/datacrack/annotations/training/BCL_f3124.png,train,BCL,QUARANTINE_UNCERTIFIED_EMPTY_GT,untrusted empty-GT in contaminated source
BCL_f3125.png,/hdd1/hieulc/datacrack/images/training/BCL_f3125.png,/hdd1/hieulc/datacrack/annotations/training/BCL_f3125.png,train,BCL,QUARANTINE_UNCERTIFIED_EMPTY_GT,untrusted empty-GT in contaminated source
BCL_f3126.png,/hdd1/hieulc/datacrack/images/training/BCL_f3126.png,/hdd1/hieulc/datacrack/annotations/training/BCL_f3126.png,train,BCL,QUARANTINE_UNCERTIFIED_EMPTY_GT,untrusted empty-GT in contaminated source
BCL_f3127.png,/hdd1/hieulc/datacrack/images/training/BCL_f3127.png,/hdd1/hieulc/datacrack/annotations/training/BCL_f3127.png,train,BCL,QUARANTINE_UNCERTIFIED_EMPTY_GT,untrusted empty-GT in contaminated source
BCL_f3128.png,/hdd1/hieulc/datacrack/images/training/BCL_f3128.png,/hdd1/hieulc/datacrack/annotations/training/BCL_f3128.png,train,BCL,QUARANTINE_UNCERTIFIED_EMPTY_GT,untrusted empty-GT in contaminated source
BCL_f3129.png,/hdd1/hieulc/datacrack/images/training/BCL_f3129.png,/hdd1/hieulc/datacrack/annotations/training/BCL_f3129.png,train,BCL,QUARANTINE_UNCERTIFIED_EMPTY_GT,untrusted empty-GT in contaminated source
BCL_f313.png,/hdd1/hieulc/datacrack/images/training/BCL_f313.png,/hdd1/hieulc/datacrack/annotations/training/BCL_f313.png,train,BCL,QUARANTINE_UNCERTIFIED_EMPTY_GT,untrusted empty-GT in contaminated source
BCL_f3130.png,/hdd1/hieulc/datacrack/images/training/BCL_f3130.png,/hdd1/hieulc/datacrack/annotations/training/BCL_f3130.png,train,BCL,QUARANTINE_UNCERTIFIED_EMPTY_GT,untrusted empty-GT in contaminated source
BCL_f3131.png,/hdd1/hieulc/datacrack/images/training/BCL_f3131.png,/hdd1/hieulc/datacrack/annotations/training/BCL_f3131.png,train,BCL,QUARANTINE_UNCERTIFIED_EMPTY_GT,untrusted empty-GT in contaminated source
BCL_f3132.png,/hdd1/hieulc/datacrack/images/training/BCL_f3132.png,/hdd1/hieulc/datacrack/annotations/training/BCL_f3132.png,train,BCL,QUARANTINE_UNCERTIFIED_EMPTY_GT,untrusted empty-GT in contaminated source
BCL_f3133.png,/hdd1/hieulc/datacrack/images/training/BCL_f3133.png,/hdd1/hieulc/datacrack/annotations/training/BCL_f3133.png,train,BCL,QUARANTINE_UNCERTIFIED_EMPTY_GT,untrusted empty-GT in contaminated source
BCL_f3134.png,/hdd1/hieulc/datacrack/images/training/BCL_f3134.png,/hdd1/hieulc/datacrack/annotations/training/BCL_f3134.png,train,BCL,QUARANTINE_UNCERTIFIED_EMPTY_GT,untrusted empty-GT in contaminated source
BCL_f3135.png,/hdd1/hieulc/datacrack/images/training/BCL_f3135.png,/hdd1/hieulc/datacrack/annotations/training/BCL_f3135.png,train,BCL,QUARANTINE_UNCERTIFIED_EMPTY_GT,untrusted empty-GT in contaminated source
BCL_f3136.png,/hdd1/hieulc/datacrack/images/training/BCL_f3136.png,/hdd1/hieulc/datacrack/annotations/training/BCL_f3136.png,train,BCL,QUARANTINE_UNCERTIFIED_EMPTY_GT,untrusted empty-GT in contaminated source
BCL_f3137.png,/hdd1/hieulc/datacrack/images/training/BCL_f3137.png,/hdd1/hieulc/datacrack/annotations/training/BCL_f3137.png,train,BCL,QUARANTINE_UNCERTIFIED_EMPTY_GT,untrusted empty-GT in contaminated source
BCL_f3139.png,/hdd1/hieulc/datacrack/images/training/BCL_f3139.png,/hdd1/hieulc/datacrack/annotations/training/BCL_f3139.png,train,BCL,QUARANTINE_UNCERTIFIED_EMPTY_GT,untrusted empty-GT in contaminated source
BCL_f314.png,/hdd1/hieulc/datacrack/images/training/BCL_f314.png,/hdd1/hieulc/datacrack/annotations/training/BCL_f314.png,train,BCL,QUARANTINE_UNCERTIFIED_EMPTY_GT,untrusted empty-GT in contaminated source
BCL_f3141.png,/hdd1/hieulc/datacrack/images/training/BCL_f3141.png,/hdd1/hieulc/datacrack/annotations/training/BCL_f3141.png,train,BCL,QUARANTINE_UNCERTIFIED_EMPTY_GT,untrusted empty-GT in contaminated source
BCL_f3143.png,/hdd1/hieulc/datacrack/images/training/BCL_f3143.png,/hdd1/hieulc/datacrack/annotations/training/BCL_f3143.png,train,BCL,QUARANTINE_UNCERTIFIED_EMPTY_GT,untrusted empty-GT in contaminated source
BCL_f3144.png,/hdd1/hieulc/datacrack/images/training/BCL_f3144.png,/hdd1/hieulc/datacrack/annotations/training/BCL_f3144.png,train,BCL,QUARANTINE_UNCERTIFIED_EMPTY_GT,untrusted empty-GT in contaminated source
BCL_f3146.png,/hdd1/hieulc/datacrack/images/training/BCL_f3146.png,/hdd1/hieulc/datacrack/annotations/training/BCL_f3146.png,train,BCL,QUARANTINE_UNCERTIFIED_EMPTY_GT,untrusted empty-GT in contaminated source
BCL_f3148.png,/hdd1/hieulc/datacrack/images/training/BCL_f3148.png,/hdd1/hieulc/datacrack/annotations/training/BCL_f3148.png,train,BCL,QUARANTINE_UNCERTIFIED_EMPTY_GT,untrusted empty-GT in contaminated source
BCL_f3149.png,/hdd1/hieulc/datacrack/images/training/BCL_f3149.png,/hdd1/hieulc/datacrack/annotations/training/BCL_f3149.png,train,BCL,QUARANTINE_UNCERTIFIED_EMPTY_GT,untrusted empty-GT in contaminated source
BCL_f315.png,/hdd1/hieulc/datacrack/images/training/BCL_f315.png,/hdd1/hieulc/datacrack/annotations/training/BCL_f315.png,train,BCL,QUARANTINE_UNCERTIFIED_EMPTY_GT,untrusted empty-GT in contaminated source
BCL_f3154.png,/hdd1/hieulc/datacrack/images/training/BCL_f3154.png,/hdd1/hieulc/datacrack/annotations/training/BCL_f3154.png,train,BCL,QUARANTINE_UNCERTIFIED_EMPTY_GT,untrusted empty-GT in contaminated source
BCL_f3155.png,/hdd1/hieulc/datacrack/images/training/BCL_f3155.png,/hdd1/hieulc/datacrack/annotations/training/BCL_f3155.png,train,BCL,QUARANTINE_UNCERTIFIED_EMPTY_GT,untrusted empty-GT in contaminated source
BCL_f3156.png,/hdd1/hieulc/datacrack/images/training/BCL_f3156.png,/hdd1/hieulc/datacrack/annotations/training/BCL_f3156.png,train,BCL,QUARANTINE_UNCERTIFIED_EMPTY_GT,untrusted empty-GT in contaminated source
BCL_f3157.png,/hdd1/hieulc/datacrack/images/training/BCL_f3157.png,/hdd1/hieulc/datacrack/annotations/training/BCL_f3157.png,train,BCL,QUARANTINE_UNCERTIFIED_EMPTY_GT,untrusted empty-GT in contaminated source
BCL_f3158.png,/hdd1/hieulc/datacrack/images/training/BCL_f3158.png,/hdd1/hieulc/datacrack/annotations/training/BCL_f3158.png,train,BCL,QUARANTINE_UNCERTIFIED_EMPTY_GT,untrusted empty-GT in contaminated source
BCL_f3159.png,/hdd1/hieulc/datacrack/images/training/BCL_f3159.png,/hdd1/hieulc/datacrack/annotations/training/BCL_f3159.png,train,BCL,QUARANTINE_UNCERTIFIED_EMPTY_GT,untrusted empty-GT in contaminated source
BCL_f316.png,/hdd1/hieulc/datacrack/images/training/BCL_f316.png,/hdd1/hieulc/datacrack/annotations/training/BCL_f316.png,train,BCL,QUARANTINE_UNCERTIFIED_EMPTY_GT,untrusted empty-GT in contaminated source
BCL_f3161.png,/hdd1/hieulc/datacrack/images/training/BCL_f3161.png,/hdd1/hieulc/datacrack/annotations/training/BCL_f3161.png,train,BCL,QUARANTINE_UNCERTIFIED_EMPTY_GT,untrusted empty-GT in contaminated source
BCL_f3162.png,/hdd1/hieulc/datacrack/images/training/BCL_f3162.png,/hdd1/hieulc/datacrack/annotations/training/BCL_f3162.png,train,BCL,QUARANTINE_UNCERTIFIED_EMPTY_GT,untrusted empty-GT in contaminated source
BCL_f3163.png,/hdd1/hieulc/datacrack/images/training/BCL_f3163.png,/hdd1/hieulc/datacrack/annotations/training/BCL_f3163.png,train,BCL,QUARANTINE_UNCERTIFIED_EMPTY_GT,untrusted empty-GT in contaminated source
BCL_f3165.png,/hdd1/hieulc/datacrack/images/training/BCL_f3165.png,/hdd1/hieulc/datacrack/annotations/training/BCL_f3165.png,train,BCL,QUARANTINE_UNCERTIFIED_EMPTY_GT,untrusted empty-GT in contaminated source
BCL_f3166.png,/hdd1/hieulc/datacrack/images/training/BCL_f3166.png,/hdd1/hieulc/datacrack/annotations/training/BCL_f3166.png,train,BCL,QUARANTINE_UNCERTIFIED_EMPTY_GT,untrusted empty-GT in contaminated source
BCL_f3168.png,/hdd1/hieulc/datacrack/images/training/BCL_f3168.png,/hdd1/hieulc/datacrack/annotations/training/BCL_f3168.png,train,BCL,QUARANTINE_UNCERTIFIED_EMPTY_GT,untrusted empty-GT in contaminated source
BCL_f3169.png,/hdd1/hieulc/datacrack/images/training/BCL_f3169.png,/hdd1/hieulc/datacrack/annotations/training/BCL_f3169.png,train,BCL,QUARANTINE_UNCERTIFIED_EMPTY_GT,untrusted empty-GT in contaminated source
BCL_f3171.png,/hdd1/hieulc/datacrack/images/training/BCL_f3171.png,/hdd1/hieulc/datacrack/annotations/training/BCL_f3171.png,train,BCL,QUARANTINE_UNCERTIFIED_EMPTY_GT,untrusted empty-GT in contaminated source
BCL_f3172.png,/hdd1/hieulc/datacrack/images/training/BCL_f3172.png,/hdd1/hieulc/datacrack/annotations/training/BCL_f3172.png,train,BCL,QUARANTINE_UNCERTIFIED_EMPTY_GT,untrusted empty-GT in contaminated source
BCL_f3173.png,/hdd1/hieulc/datacrack/images/training/BCL_f3173.png,/hdd1/hieulc/datacrack/annotations/training/BCL_f3173.png,train,BCL,QUARANTINE_UNCERTIFIED_EMPTY_GT,untrusted empty-GT in contaminated source
BCL_f3174.png,/hdd1/hieulc/datacrack/images/training/BCL_f3174.png,/hdd1/hieulc/datacrack/annotations/training/BCL_f3174.png,train,BCL,QUARANTINE_UNCERTIFIED_EMPTY_GT,untrusted empty-GT in contaminated source
BCL_f3175.png,/hdd1/hieulc/datacrack/images/training/BCL_f3175.png,/hdd1/hieulc/datacrack/annotations/training/BCL_f3175.png,train,BCL,QUARANTINE_UNCERTIFIED_EMPTY_GT,untrusted empty-GT in contaminated source
BCL_f3176.png,/hdd1/hieulc/datacrack/images/training/BCL_f3176.png,/hdd1/hieulc/datacrack/annotations/training/BCL_f3176.png,train,BCL,QUARANTINE_UNCERTIFIED_EMPTY_GT,untrusted empty-GT in contaminated source
BCL_f3177.png,/hdd1/hieulc/datacrack/images/training/BCL_f3177.png,/hdd1/hieulc/datacrack/annotations/training/BCL_f3177.png,train,BCL,QUARANTINE_UNCERTIFIED_EMPTY_GT,untrusted empty-GT in contaminated source
BCL_f3178.png,/hdd1/hieulc/datacrack/images/training/BCL_f3178.png,/hdd1/hieulc/datacrack/annotations/training/BCL_f3178.png,train,BCL,QUARANTINE_UNCERTIFIED_EMPTY_GT,untrusted empty-GT in contaminated source
BCL_f318.png,/hdd1/hieulc/datacrack/images/training/BCL_f318.png,/hdd1/hieulc/datacrack/annotations/training/BCL_f318.png,train,BCL,QUARANTINE_UNCERTIFIED_EMPTY_GT,untrusted empty-GT in contaminated source
BCL_f3180.png,/hdd1/hieulc/datacrack/images/training/BCL_f3180.png,/hdd1/hieulc/datacrack/annotations/training/BCL_f3180.png,train,BCL,QUARANTINE_UNCERTIFIED_EMPTY_GT,untrusted empty-GT in contaminated source
BCL_f3181.png,/hdd1/hieulc/datacrack/images/training/BCL_f3181.png,/hdd1/hieulc/datacrack/annotations/training/BCL_f3181.png,train,BCL,QUARANTINE_UNCERTIFIED_EMPTY_GT,untrusted empty-GT in contaminated source
BCL_f3183.png,/hdd1/hieulc/datacrack/images/training/BCL_f3183.png,/hdd1/hieulc/datacrack/annotations/training/BCL_f3183.png,train,BCL,QUARANTINE_UNCERTIFIED_EMPTY_GT,untrusted empty-GT in contaminated source
BCL_f3184.png,/hdd1/hieulc/datacrack/images/training/BCL_f3184.png,/hdd1/hieulc/datacrack/annotations/training/BCL_f3184.png,train,BCL,QUARANTINE_UNCERTIFIED_EMPTY_GT,untrusted empty-GT in contaminated source
BCL_f3187.png,/hdd1/hieulc/datacrack/images/training/BCL_f3187.png,/hdd1/hieulc/datacrack/annotations/training/BCL_f3187.png,train,BCL,QUARANTINE_UNCERTIFIED_EMPTY_GT,untrusted empty-GT in contaminated source
BCL_f3188.png,/hdd1/hieulc/datacrack/images/training/BCL_f3188.png,/hdd1/hieulc/datacrack/annotations/training/BCL_f3188.png,train,BCL,QUARANTINE_UNCERTIFIED_EMPTY_GT,untrusted empty-GT in contaminated source
BCL_f3189.png,/hdd1/hieulc/datacrack/images/training/BCL_f3189.png,/hdd1/hieulc/datacrack/annotations/training/BCL_f3189.png,train,BCL,QUARANTINE_UNCERTIFIED_EMPTY_GT,untrusted empty-GT in contaminated source
BCL_f3190.png,/hdd1/hieulc/datacrack/images/training/BCL_f3190.png,/hdd1/hieulc/datacrack/annotations/training/BCL_f3190.png,train,BCL,QUARANTINE_UNCERTIFIED_EMPTY_GT,untrusted empty-GT in contaminated source
BCL_f3191.png,/hdd1/hieulc/datacrack/images/training/BCL_f3191.png,/hdd1/hieulc/datacrack/annotations/training/BCL_f3191.png,train,BCL,QUARANTINE_UNCERTIFIED_EMPTY_GT,untrusted empty-GT in contaminated source
BCL_f3192.png,/hdd1/hieulc/datacrack/images/training/BCL_f3192.png,/hdd1/hieulc/datacrack/annotations/training/BCL_f3192.png,train,BCL,QUARANTINE_UNCERTIFIED_EMPTY_GT,untrusted empty-GT in contaminated source
BCL_f3193.png,/hdd1/hieulc/datacrack/images/training/BCL_f3193.png,/hdd1/hieulc/datacrack/annotations/training/BCL_f3193.png,train,BCL,QUARANTINE_UNCERTIFIED_EMPTY_GT,untrusted empty-GT in contaminated source
BCL_f3194.png,/hdd1/hieulc/datacrack/images/training/BCL_f3194.png,/hdd1/hieulc/datacrack/annotations/training/BCL_f3194.png,train,BCL,QUARANTINE_UNCERTIFIED_EMPTY_GT,untrusted empty-GT in contaminated source
BCL_f3195.png,/hdd1/hieulc/datacrack/images/training/BCL_f3195.png,/hdd1/hieulc/datacrack/annotations/training/BCL_f3195.png,train,BCL,QUARANTINE_UNCERTIFIED_EMPTY_GT,untrusted empty-GT in contaminated source
BCL_f320.png,/hdd1/hieulc/datacrack/images/training/BCL_f320.png,/hdd1/hieulc/datacrack/annotations/training/BCL_f320.png,train,BCL,QUARANTINE_UNCERTIFIED_EMPTY_GT,untrusted empty-GT in contaminated source
BCL_f321.png,/hdd1/hieulc/datacrack/images/training/BCL_f321.png,/hdd1/hieulc/datacrack/annotations/training/BCL_f321.png,train,BCL,QUARANTINE_UNCERTIFIED_EMPTY_GT,untrusted empty-GT in contaminated source
BCL_f322.png,/hdd1/hieulc/datacrack/images/training/BCL_f322.png,/hdd1/hieulc/datacrack/annotations/training/BCL_f322.png,train,BCL,QUARANTINE_UNCERTIFIED_EMPTY_GT,untrusted empty-GT in contaminated source
BCL_f323.png,/hdd1/hieulc/datacrack/images/training/BCL_f323.png,/hdd1/hieulc/datacrack/annotations/training/BCL_f323.png,train,BCL,QUARANTINE_UNCERTIFIED_EMPTY_GT,untrusted empty-GT in contaminated source
BCL_f324.png,/hdd1/hieulc/datacrack/images/training/BCL_f324.png,/hdd1/hieulc/datacrack/annotations/training/BCL_f324.png,train,BCL,QUARANTINE_UNCERTIFIED_EMPTY_GT,untrusted empty-GT in contaminated source
BCL_f325.png,/hdd1/hieulc/datacrack/images/training/BCL_f325.png,/hdd1/hieulc/datacrack/annotations/training/BCL_f325.png,train,BCL,QUARANTINE_UNCERTIFIED_EMPTY_GT,untrusted empty-GT in contaminated source
BCL_f326.png,/hdd1/hieulc/datacrack/images/training/BCL_f326.png,/hdd1/hieulc/datacrack/annotations/training/BCL_f326.png,train,BCL,QUARANTINE_UNCERTIFIED_EMPTY_GT,untrusted empty-GT in contaminated source
BCL_f327.png,/hdd1/hieulc/datacrack/images/training/BCL_f327.png,/hdd1/hieulc/datacrack/annotations/training/BCL_f327.png,train,BCL,QUARANTINE_UNCERTIFIED_EMPTY_GT,untrusted empty-GT in contaminated source
BCL_f33.png,/hdd1/hieulc/datacrack/images/training/BCL_f33.png,/hdd1/hieulc/datacrack/annotations/training/BCL_f33.png,train,BCL,QUARANTINE_UNCERTIFIED_EMPTY_GT,untrusted empty-GT in contaminated source
BCL_f330.png,/hdd1/hieulc/datacrack/images/training/BCL_f330.png,/hdd1/hieulc/datacrack/annotations/training/BCL_f330.png,train,BCL,QUARANTINE_UNCERTIFIED_EMPTY_GT,untrusted empty-GT in contaminated source
BCL_f331.png,/hdd1/hieulc/datacrack/images/training/BCL_f331.png,/hdd1/hieulc/datacrack/annotations/training/BCL_f331.png,train,BCL,QUARANTINE_UNCERTIFIED_EMPTY_GT,untrusted empty-GT in contaminated source
BCL_f332.png,/hdd1/hieulc/datacrack/images/training/BCL_f332.png,/hdd1/hieulc/datacrack/annotations/training/BCL_f332.png,train,BCL,QUARANTINE_UNCERTIFIED_EMPTY_GT,untrusted empty-GT in contaminated source
BCL_f333.png,/hdd1/hieulc/datacrack/images/training/BCL_f333.png,/hdd1/hieulc/datacrack/annotations/training/BCL_f333.png,train,BCL,QUARANTINE_UNCERTIFIED_EMPTY_GT,untrusted empty-GT in contaminated source
BCL_f334.png,/hdd1/hieulc/datacrack/images/training/BCL_f334.png,/hdd1/hieulc/datacrack/annotations/training/BCL_f334.png,train,BCL,QUARANTINE_UNCERTIFIED_EMPTY_GT,untrusted empty-GT in contaminated source
BCL_f335.png,/hdd1/hieulc/datacrack/images/training/BCL_f335.png,/hdd1/hieulc/datacrack/annotations/training/BCL_f335.png,train,BCL,QUARANTINE_UNCERTIFIED_EMPTY_GT,untrusted empty-GT in contaminated source
BCL_f336.png,/hdd1/hieulc/datacrack/images/training/BCL_f336.png,/hdd1/hieulc/datacrack/annotations/training/BCL_f336.png,train,BCL,QUARANTINE_UNCERTIFIED_EMPTY_GT,untrusted empty-GT in contaminated source
BCL_f337.png,/hdd1/hieulc/datacrack/images/training/BCL_f337.png,/hdd1/hieulc/datacrack/annotations/training/BCL_f337.png,train,BCL,QUARANTINE_UNCERTIFIED_EMPTY_GT,untrusted empty-GT in contaminated source
BCL_f338.png,/hdd1/hieulc/datacrack/images/training/BCL_f338.png,/hdd1/hieulc/datacrack/annotations/training/BCL_f338.png,train,BCL,QUARANTINE_UNCERTIFIED_EMPTY_GT,untrusted empty-GT in contaminated source
BCL_f339.png,/hdd1/hieulc/datacrack/images/training/BCL_f339.png,/hdd1/hieulc/datacrack/annotations/training/BCL_f339.png,train,BCL,QUARANTINE_UNCERTIFIED_EMPTY_GT,untrusted empty-GT in contaminated source
BCL_f34.png,/hdd1/hieulc/datacrack/images/training/BCL_f34.png,/hdd1/hieulc/datacrack/annotations/training/BCL_f34.png,train,BCL,QUARANTINE_UNCERTIFIED_EMPTY_GT,untrusted empty-GT in contaminated source
BCL_f340.png,/hdd1/hieulc/datacrack/images/training/BCL_f340.png,/hdd1/hieulc/datacrack/annotations/training/BCL_f340.png,train,BCL,QUARANTINE_UNCERTIFIED_EMPTY_GT,untrusted empty-GT in contaminated source
BCL_f341.png,/hdd1/hieulc/datacrack/images/training/BCL_f341.png,/hdd1/hieulc/datacrack/annotations/training/BCL_f341.png,train,BCL,QUARANTINE_UNCERTIFIED_EMPTY_GT,untrusted empty-GT in contaminated source
BCL_f342.png,/hdd1/hieulc/datacrack/images/training/BCL_f342.png,/hdd1/hieulc/datacrack/annotations/training/BCL_f342.png,train,BCL,QUARANTINE_UNCERTIFIED_EMPTY_GT,untrusted empty-GT in contaminated source
BCL_f344.png,/hdd1/hieulc/datacrack/images/training/BCL_f344.png,/hdd1/hieulc/datacrack/annotations/training/BCL_f344.png,train,BCL,QUARANTINE_UNCERTIFIED_EMPTY_GT,untrusted empty-GT in contaminated source
BCL_f345.png,/hdd1/hieulc/datacrack/images/training/BCL_f345.png,/hdd1/hieulc/datacrack/annotations/training/BCL_f345.png,train,BCL,QUARANTINE_UNCERTIFIED_EMPTY_GT,untrusted empty-GT in contaminated source
BCL_f346.png,/hdd1/hieulc/datacrack/images/training/BCL_f346.png,/hdd1/hieulc/datacrack/annotations/training/BCL_f346.png,train,BCL,QUARANTINE_UNCERTIFIED_EMPTY_GT,untrusted empty-GT in contaminated source
BCL_f347.png,/hdd1/hieulc/datacrack/images/training/BCL_f347.png,/hdd1/hieulc/datacrack/annotations/training/BCL_f347.png,train,BCL,QUARANTINE_UNCERTIFIED_EMPTY_GT,untrusted empty-GT in contaminated source
BCL_f348.png,/hdd1/hieulc/datacrack/images/training/BCL_f348.png,/hdd1/hieulc/datacrack/annotations/training/BCL_f348.png,train,BCL,QUARANTINE_UNCERTIFIED_EMPTY_GT,untrusted empty-GT in contaminated source
BCL_f349.png,/hdd1/hieulc/datacrack/images/training/BCL_f349.png,/hdd1/hieulc/datacrack/annotations/training/BCL_f349.png,train,BCL,QUARANTINE_UNCERTIFIED_EMPTY_GT,untrusted empty-GT in contaminated source
BCL_f350.png,/hdd1/hieulc/datacrack/images/training/BCL_f350.png,/hdd1/hieulc/datacrack/annotations/training/BCL_f350.png,train,BCL,QUARANTINE_UNCERTIFIED_EMPTY_GT,untrusted empty-GT in contaminated source
BCL_f351.png,/hdd1/hieulc/datacrack/images/training/BCL_f351.png,/hdd1/hieulc/datacrack/annotations/training/BCL_f351.png,train,BCL,QUARANTINE_UNCERTIFIED_EMPTY_GT,untrusted empty-GT in contaminated source
BCL_f352.png,/hdd1/hieulc/datacrack/images/training/BCL_f352.png,/hdd1/hieulc/datacrack/annotations/training/BCL_f352.png,train,BCL,QUARANTINE_UNCERTIFIED_EMPTY_GT,untrusted empty-GT in contaminated source
BCL_f353.png,/hdd1/hieulc/datacrack/images/training/BCL_f353.png,/hdd1/hieulc/datacrack/annotations/training/BCL_f353.png,train,BCL,QUARANTINE_UNCERTIFIED_EMPTY_GT,untrusted empty-GT in contaminated source
BCL_f354.png,/hdd1/hieulc/datacrack/images/training/BCL_f354.png,/hdd1/hieulc/datacrack/annotations/training/BCL_f354.png,train,BCL,QUARANTINE_UNCERTIFIED_EMPTY_GT,untrusted empty-GT in contaminated source
BCL_f355.png,/hdd1/hieulc/datacrack/images/training/BCL_f355.png,/hdd1/hieulc/datacrack/annotations/training/BCL_f355.png,train,BCL,QUARANTINE_UNCERTIFIED_EMPTY_GT,untrusted empty-GT in contaminated source
BCL_f356.png,/hdd1/hieulc/datacrack/images/training/BCL_f356.png,/hdd1/hieulc/datacrack/annotations/training/BCL_f356.png,train,BCL,QUARANTINE_UNCERTIFIED_EMPTY_GT,untrusted empty-GT in contaminated source
BCL_f358.png,/hdd1/hieulc/datacrack/images/training/BCL_f358.png,/hdd1/hieulc/datacrack/annotations/training/BCL_f358.png,train,BCL,QUARANTINE_UNCERTIFIED_EMPTY_GT,untrusted empty-GT in contaminated source
BCL_f359.png,/hdd1/hieulc/datacrack/images/training/BCL_f359.png,/hdd1/hieulc/datacrack/annotations/training/BCL_f359.png,train,BCL,QUARANTINE_UNCERTIFIED_EMPTY_GT,untrusted empty-GT in contaminated source
BCL_f360.png,/hdd1/hieulc/datacrack/images/training/BCL_f360.png,/hdd1/hieulc/datacrack/annotations/training/BCL_f360.png,train,BCL,QUARANTINE_UNCERTIFIED_EMPTY_GT,untrusted empty-GT in contaminated source
BCL_f361.png,/hdd1/hieulc/datacrack/images/training/BCL_f361.png,/hdd1/hieulc/datacrack/annotations/training/BCL_f361.png,train,BCL,QUARANTINE_UNCERTIFIED_EMPTY_GT,untrusted empty-GT in contaminated source
BCL_f362.png,/hdd1/hieulc/datacrack/images/training/BCL_f362.png,/hdd1/hieulc/datacrack/annotations/training/BCL_f362.png,train,BCL,QUARANTINE_UNCERTIFIED_EMPTY_GT,untrusted empty-GT in contaminated source
BCL_f363.png,/hdd1/hieulc/datacrack/images/training/BCL_f363.png,/hdd1/hieulc/datacrack/annotations/training/BCL_f363.png,train,BCL,QUARANTINE_UNCERTIFIED_EMPTY_GT,untrusted empty-GT in contaminated source
BCL_f364.png,/hdd1/hieulc/datacrack/images/training/BCL_f364.png,/hdd1/hieulc/datacrack/annotations/training/BCL_f364.png,train,BCL,QUARANTINE_UNCERTIFIED_EMPTY_GT,untrusted empty-GT in contaminated source
BCL_f367.png,/hdd1/hieulc/datacrack/images/training/BCL_f367.png,/hdd1/hieulc/datacrack/annotations/training/BCL_f367.png,train,BCL,QUARANTINE_UNCERTIFIED_EMPTY_GT,untrusted empty-GT in contaminated source
BCL_f37.png,/hdd1/hieulc/datacrack/images/training/BCL_f37.png,/hdd1/hieulc/datacrack/annotations/training/BCL_f37.png,train,BCL,QUARANTINE_UNCERTIFIED_EMPTY_GT,untrusted empty-GT in contaminated source
BCL_f371.png,/hdd1/hieulc/datacrack/images/training/BCL_f371.png,/hdd1/hieulc/datacrack/annotations/training/BCL_f371.png,train,BCL,QUARANTINE_UNCERTIFIED_EMPTY_GT,untrusted empty-GT in contaminated source
BCL_f373.png,/hdd1/hieulc/datacrack/images/training/BCL_f373.png,/hdd1/hieulc/datacrack/annotations/training/BCL_f373.png,train,BCL,QUARANTINE_UNCERTIFIED_EMPTY_GT,untrusted empty-GT in contaminated source
BCL_f374.png,/hdd1/hieulc/datacrack/images/training/BCL_f374.png,/hdd1/hieulc/datacrack/annotations/training/BCL_f374.png,train,BCL,QUARANTINE_UNCERTIFIED_EMPTY_GT,untrusted empty-GT in contaminated source
BCL_f377.png,/hdd1/hieulc/datacrack/images/training/BCL_f377.png,/hdd1/hieulc/datacrack/annotations/training/BCL_f377.png,train,BCL,QUARANTINE_UNCERTIFIED_EMPTY_GT,untrusted empty-GT in contaminated source
BCL_f378.png,/hdd1/hieulc/datacrack/images/training/BCL_f378.png,/hdd1/hieulc/datacrack/annotations/training/BCL_f378.png,train,BCL,QUARANTINE_UNCERTIFIED_EMPTY_GT,untrusted empty-GT in contaminated source
BCL_f379.png,/hdd1/hieulc/datacrack/images/training/BCL_f379.png,/hdd1/hieulc/datacrack/annotations/training/BCL_f379.png,train,BCL,QUARANTINE_UNCERTIFIED_EMPTY_GT,untrusted empty-GT in contaminated source
BCL_f38.png,/hdd1/hieulc/datacrack/images/training/BCL_f38.png,/hdd1/hieulc/datacrack/annotations/training/BCL_f38.png,train,BCL,QUARANTINE_UNCERTIFIED_EMPTY_GT,untrusted empty-GT in contaminated source
BCL_f380.png,/hdd1/hieulc/datacrack/images/training/BCL_f380.png,/hdd1/hieulc/datacrack/annotations/training/BCL_f380.png,train,BCL,QUARANTINE_UNCERTIFIED_EMPTY_GT,untrusted empty-GT in contaminated source
BCL_f381.png,/hdd1/hieulc/datacrack/images/training/BCL_f381.png,/hdd1/hieulc/datacrack/annotations/training/BCL_f381.png,train,BCL,QUARANTINE_UNCERTIFIED_EMPTY_GT,untrusted empty-GT in contaminated source
BCL_f382.png,/hdd1/hieulc/datacrack/images/training/BCL_f382.png,/hdd1/hieulc/datacrack/annotations/training/BCL_f382.png,train,BCL,QUARANTINE_UNCERTIFIED_EMPTY_GT,untrusted empty-GT in contaminated source
BCL_f383.png,/hdd1/hieulc/datacrack/images/training/BCL_f383.png,/hdd1/hieulc/datacrack/annotations/training/BCL_f383.png,train,BCL,QUARANTINE_UNCERTIFIED_EMPTY_GT,untrusted empty-GT in contaminated source
BCL_f384.png,/hdd1/hieulc/datacrack/images/training/BCL_f384.png,/hdd1/hieulc/datacrack/annotations/training/BCL_f384.png,train,BCL,QUARANTINE_UNCERTIFIED_EMPTY_GT,untrusted empty-GT in contaminated source
BCL_f387.png,/hdd1/hieulc/datacrack/images/training/BCL_f387.png,/hdd1/hieulc/datacrack/annotations/training/BCL_f387.png,train,BCL,QUARANTINE_UNCERTIFIED_EMPTY_GT,untrusted empty-GT in contaminated source
BCL_f388.png,/hdd1/hieulc/datacrack/images/training/BCL_f388.png,/hdd1/hieulc/datacrack/annotations/training/BCL_f388.png,train,BCL,QUARANTINE_UNCERTIFIED_EMPTY_GT,untrusted empty-GT in contaminated source
BCL_f389.png,/hdd1/hieulc/datacrack/images/training/BCL_f389.png,/hdd1/hieulc/datacrack/annotations/training/BCL_f389.png,train,BCL,QUARANTINE_UNCERTIFIED_EMPTY_GT,untrusted empty-GT in contaminated source
BCL_f392.png,/hdd1/hieulc/datacrack/images/training/BCL_f392.png,/hdd1/hieulc/datacrack/annotations/training/BCL_f392.png,train,BCL,QUARANTINE_UNCERTIFIED_EMPTY_GT,untrusted empty-GT in contaminated source
BCL_f393.png,/hdd1/hieulc/datacrack/images/training/BCL_f393.png,/hdd1/hieulc/datacrack/annotations/training/BCL_f393.png,train,BCL,QUARANTINE_UNCERTIFIED_EMPTY_GT,untrusted empty-GT in contaminated source
BCL_f396.png,/hdd1/hieulc/datacrack/images/training/BCL_f396.png,/hdd1/hieulc/datacrack/annotations/training/BCL_f396.png,train,BCL,QUARANTINE_UNCERTIFIED_EMPTY_GT,untrusted empty-GT in contaminated source
BCL_f398.png,/hdd1/hieulc/datacrack/images/training/BCL_f398.png,/hdd1/hieulc/datacrack/annotations/training/BCL_f398.png,train,BCL,QUARANTINE_UNCERTIFIED_EMPTY_GT,untrusted empty-GT in contaminated source
BCL_f4.png,/hdd1/hieulc/datacrack/images/training/BCL_f4.png,/hdd1/hieulc/datacrack/annotations/training/BCL_f4.png,train,BCL,QUARANTINE_UNCERTIFIED_EMPTY_GT,untrusted empty-GT in contaminated source
BCL_f40.png,/hdd1/hieulc/datacrack/images/training/BCL_f40.png,/hdd1/hieulc/datacrack/annotations/training/BCL_f40.png,train,BCL,QUARANTINE_UNCERTIFIED_EMPTY_GT,untrusted empty-GT in contaminated source
BCL_f400.png,/hdd1/hieulc/datacrack/images/training/BCL_f400.png,/hdd1/hieulc/datacrack/annotations/training/BCL_f400.png,train,BCL,QUARANTINE_UNCERTIFIED_EMPTY_GT,untrusted empty-GT in contaminated source
BCL_f401.png,/hdd1/hieulc/datacrack/images/training/BCL_f401.png,/hdd1/hieulc/datacrack/annotations/training/BCL_f401.png,train,BCL,QUARANTINE_UNCERTIFIED_EMPTY_GT,untrusted empty-GT in contaminated source
BCL_f402.png,/hdd1/hieulc/datacrack/images/training/BCL_f402.png,/hdd1/hieulc/datacrack/annotations/training/BCL_f402.png,train,BCL,QUARANTINE_UNCERTIFIED_EMPTY_GT,untrusted empty-GT in contaminated source
BCL_f403.png,/hdd1/hieulc/datacrack/images/training/BCL_f403.png,/hdd1/hieulc/datacrack/annotations/training/BCL_f403.png,train,BCL,QUARANTINE_UNCERTIFIED_EMPTY_GT,untrusted empty-GT in contaminated source
BCL_f404.png,/hdd1/hieulc/datacrack/images/training/BCL_f404.png,/hdd1/hieulc/datacrack/annotations/training/BCL_f404.png,train,BCL,QUARANTINE_UNCERTIFIED_EMPTY_GT,untrusted empty-GT in contaminated source
BCL_f405.png,/hdd1/hieulc/datacrack/images/training/BCL_f405.png,/hdd1/hieulc/datacrack/annotations/training/BCL_f405.png,train,BCL,QUARANTINE_UNCERTIFIED_EMPTY_GT,untrusted empty-GT in contaminated source
BCL_f406.png,/hdd1/hieulc/datacrack/images/training/BCL_f406.png,/hdd1/hieulc/datacrack/annotations/training/BCL_f406.png,train,BCL,QUARANTINE_UNCERTIFIED_EMPTY_GT,untrusted empty-GT in contaminated source
BCL_f407.png,/hdd1/hieulc/datacrack/images/training/BCL_f407.png,/hdd1/hieulc/datacrack/annotations/training/BCL_f407.png,train,BCL,QUARANTINE_UNCERTIFIED_EMPTY_GT,untrusted empty-GT in contaminated source
BCL_f409.png,/hdd1/hieulc/datacrack/images/training/BCL_f409.png,/hdd1/hieulc/datacrack/annotations/training/BCL_f409.png,train,BCL,QUARANTINE_UNCERTIFIED_EMPTY_GT,untrusted empty-GT in contaminated source
BCL_f41.png,/hdd1/hieulc/datacrack/images/training/BCL_f41.png,/hdd1/hieulc/datacrack/annotations/training/BCL_f41.png,train,BCL,QUARANTINE_UNCERTIFIED_EMPTY_GT,untrusted empty-GT in contaminated source
BCL_f410.png,/hdd1/hieulc/datacrack/images/training/BCL_f410.png,/hdd1/hieulc/datacrack/annotations/training/BCL_f410.png,train,BCL,QUARANTINE_UNCERTIFIED_EMPTY_GT,untrusted empty-GT in contaminated source
BCL_f411.png,/hdd1/hieulc/datacrack/images/training/BCL_f411.png,/hdd1/hieulc/datacrack/annotations/training/BCL_f411.png,train,BCL,QUARANTINE_UNCERTIFIED_EMPTY_GT,untrusted empty-GT in contaminated source
BCL_f412.png,/hdd1/hieulc/datacrack/images/training/BCL_f412.png,/hdd1/hieulc/datacrack/annotations/training/BCL_f412.png,train,BCL,QUARANTINE_UNCERTIFIED_EMPTY_GT,untrusted empty-GT in contaminated source
BCL_f413.png,/hdd1/hieulc/datacrack/images/training/BCL_f413.png,/hdd1/hieulc/datacrack/annotations/training/BCL_f413.png,train,BCL,QUARANTINE_UNCERTIFIED_EMPTY_GT,untrusted empty-GT in contaminated source
BCL_f415.png,/hdd1/hieulc/datacrack/images/training/BCL_f415.png,/hdd1/hieulc/datacrack/annotations/training/BCL_f415.png,train,BCL,QUARANTINE_UNCERTIFIED_EMPTY_GT,untrusted empty-GT in contaminated source
BCL_f416.png,/hdd1/hieulc/datacrack/images/training/BCL_f416.png,/hdd1/hieulc/datacrack/annotations/training/BCL_f416.png,train,BCL,QUARANTINE_UNCERTIFIED_EMPTY_GT,untrusted empty-GT in contaminated source
BCL_f418.png,/hdd1/hieulc/datacrack/images/training/BCL_f418.png,/hdd1/hieulc/datacrack/annotations/training/BCL_f418.png,train,BCL,QUARANTINE_UNCERTIFIED_EMPTY_GT,untrusted empty-GT in contaminated source
BCL_f419.png,/hdd1/hieulc/datacrack/images/training/BCL_f419.png,/hdd1/hieulc/datacrack/annotations/training/BCL_f419.png,train,BCL,QUARANTINE_UNCERTIFIED_EMPTY_GT,untrusted empty-GT in contaminated source
BCL_f42.png,/hdd1/hieulc/datacrack/images/training/BCL_f42.png,/hdd1/hieulc/datacrack/annotations/training/BCL_f42.png,train,BCL,QUARANTINE_UNCERTIFIED_EMPTY_GT,untrusted empty-GT in contaminated source
BCL_f420.png,/hdd1/hieulc/datacrack/images/training/BCL_f420.png,/hdd1/hieulc/datacrack/annotations/training/BCL_f420.png,train,BCL,QUARANTINE_UNCERTIFIED_EMPTY_GT,untrusted empty-GT in contaminated source
BCL_f421.png,/hdd1/hieulc/datacrack/images/training/BCL_f421.png,/hdd1/hieulc/datacrack/annotations/training/BCL_f421.png,train,BCL,QUARANTINE_UNCERTIFIED_EMPTY_GT,untrusted empty-GT in contaminated source
BCL_f422.png,/hdd1/hieulc/datacrack/images/training/BCL_f422.png,/hdd1/hieulc/datacrack/annotations/training/BCL_f422.png,train,BCL,QUARANTINE_UNCERTIFIED_EMPTY_GT,untrusted empty-GT in contaminated source
BCL_f423.png,/hdd1/hieulc/datacrack/images/training/BCL_f423.png,/hdd1/hieulc/datacrack/annotations/training/BCL_f423.png,train,BCL,QUARANTINE_UNCERTIFIED_EMPTY_GT,untrusted empty-GT in contaminated source
BCL_f424.png,/hdd1/hieulc/datacrack/images/training/BCL_f424.png,/hdd1/hieulc/datacrack/annotations/training/BCL_f424.png,train,BCL,QUARANTINE_UNCERTIFIED_EMPTY_GT,untrusted empty-GT in contaminated source
BCL_f425.png,/hdd1/hieulc/datacrack/images/training/BCL_f425.png,/hdd1/hieulc/datacrack/annotations/training/BCL_f425.png,train,BCL,QUARANTINE_UNCERTIFIED_EMPTY_GT,untrusted empty-GT in contaminated source
BCL_f426.png,/hdd1/hieulc/datacrack/images/training/BCL_f426.png,/hdd1/hieulc/datacrack/annotations/training/BCL_f426.png,train,BCL,QUARANTINE_UNCERTIFIED_EMPTY_GT,untrusted empty-GT in contaminated source
BCL_f427.png,/hdd1/hieulc/datacrack/images/training/BCL_f427.png,/hdd1/hieulc/datacrack/annotations/training/BCL_f427.png,train,BCL,QUARANTINE_UNCERTIFIED_EMPTY_GT,untrusted empty-GT in contaminated source
BCL_f429.png,/hdd1/hieulc/datacrack/images/training/BCL_f429.png,/hdd1/hieulc/datacrack/annotations/training/BCL_f429.png,train,BCL,QUARANTINE_UNCERTIFIED_EMPTY_GT,untrusted empty-GT in contaminated source
BCL_f43.png,/hdd1/hieulc/datacrack/images/training/BCL_f43.png,/hdd1/hieulc/datacrack/annotations/training/BCL_f43.png,train,BCL,QUARANTINE_UNCERTIFIED_EMPTY_GT,untrusted empty-GT in contaminated source
BCL_f430.png,/hdd1/hieulc/datacrack/images/training/BCL_f430.png,/hdd1/hieulc/datacrack/annotations/training/BCL_f430.png,train,BCL,QUARANTINE_UNCERTIFIED_EMPTY_GT,untrusted empty-GT in contaminated source
BCL_f431.png,/hdd1/hieulc/datacrack/images/training/BCL_f431.png,/hdd1/hieulc/datacrack/annotations/training/BCL_f431.png,train,BCL,QUARANTINE_UNCERTIFIED_EMPTY_GT,untrusted empty-GT in contaminated source
BCL_f432.png,/hdd1/hieulc/datacrack/images/training/BCL_f432.png,/hdd1/hieulc/datacrack/annotations/training/BCL_f432.png,train,BCL,QUARANTINE_UNCERTIFIED_EMPTY_GT,untrusted empty-GT in contaminated source
BCL_f433.png,/hdd1/hieulc/datacrack/images/training/BCL_f433.png,/hdd1/hieulc/datacrack/annotations/training/BCL_f433.png,train,BCL,QUARANTINE_UNCERTIFIED_EMPTY_GT,untrusted empty-GT in contaminated source
BCL_f434.png,/hdd1/hieulc/datacrack/images/training/BCL_f434.png,/hdd1/hieulc/datacrack/annotations/training/BCL_f434.png,train,BCL,QUARANTINE_UNCERTIFIED_EMPTY_GT,untrusted empty-GT in contaminated source
BCL_f435.png,/hdd1/hieulc/datacrack/images/training/BCL_f435.png,/hdd1/hieulc/datacrack/annotations/training/BCL_f435.png,train,BCL,QUARANTINE_UNCERTIFIED_EMPTY_GT,untrusted empty-GT in contaminated source
BCL_f436.png,/hdd1/hieulc/datacrack/images/training/BCL_f436.png,/hdd1/hieulc/datacrack/annotations/training/BCL_f436.png,train,BCL,QUARANTINE_UNCERTIFIED_EMPTY_GT,untrusted empty-GT in contaminated source
BCL_f437.png,/hdd1/hieulc/datacrack/images/training/BCL_f437.png,/hdd1/hieulc/datacrack/annotations/training/BCL_f437.png,train,BCL,QUARANTINE_UNCERTIFIED_EMPTY_GT,untrusted empty-GT in contaminated source
BCL_f438.png,/hdd1/hieulc/datacrack/images/training/BCL_f438.png,/hdd1/hieulc/datacrack/annotations/training/BCL_f438.png,train,BCL,QUARANTINE_UNCERTIFIED_EMPTY_GT,untrusted empty-GT in contaminated source
BCL_f439.png,/hdd1/hieulc/datacrack/images/training/BCL_f439.png,/hdd1/hieulc/datacrack/annotations/training/BCL_f439.png,train,BCL,QUARANTINE_UNCERTIFIED_EMPTY_GT,untrusted empty-GT in contaminated source
BCL_f44.png,/hdd1/hieulc/datacrack/images/training/BCL_f44.png,/hdd1/hieulc/datacrack/annotations/training/BCL_f44.png,train,BCL,QUARANTINE_UNCERTIFIED_EMPTY_GT,untrusted empty-GT in contaminated source
BCL_f440.png,/hdd1/hieulc/datacrack/images/training/BCL_f440.png,/hdd1/hieulc/datacrack/annotations/training/BCL_f440.png,train,BCL,QUARANTINE_UNCERTIFIED_EMPTY_GT,untrusted empty-GT in contaminated source
BCL_f441.png,/hdd1/hieulc/datacrack/images/training/BCL_f441.png,/hdd1/hieulc/datacrack/annotations/training/BCL_f441.png,train,BCL,QUARANTINE_UNCERTIFIED_EMPTY_GT,untrusted empty-GT in contaminated source
BCL_f442.png,/hdd1/hieulc/datacrack/images/training/BCL_f442.png,/hdd1/hieulc/datacrack/annotations/training/BCL_f442.png,train,BCL,QUARANTINE_UNCERTIFIED_EMPTY_GT,untrusted empty-GT in contaminated source
BCL_f444.png,/hdd1/hieulc/datacrack/images/training/BCL_f444.png,/hdd1/hieulc/datacrack/annotations/training/BCL_f444.png,train,BCL,QUARANTINE_UNCERTIFIED_EMPTY_GT,untrusted empty-GT in contaminated source
BCL_f445.png,/hdd1/hieulc/datacrack/images/training/BCL_f445.png,/hdd1/hieulc/datacrack/annotations/training/BCL_f445.png,train,BCL,QUARANTINE_UNCERTIFIED_EMPTY_GT,untrusted empty-GT in contaminated source
BCL_f446.png,/hdd1/hieulc/datacrack/images/training/BCL_f446.png,/hdd1/hieulc/datacrack/annotations/training/BCL_f446.png,train,BCL,QUARANTINE_UNCERTIFIED_EMPTY_GT,untrusted empty-GT in contaminated source
BCL_f448.png,/hdd1/hieulc/datacrack/images/training/BCL_f448.png,/hdd1/hieulc/datacrack/annotations/training/BCL_f448.png,train,BCL,QUARANTINE_UNCERTIFIED_EMPTY_GT,untrusted empty-GT in contaminated source
BCL_f449.png,/hdd1/hieulc/datacrack/images/training/BCL_f449.png,/hdd1/hieulc/datacrack/annotations/training/BCL_f449.png,train,BCL,QUARANTINE_UNCERTIFIED_EMPTY_GT,untrusted empty-GT in contaminated source
BCL_f45.png,/hdd1/hieulc/datacrack/images/training/BCL_f45.png,/hdd1/hieulc/datacrack/annotations/training/BCL_f45.png,train,BCL,QUARANTINE_UNCERTIFIED_EMPTY_GT,untrusted empty-GT in contaminated source
BCL_f450.png,/hdd1/hieulc/datacrack/images/training/BCL_f450.png,/hdd1/hieulc/datacrack/annotations/training/BCL_f450.png,train,BCL,QUARANTINE_UNCERTIFIED_EMPTY_GT,untrusted empty-GT in contaminated source
BCL_f451.png,/hdd1/hieulc/datacrack/images/training/BCL_f451.png,/hdd1/hieulc/datacrack/annotations/training/BCL_f451.png,train,BCL,QUARANTINE_UNCERTIFIED_EMPTY_GT,untrusted empty-GT in contaminated source
BCL_f452.png,/hdd1/hieulc/datacrack/images/training/BCL_f452.png,/hdd1/hieulc/datacrack/annotations/training/BCL_f452.png,train,BCL,QUARANTINE_UNCERTIFIED_EMPTY_GT,untrusted empty-GT in contaminated source
BCL_f453.png,/hdd1/hieulc/datacrack/images/training/BCL_f453.png,/hdd1/hieulc/datacrack/annotations/training/BCL_f453.png,train,BCL,QUARANTINE_UNCERTIFIED_EMPTY_GT,untrusted empty-GT in contaminated source
BCL_f454.png,/hdd1/hieulc/datacrack/images/training/BCL_f454.png,/hdd1/hieulc/datacrack/annotations/training/BCL_f454.png,train,BCL,QUARANTINE_UNCERTIFIED_EMPTY_GT,untrusted empty-GT in contaminated source
BCL_f455.png,/hdd1/hieulc/datacrack/images/training/BCL_f455.png,/hdd1/hieulc/datacrack/annotations/training/BCL_f455.png,train,BCL,QUARANTINE_UNCERTIFIED_EMPTY_GT,untrusted empty-GT in contaminated source
BCL_f456.png,/hdd1/hieulc/datacrack/images/training/BCL_f456.png,/hdd1/hieulc/datacrack/annotations/training/BCL_f456.png,train,BCL,QUARANTINE_UNCERTIFIED_EMPTY_GT,untrusted empty-GT in contaminated source
BCL_f457.png,/hdd1/hieulc/datacrack/images/training/BCL_f457.png,/hdd1/hieulc/datacrack/annotations/training/BCL_f457.png,train,BCL,QUARANTINE_UNCERTIFIED_EMPTY_GT,untrusted empty-GT in contaminated source
BCL_f459.png,/hdd1/hieulc/datacrack/images/training/BCL_f459.png,/hdd1/hieulc/datacrack/annotations/training/BCL_f459.png,train,BCL,QUARANTINE_UNCERTIFIED_EMPTY_GT,untrusted empty-GT in contaminated source
BCL_f46.png,/hdd1/hieulc/datacrack/images/training/BCL_f46.png,/hdd1/hieulc/datacrack/annotations/training/BCL_f46.png,train,BCL,QUARANTINE_UNCERTIFIED_EMPTY_GT,untrusted empty-GT in contaminated source
BCL_f460.png,/hdd1/hieulc/datacrack/images/training/BCL_f460.png,/hdd1/hieulc/datacrack/annotations/training/BCL_f460.png,train,BCL,QUARANTINE_UNCERTIFIED_EMPTY_GT,untrusted empty-GT in contaminated source
BCL_f461.png,/hdd1/hieulc/datacrack/images/training/BCL_f461.png,/hdd1/hieulc/datacrack/annotations/training/BCL_f461.png,train,BCL,QUARANTINE_UNCERTIFIED_EMPTY_GT,untrusted empty-GT in contaminated source
BCL_f462.png,/hdd1/hieulc/datacrack/images/training/BCL_f462.png,/hdd1/hieulc/datacrack/annotations/training/BCL_f462.png,train,BCL,QUARANTINE_UNCERTIFIED_EMPTY_GT,untrusted empty-GT in contaminated source
BCL_f465.png,/hdd1/hieulc/datacrack/images/training/BCL_f465.png,/hdd1/hieulc/datacrack/annotations/training/BCL_f465.png,train,BCL,QUARANTINE_UNCERTIFIED_EMPTY_GT,untrusted empty-GT in contaminated source
BCL_f466.png,/hdd1/hieulc/datacrack/images/training/BCL_f466.png,/hdd1/hieulc/datacrack/annotations/training/BCL_f466.png,train,BCL,QUARANTINE_UNCERTIFIED_EMPTY_GT,untrusted empty-GT in contaminated source
BCL_f467.png,/hdd1/hieulc/datacrack/images/training/BCL_f467.png,/hdd1/hieulc/datacrack/annotations/training/BCL_f467.png,train,BCL,QUARANTINE_UNCERTIFIED_EMPTY_GT,untrusted empty-GT in contaminated source
BCL_f468.png,/hdd1/hieulc/datacrack/images/training/BCL_f468.png,/hdd1/hieulc/datacrack/annotations/training/BCL_f468.png,train,BCL,QUARANTINE_UNCERTIFIED_EMPTY_GT,untrusted empty-GT in contaminated source
BCL_f469.png,/hdd1/hieulc/datacrack/images/training/BCL_f469.png,/hdd1/hieulc/datacrack/annotations/training/BCL_f469.png,train,BCL,QUARANTINE_UNCERTIFIED_EMPTY_GT,untrusted empty-GT in contaminated source
BCL_f47.png,/hdd1/hieulc/datacrack/images/training/BCL_f47.png,/hdd1/hieulc/datacrack/annotations/training/BCL_f47.png,train,BCL,QUARANTINE_UNCERTIFIED_EMPTY_GT,untrusted empty-GT in contaminated source
BCL_f470.png,/hdd1/hieulc/datacrack/images/training/BCL_f470.png,/hdd1/hieulc/datacrack/annotations/training/BCL_f470.png,train,BCL,QUARANTINE_UNCERTIFIED_EMPTY_GT,untrusted empty-GT in contaminated source
BCL_f471.png,/hdd1/hieulc/datacrack/images/training/BCL_f471.png,/hdd1/hieulc/datacrack/annotations/training/BCL_f471.png,train,BCL,QUARANTINE_UNCERTIFIED_EMPTY_GT,untrusted empty-GT in contaminated source
BCL_f472.png,/hdd1/hieulc/datacrack/images/training/BCL_f472.png,/hdd1/hieulc/datacrack/annotations/training/BCL_f472.png,train,BCL,QUARANTINE_UNCERTIFIED_EMPTY_GT,untrusted empty-GT in contaminated source
BCL_f473.png,/hdd1/hieulc/datacrack/images/training/BCL_f473.png,/hdd1/hieulc/datacrack/annotations/training/BCL_f473.png,train,BCL,QUARANTINE_UNCERTIFIED_EMPTY_GT,untrusted empty-GT in contaminated source
BCL_f474.png,/hdd1/hieulc/datacrack/images/training/BCL_f474.png,/hdd1/hieulc/datacrack/annotations/training/BCL_f474.png,train,BCL,QUARANTINE_UNCERTIFIED_EMPTY_GT,untrusted empty-GT in contaminated source
BCL_f475.png,/hdd1/hieulc/datacrack/images/training/BCL_f475.png,/hdd1/hieulc/datacrack/annotations/training/BCL_f475.png,train,BCL,QUARANTINE_UNCERTIFIED_EMPTY_GT,untrusted empty-GT in contaminated source
BCL_f476.png,/hdd1/hieulc/datacrack/images/training/BCL_f476.png,/hdd1/hieulc/datacrack/annotations/training/BCL_f476.png,train,BCL,QUARANTINE_UNCERTIFIED_EMPTY_GT,untrusted empty-GT in contaminated source
BCL_f478.png,/hdd1/hieulc/datacrack/images/training/BCL_f478.png,/hdd1/hieulc/datacrack/annotations/training/BCL_f478.png,train,BCL,QUARANTINE_UNCERTIFIED_EMPTY_GT,untrusted empty-GT in contaminated source
BCL_f479.png,/hdd1/hieulc/datacrack/images/training/BCL_f479.png,/hdd1/hieulc/datacrack/annotations/training/BCL_f479.png,train,BCL,QUARANTINE_UNCERTIFIED_EMPTY_GT,untrusted empty-GT in contaminated source
BCL_f48.png,/hdd1/hieulc/datacrack/images/training/BCL_f48.png,/hdd1/hieulc/datacrack/annotations/training/BCL_f48.png,train,BCL,QUARANTINE_UNCERTIFIED_EMPTY_GT,untrusted empty-GT in contaminated source
BCL_f480.png,/hdd1/hieulc/datacrack/images/training/BCL_f480.png,/hdd1/hieulc/datacrack/annotations/training/BCL_f480.png,train,BCL,QUARANTINE_UNCERTIFIED_EMPTY_GT,untrusted empty-GT in contaminated source
BCL_f481.png,/hdd1/hieulc/datacrack/images/training/BCL_f481.png,/hdd1/hieulc/datacrack/annotations/training/BCL_f481.png,train,BCL,QUARANTINE_UNCERTIFIED_EMPTY_GT,untrusted empty-GT in contaminated source
BCL_f482.png,/hdd1/hieulc/datacrack/images/training/BCL_f482.png,/hdd1/hieulc/datacrack/annotations/training/BCL_f482.png,train,BCL,QUARANTINE_UNCERTIFIED_EMPTY_GT,untrusted empty-GT in contaminated source
BCL_f483.png,/hdd1/hieulc/datacrack/images/training/BCL_f483.png,/hdd1/hieulc/datacrack/annotations/training/BCL_f483.png,train,BCL,QUARANTINE_UNCERTIFIED_EMPTY_GT,untrusted empty-GT in contaminated source
BCL_f484.png,/hdd1/hieulc/datacrack/images/training/BCL_f484.png,/hdd1/hieulc/datacrack/annotations/training/BCL_f484.png,train,BCL,QUARANTINE_UNCERTIFIED_EMPTY_GT,untrusted empty-GT in contaminated source
BCL_f485.png,/hdd1/hieulc/datacrack/images/training/BCL_f485.png,/hdd1/hieulc/datacrack/annotations/training/BCL_f485.png,train,BCL,QUARANTINE_UNCERTIFIED_EMPTY_GT,untrusted empty-GT in contaminated source
BCL_f486.png,/hdd1/hieulc/datacrack/images/training/BCL_f486.png,/hdd1/hieulc/datacrack/annotations/training/BCL_f486.png,train,BCL,QUARANTINE_UNCERTIFIED_EMPTY_GT,untrusted empty-GT in contaminated source
BCL_f487.png,/hdd1/hieulc/datacrack/images/training/BCL_f487.png,/hdd1/hieulc/datacrack/annotations/training/BCL_f487.png,train,BCL,QUARANTINE_UNCERTIFIED_EMPTY_GT,untrusted empty-GT in contaminated source
BCL_f489.png,/hdd1/hieulc/datacrack/images/training/BCL_f489.png,/hdd1/hieulc/datacrack/annotations/training/BCL_f489.png,train,BCL,QUARANTINE_UNCERTIFIED_EMPTY_GT,untrusted empty-GT in contaminated source
BCL_f49.png,/hdd1/hieulc/datacrack/images/training/BCL_f49.png,/hdd1/hieulc/datacrack/annotations/training/BCL_f49.png,train,BCL,QUARANTINE_UNCERTIFIED_EMPTY_GT,untrusted empty-GT in contaminated source
BCL_f490.png,/hdd1/hieulc/datacrack/images/training/BCL_f490.png,/hdd1/hieulc/datacrack/annotations/training/BCL_f490.png,train,BCL,QUARANTINE_UNCERTIFIED_EMPTY_GT,untrusted empty-GT in contaminated source
BCL_f491.png,/hdd1/hieulc/datacrack/images/training/BCL_f491.png,/hdd1/hieulc/datacrack/annotations/training/BCL_f491.png,train,BCL,QUARANTINE_UNCERTIFIED_EMPTY_GT,untrusted empty-GT in contaminated source
BCL_f493.png,/hdd1/hieulc/datacrack/images/training/BCL_f493.png,/hdd1/hieulc/datacrack/annotations/training/BCL_f493.png,train,BCL,QUARANTINE_UNCERTIFIED_EMPTY_GT,untrusted empty-GT in contaminated source
BCL_f494.png,/hdd1/hieulc/datacrack/images/training/BCL_f494.png,/hdd1/hieulc/datacrack/annotations/training/BCL_f494.png,train,BCL,QUARANTINE_UNCERTIFIED_EMPTY_GT,untrusted empty-GT in contaminated source
BCL_f496.png,/hdd1/hieulc/datacrack/images/training/BCL_f496.png,/hdd1/hieulc/datacrack/annotations/training/BCL_f496.png,train,BCL,QUARANTINE_UNCERTIFIED_EMPTY_GT,untrusted empty-GT in contaminated source
BCL_f497.png,/hdd1/hieulc/datacrack/images/training/BCL_f497.png,/hdd1/hieulc/datacrack/annotations/training/BCL_f497.png,train,BCL,QUARANTINE_UNCERTIFIED_EMPTY_GT,untrusted empty-GT in contaminated source
BCL_f498.png,/hdd1/hieulc/datacrack/images/training/BCL_f498.png,/hdd1/hieulc/datacrack/annotations/training/BCL_f498.png,train,BCL,QUARANTINE_UNCERTIFIED_EMPTY_GT,untrusted empty-GT in contaminated source
BCL_f499.png,/hdd1/hieulc/datacrack/images/training/BCL_f499.png,/hdd1/hieulc/datacrack/annotations/training/BCL_f499.png,train,BCL,QUARANTINE_UNCERTIFIED_EMPTY_GT,untrusted empty-GT in contaminated source
BCL_f5.png,/hdd1/hieulc/datacrack/images/training/BCL_f5.png,/hdd1/hieulc/datacrack/annotations/training/BCL_f5.png,train,BCL,QUARANTINE_UNCERTIFIED_EMPTY_GT,untrusted empty-GT in contaminated source
BCL_f50.png,/hdd1/hieulc/datacrack/images/training/BCL_f50.png,/hdd1/hieulc/datacrack/annotations/training/BCL_f50.png,train,BCL,QUARANTINE_UNCERTIFIED_EMPTY_GT,untrusted empty-GT in contaminated source
BCL_f500.png,/hdd1/hieulc/datacrack/images/training/BCL_f500.png,/hdd1/hieulc/datacrack/annotations/training/BCL_f500.png,train,BCL,QUARANTINE_UNCERTIFIED_EMPTY_GT,untrusted empty-GT in contaminated source
BCL_f501.png,/hdd1/hieulc/datacrack/images/training/BCL_f501.png,/hdd1/hieulc/datacrack/annotations/training/BCL_f501.png,train,BCL,QUARANTINE_UNCERTIFIED_EMPTY_GT,untrusted empty-GT in contaminated source
BCL_f502.png,/hdd1/hieulc/datacrack/images/training/BCL_f502.png,/hdd1/hieulc/datacrack/annotations/training/BCL_f502.png,train,BCL,QUARANTINE_UNCERTIFIED_EMPTY_GT,untrusted empty-GT in contaminated source
BCL_f503.png,/hdd1/hieulc/datacrack/images/training/BCL_f503.png,/hdd1/hieulc/datacrack/annotations/training/BCL_f503.png,train,BCL,QUARANTINE_UNCERTIFIED_EMPTY_GT,untrusted empty-GT in contaminated source
BCL_f507.png,/hdd1/hieulc/datacrack/images/training/BCL_f507.png,/hdd1/hieulc/datacrack/annotations/training/BCL_f507.png,train,BCL,QUARANTINE_UNCERTIFIED_EMPTY_GT,untrusted empty-GT in contaminated source
BCL_f510.png,/hdd1/hieulc/datacrack/images/training/BCL_f510.png,/hdd1/hieulc/datacrack/annotations/training/BCL_f510.png,train,BCL,QUARANTINE_UNCERTIFIED_EMPTY_GT,untrusted empty-GT in contaminated source
BCL_f511.png,/hdd1/hieulc/datacrack/images/training/BCL_f511.png,/hdd1/hieulc/datacrack/annotations/training/BCL_f511.png,train,BCL,QUARANTINE_UNCERTIFIED_EMPTY_GT,untrusted empty-GT in contaminated source
BCL_f512.png,/hdd1/hieulc/datacrack/images/training/BCL_f512.png,/hdd1/hieulc/datacrack/annotations/training/BCL_f512.png,train,BCL,QUARANTINE_UNCERTIFIED_EMPTY_GT,untrusted empty-GT in contaminated source
BCL_f513.png,/hdd1/hieulc/datacrack/images/training/BCL_f513.png,/hdd1/hieulc/datacrack/annotations/training/BCL_f513.png,train,BCL,QUARANTINE_UNCERTIFIED_EMPTY_GT,untrusted empty-GT in contaminated source
BCL_f514.png,/hdd1/hieulc/datacrack/images/training/BCL_f514.png,/hdd1/hieulc/datacrack/annotations/training/BCL_f514.png,train,BCL,QUARANTINE_UNCERTIFIED_EMPTY_GT,untrusted empty-GT in contaminated source
BCL_f515.png,/hdd1/hieulc/datacrack/images/training/BCL_f515.png,/hdd1/hieulc/datacrack/annotations/training/BCL_f515.png,train,BCL,QUARANTINE_UNCERTIFIED_EMPTY_GT,untrusted empty-GT in contaminated source
BCL_f516.png,/hdd1/hieulc/datacrack/images/training/BCL_f516.png,/hdd1/hieulc/datacrack/annotations/training/BCL_f516.png,train,BCL,QUARANTINE_UNCERTIFIED_EMPTY_GT,untrusted empty-GT in contaminated source
BCL_f517.png,/hdd1/hieulc/datacrack/images/training/BCL_f517.png,/hdd1/hieulc/datacrack/annotations/training/BCL_f517.png,train,BCL,QUARANTINE_UNCERTIFIED_EMPTY_GT,untrusted empty-GT in contaminated source
BCL_f518.png,/hdd1/hieulc/datacrack/images/training/BCL_f518.png,/hdd1/hieulc/datacrack/annotations/training/BCL_f518.png,train,BCL,QUARANTINE_UNCERTIFIED_EMPTY_GT,untrusted empty-GT in contaminated source
BCL_f519.png,/hdd1/hieulc/datacrack/images/training/BCL_f519.png,/hdd1/hieulc/datacrack/annotations/training/BCL_f519.png,train,BCL,QUARANTINE_UNCERTIFIED_EMPTY_GT,untrusted empty-GT in contaminated source
BCL_f52.png,/hdd1/hieulc/datacrack/images/training/BCL_f52.png,/hdd1/hieulc/datacrack/annotations/training/BCL_f52.png,train,BCL,QUARANTINE_UNCERTIFIED_EMPTY_GT,untrusted empty-GT in contaminated source
BCL_f520.png,/hdd1/hieulc/datacrack/images/training/BCL_f520.png,/hdd1/hieulc/datacrack/annotations/training/BCL_f520.png,train,BCL,QUARANTINE_UNCERTIFIED_EMPTY_GT,untrusted empty-GT in contaminated source
BCL_f521.png,/hdd1/hieulc/datacrack/images/training/BCL_f521.png,/hdd1/hieulc/datacrack/annotations/training/BCL_f521.png,train,BCL,QUARANTINE_UNCERTIFIED_EMPTY_GT,untrusted empty-GT in contaminated source
BCL_f522.png,/hdd1/hieulc/datacrack/images/training/BCL_f522.png,/hdd1/hieulc/datacrack/annotations/training/BCL_f522.png,train,BCL,QUARANTINE_UNCERTIFIED_EMPTY_GT,untrusted empty-GT in contaminated source
BCL_f523.png,/hdd1/hieulc/datacrack/images/training/BCL_f523.png,/hdd1/hieulc/datacrack/annotations/training/BCL_f523.png,train,BCL,QUARANTINE_UNCERTIFIED_EMPTY_GT,untrusted empty-GT in contaminated source
BCL_f524.png,/hdd1/hieulc/datacrack/images/training/BCL_f524.png,/hdd1/hieulc/datacrack/annotations/training/BCL_f524.png,train,BCL,QUARANTINE_UNCERTIFIED_EMPTY_GT,untrusted empty-GT in contaminated source
BCL_f525.png,/hdd1/hieulc/datacrack/images/training/BCL_f525.png,/hdd1/hieulc/datacrack/annotations/training/BCL_f525.png,train,BCL,QUARANTINE_UNCERTIFIED_EMPTY_GT,untrusted empty-GT in contaminated source
BCL_f527.png,/hdd1/hieulc/datacrack/images/training/BCL_f527.png,/hdd1/hieulc/datacrack/annotations/training/BCL_f527.png,train,BCL,QUARANTINE_UNCERTIFIED_EMPTY_GT,untrusted empty-GT in contaminated source
BCL_f528.png,/hdd1/hieulc/datacrack/images/training/BCL_f528.png,/hdd1/hieulc/datacrack/annotations/training/BCL_f528.png,train,BCL,QUARANTINE_UNCERTIFIED_EMPTY_GT,untrusted empty-GT in contaminated source
BCL_f529.png,/hdd1/hieulc/datacrack/images/training/BCL_f529.png,/hdd1/hieulc/datacrack/annotations/training/BCL_f529.png,train,BCL,QUARANTINE_UNCERTIFIED_EMPTY_GT,untrusted empty-GT in contaminated source
BCL_f530.png,/hdd1/hieulc/datacrack/images/training/BCL_f530.png,/hdd1/hieulc/datacrack/annotations/training/BCL_f530.png,train,BCL,QUARANTINE_UNCERTIFIED_EMPTY_GT,untrusted empty-GT in contaminated source
BCL_f531.png,/hdd1/hieulc/datacrack/images/training/BCL_f531.png,/hdd1/hieulc/datacrack/annotations/training/BCL_f531.png,train,BCL,QUARANTINE_UNCERTIFIED_EMPTY_GT,untrusted empty-GT in contaminated source
BCL_f532.png,/hdd1/hieulc/datacrack/images/training/BCL_f532.png,/hdd1/hieulc/datacrack/annotations/training/BCL_f532.png,train,BCL,QUARANTINE_UNCERTIFIED_EMPTY_GT,untrusted empty-GT in contaminated source
BCL_f533.png,/hdd1/hieulc/datacrack/images/training/BCL_f533.png,/hdd1/hieulc/datacrack/annotations/training/BCL_f533.png,train,BCL,QUARANTINE_UNCERTIFIED_EMPTY_GT,untrusted empty-GT in contaminated source
BCL_f534.png,/hdd1/hieulc/datacrack/images/training/BCL_f534.png,/hdd1/hieulc/datacrack/annotations/training/BCL_f534.png,train,BCL,QUARANTINE_UNCERTIFIED_EMPTY_GT,untrusted empty-GT in contaminated source
BCL_f535.png,/hdd1/hieulc/datacrack/images/training/BCL_f535.png,/hdd1/hieulc/datacrack/annotations/training/BCL_f535.png,train,BCL,QUARANTINE_UNCERTIFIED_EMPTY_GT,untrusted empty-GT in contaminated source
BCL_f537.png,/hdd1/hieulc/datacrack/images/training/BCL_f537.png,/hdd1/hieulc/datacrack/annotations/training/BCL_f537.png,train,BCL,QUARANTINE_UNCERTIFIED_EMPTY_GT,untrusted empty-GT in contaminated source
BCL_f538.png,/hdd1/hieulc/datacrack/images/training/BCL_f538.png,/hdd1/hieulc/datacrack/annotations/training/BCL_f538.png,train,BCL,QUARANTINE_UNCERTIFIED_EMPTY_GT,untrusted empty-GT in contaminated source
BCL_f539.png,/hdd1/hieulc/datacrack/images/training/BCL_f539.png,/hdd1/hieulc/datacrack/annotations/training/BCL_f539.png,train,BCL,QUARANTINE_UNCERTIFIED_EMPTY_GT,untrusted empty-GT in contaminated source
BCL_f540.png,/hdd1/hieulc/datacrack/images/training/BCL_f540.png,/hdd1/hieulc/datacrack/annotations/training/BCL_f540.png,train,BCL,QUARANTINE_UNCERTIFIED_EMPTY_GT,untrusted empty-GT in contaminated source
BCL_f541.png,/hdd1/hieulc/datacrack/images/training/BCL_f541.png,/hdd1/hieulc/datacrack/annotations/training/BCL_f541.png,train,BCL,QUARANTINE_UNCERTIFIED_EMPTY_GT,untrusted empty-GT in contaminated source
BCL_f542.png,/hdd1/hieulc/datacrack/images/training/BCL_f542.png,/hdd1/hieulc/datacrack/annotations/training/BCL_f542.png,train,BCL,QUARANTINE_UNCERTIFIED_EMPTY_GT,untrusted empty-GT in contaminated source
BCL_f543.png,/hdd1/hieulc/datacrack/images/training/BCL_f543.png,/hdd1/hieulc/datacrack/annotations/training/BCL_f543.png,train,BCL,QUARANTINE_UNCERTIFIED_EMPTY_GT,untrusted empty-GT in contaminated source
BCL_f544.png,/hdd1/hieulc/datacrack/images/training/BCL_f544.png,/hdd1/hieulc/datacrack/annotations/training/BCL_f544.png,train,BCL,QUARANTINE_UNCERTIFIED_EMPTY_GT,untrusted empty-GT in contaminated source
BCL_f545.png,/hdd1/hieulc/datacrack/images/training/BCL_f545.png,/hdd1/hieulc/datacrack/annotations/training/BCL_f545.png,train,BCL,QUARANTINE_UNCERTIFIED_EMPTY_GT,untrusted empty-GT in contaminated source
BCL_f546.png,/hdd1/hieulc/datacrack/images/training/BCL_f546.png,/hdd1/hieulc/datacrack/annotations/training/BCL_f546.png,train,BCL,QUARANTINE_UNCERTIFIED_EMPTY_GT,untrusted empty-GT in contaminated source
BCL_f547.png,/hdd1/hieulc/datacrack/images/training/BCL_f547.png,/hdd1/hieulc/datacrack/annotations/training/BCL_f547.png,train,BCL,QUARANTINE_UNCERTIFIED_EMPTY_GT,untrusted empty-GT in contaminated source
BCL_f548.png,/hdd1/hieulc/datacrack/images/training/BCL_f548.png,/hdd1/hieulc/datacrack/annotations/training/BCL_f548.png,train,BCL,QUARANTINE_UNCERTIFIED_EMPTY_GT,untrusted empty-GT in contaminated source
BCL_f549.png,/hdd1/hieulc/datacrack/images/training/BCL_f549.png,/hdd1/hieulc/datacrack/annotations/training/BCL_f549.png,train,BCL,QUARANTINE_UNCERTIFIED_EMPTY_GT,untrusted empty-GT in contaminated source
BCL_f55.png,/hdd1/hieulc/datacrack/images/training/BCL_f55.png,/hdd1/hieulc/datacrack/annotations/training/BCL_f55.png,train,BCL,QUARANTINE_UNCERTIFIED_EMPTY_GT,untrusted empty-GT in contaminated source
BCL_f550.png,/hdd1/hieulc/datacrack/images/training/BCL_f550.png,/hdd1/hieulc/datacrack/annotations/training/BCL_f550.png,train,BCL,QUARANTINE_UNCERTIFIED_EMPTY_GT,untrusted empty-GT in contaminated source
BCL_f553.png,/hdd1/hieulc/datacrack/images/training/BCL_f553.png,/hdd1/hieulc/datacrack/annotations/training/BCL_f553.png,train,BCL,QUARANTINE_UNCERTIFIED_EMPTY_GT,untrusted empty-GT in contaminated source
BCL_f554.png,/hdd1/hieulc/datacrack/images/training/BCL_f554.png,/hdd1/hieulc/datacrack/annotations/training/BCL_f554.png,train,BCL,QUARANTINE_UNCERTIFIED_EMPTY_GT,untrusted empty-GT in contaminated source
BCL_f555.png,/hdd1/hieulc/datacrack/images/training/BCL_f555.png,/hdd1/hieulc/datacrack/annotations/training/BCL_f555.png,train,BCL,QUARANTINE_UNCERTIFIED_EMPTY_GT,untrusted empty-GT in contaminated source
BCL_f556.png,/hdd1/hieulc/datacrack/images/training/BCL_f556.png,/hdd1/hieulc/datacrack/annotations/training/BCL_f556.png,train,BCL,QUARANTINE_UNCERTIFIED_EMPTY_GT,untrusted empty-GT in contaminated source
BCL_f558.png,/hdd1/hieulc/datacrack/images/training/BCL_f558.png,/hdd1/hieulc/datacrack/annotations/training/BCL_f558.png,train,BCL,QUARANTINE_UNCERTIFIED_EMPTY_GT,untrusted empty-GT in contaminated source
BCL_f559.png,/hdd1/hieulc/datacrack/images/training/BCL_f559.png,/hdd1/hieulc/datacrack/annotations/training/BCL_f559.png,train,BCL,QUARANTINE_UNCERTIFIED_EMPTY_GT,untrusted empty-GT in contaminated source
BCL_f56.png,/hdd1/hieulc/datacrack/images/training/BCL_f56.png,/hdd1/hieulc/datacrack/annotations/training/BCL_f56.png,train,BCL,QUARANTINE_UNCERTIFIED_EMPTY_GT,untrusted empty-GT in contaminated source
BCL_f561.png,/hdd1/hieulc/datacrack/images/training/BCL_f561.png,/hdd1/hieulc/datacrack/annotations/training/BCL_f561.png,train,BCL,QUARANTINE_UNCERTIFIED_EMPTY_GT,untrusted empty-GT in contaminated source
BCL_f562.png,/hdd1/hieulc/datacrack/images/training/BCL_f562.png,/hdd1/hieulc/datacrack/annotations/training/BCL_f562.png,train,BCL,QUARANTINE_UNCERTIFIED_EMPTY_GT,untrusted empty-GT in contaminated source
BCL_f563.png,/hdd1/hieulc/datacrack/images/training/BCL_f563.png,/hdd1/hieulc/datacrack/annotations/training/BCL_f563.png,train,BCL,QUARANTINE_UNCERTIFIED_EMPTY_GT,untrusted empty-GT in contaminated source
BCL_f564.png,/hdd1/hieulc/datacrack/images/training/BCL_f564.png,/hdd1/hieulc/datacrack/annotations/training/BCL_f564.png,train,BCL,QUARANTINE_UNCERTIFIED_EMPTY_GT,untrusted empty-GT in contaminated source
BCL_f567.png,/hdd1/hieulc/datacrack/images/training/BCL_f567.png,/hdd1/hieulc/datacrack/annotations/training/BCL_f567.png,train,BCL,QUARANTINE_UNCERTIFIED_EMPTY_GT,untrusted empty-GT in contaminated source
BCL_f569.png,/hdd1/hieulc/datacrack/images/training/BCL_f569.png,/hdd1/hieulc/datacrack/annotations/training/BCL_f569.png,train,BCL,QUARANTINE_UNCERTIFIED_EMPTY_GT,untrusted empty-GT in contaminated source
BCL_f57.png,/hdd1/hieulc/datacrack/images/training/BCL_f57.png,/hdd1/hieulc/datacrack/annotations/training/BCL_f57.png,train,BCL,QUARANTINE_UNCERTIFIED_EMPTY_GT,untrusted empty-GT in contaminated source
BCL_f570.png,/hdd1/hieulc/datacrack/images/training/BCL_f570.png,/hdd1/hieulc/datacrack/annotations/training/BCL_f570.png,train,BCL,QUARANTINE_UNCERTIFIED_EMPTY_GT,untrusted empty-GT in contaminated source
BCL_f572.png,/hdd1/hieulc/datacrack/images/training/BCL_f572.png,/hdd1/hieulc/datacrack/annotations/training/BCL_f572.png,train,BCL,QUARANTINE_UNCERTIFIED_EMPTY_GT,untrusted empty-GT in contaminated source
BCL_f573.png,/hdd1/hieulc/datacrack/images/training/BCL_f573.png,/hdd1/hieulc/datacrack/annotations/training/BCL_f573.png,train,BCL,QUARANTINE_UNCERTIFIED_EMPTY_GT,untrusted empty-GT in contaminated source
BCL_f574.png,/hdd1/hieulc/datacrack/images/training/BCL_f574.png,/hdd1/hieulc/datacrack/annotations/training/BCL_f574.png,train,BCL,QUARANTINE_UNCERTIFIED_EMPTY_GT,untrusted empty-GT in contaminated source
BCL_f575.png,/hdd1/hieulc/datacrack/images/training/BCL_f575.png,/hdd1/hieulc/datacrack/annotations/training/BCL_f575.png,train,BCL,QUARANTINE_UNCERTIFIED_EMPTY_GT,untrusted empty-GT in contaminated source
BCL_f577.png,/hdd1/hieulc/datacrack/images/training/BCL_f577.png,/hdd1/hieulc/datacrack/annotations/training/BCL_f577.png,train,BCL,QUARANTINE_UNCERTIFIED_EMPTY_GT,untrusted empty-GT in contaminated source
BCL_f578.png,/hdd1/hieulc/datacrack/images/training/BCL_f578.png,/hdd1/hieulc/datacrack/annotations/training/BCL_f578.png,train,BCL,QUARANTINE_UNCERTIFIED_EMPTY_GT,untrusted empty-GT in contaminated source
BCL_f58.png,/hdd1/hieulc/datacrack/images/training/BCL_f58.png,/hdd1/hieulc/datacrack/annotations/training/BCL_f58.png,train,BCL,QUARANTINE_UNCERTIFIED_EMPTY_GT,untrusted empty-GT in contaminated source
BCL_f580.png,/hdd1/hieulc/datacrack/images/training/BCL_f580.png,/hdd1/hieulc/datacrack/annotations/training/BCL_f580.png,train,BCL,QUARANTINE_UNCERTIFIED_EMPTY_GT,untrusted empty-GT in contaminated source
BCL_f581.png,/hdd1/hieulc/datacrack/images/training/BCL_f581.png,/hdd1/hieulc/datacrack/annotations/training/BCL_f581.png,train,BCL,QUARANTINE_UNCERTIFIED_EMPTY_GT,untrusted empty-GT in contaminated source
BCL_f582.png,/hdd1/hieulc/datacrack/images/training/BCL_f582.png,/hdd1/hieulc/datacrack/annotations/training/BCL_f582.png,train,BCL,QUARANTINE_UNCERTIFIED_EMPTY_GT,untrusted empty-GT in contaminated source
BCL_f583.png,/hdd1/hieulc/datacrack/images/training/BCL_f583.png,/hdd1/hieulc/datacrack/annotations/training/BCL_f583.png,train,BCL,QUARANTINE_UNCERTIFIED_EMPTY_GT,untrusted empty-GT in contaminated source
BCL_f584.png,/hdd1/hieulc/datacrack/images/training/BCL_f584.png,/hdd1/hieulc/datacrack/annotations/training/BCL_f584.png,train,BCL,QUARANTINE_UNCERTIFIED_EMPTY_GT,untrusted empty-GT in contaminated source
BCL_f585.png,/hdd1/hieulc/datacrack/images/training/BCL_f585.png,/hdd1/hieulc/datacrack/annotations/training/BCL_f585.png,train,BCL,QUARANTINE_UNCERTIFIED_EMPTY_GT,untrusted empty-GT in contaminated source
BCL_f587.png,/hdd1/hieulc/datacrack/images/training/BCL_f587.png,/hdd1/hieulc/datacrack/annotations/training/BCL_f587.png,train,BCL,QUARANTINE_UNCERTIFIED_EMPTY_GT,untrusted empty-GT in contaminated source
BCL_f588.png,/hdd1/hieulc/datacrack/images/training/BCL_f588.png,/hdd1/hieulc/datacrack/annotations/training/BCL_f588.png,train,BCL,QUARANTINE_UNCERTIFIED_EMPTY_GT,untrusted empty-GT in contaminated source
BCL_f59.png,/hdd1/hieulc/datacrack/images/training/BCL_f59.png,/hdd1/hieulc/datacrack/annotations/training/BCL_f59.png,train,BCL,QUARANTINE_UNCERTIFIED_EMPTY_GT,untrusted empty-GT in contaminated source
BCL_f590.png,/hdd1/hieulc/datacrack/images/training/BCL_f590.png,/hdd1/hieulc/datacrack/annotations/training/BCL_f590.png,train,BCL,QUARANTINE_UNCERTIFIED_EMPTY_GT,untrusted empty-GT in contaminated source
BCL_f591.png,/hdd1/hieulc/datacrack/images/training/BCL_f591.png,/hdd1/hieulc/datacrack/annotations/training/BCL_f591.png,train,BCL,QUARANTINE_UNCERTIFIED_EMPTY_GT,untrusted empty-GT in contaminated source
BCL_f592.png,/hdd1/hieulc/datacrack/images/training/BCL_f592.png,/hdd1/hieulc/datacrack/annotations/training/BCL_f592.png,train,BCL,QUARANTINE_UNCERTIFIED_EMPTY_GT,untrusted empty-GT in contaminated source
BCL_f593.png,/hdd1/hieulc/datacrack/images/training/BCL_f593.png,/hdd1/hieulc/datacrack/annotations/training/BCL_f593.png,train,BCL,QUARANTINE_UNCERTIFIED_EMPTY_GT,untrusted empty-GT in contaminated source
BCL_f594.png,/hdd1/hieulc/datacrack/images/training/BCL_f594.png,/hdd1/hieulc/datacrack/annotations/training/BCL_f594.png,train,BCL,QUARANTINE_UNCERTIFIED_EMPTY_GT,untrusted empty-GT in contaminated source
BCL_f595.png,/hdd1/hieulc/datacrack/images/training/BCL_f595.png,/hdd1/hieulc/datacrack/annotations/training/BCL_f595.png,train,BCL,QUARANTINE_UNCERTIFIED_EMPTY_GT,untrusted empty-GT in contaminated source
BCL_f596.png,/hdd1/hieulc/datacrack/images/training/BCL_f596.png,/hdd1/hieulc/datacrack/annotations/training/BCL_f596.png,train,BCL,QUARANTINE_UNCERTIFIED_EMPTY_GT,untrusted empty-GT in contaminated source
BCL_f597.png,/hdd1/hieulc/datacrack/images/training/BCL_f597.png,/hdd1/hieulc/datacrack/annotations/training/BCL_f597.png,train,BCL,QUARANTINE_UNCERTIFIED_EMPTY_GT,untrusted empty-GT in contaminated source
BCL_f598.png,/hdd1/hieulc/datacrack/images/training/BCL_f598.png,/hdd1/hieulc/datacrack/annotations/training/BCL_f598.png,train,BCL,QUARANTINE_UNCERTIFIED_EMPTY_GT,untrusted empty-GT in contaminated source
BCL_f599.png,/hdd1/hieulc/datacrack/images/training/BCL_f599.png,/hdd1/hieulc/datacrack/annotations/training/BCL_f599.png,train,BCL,QUARANTINE_UNCERTIFIED_EMPTY_GT,untrusted empty-GT in contaminated source
BCL_f60.png,/hdd1/hieulc/datacrack/images/training/BCL_f60.png,/hdd1/hieulc/datacrack/annotations/training/BCL_f60.png,train,BCL,QUARANTINE_UNCERTIFIED_EMPTY_GT,untrusted empty-GT in contaminated source
BCL_f602.png,/hdd1/hieulc/datacrack/images/training/BCL_f602.png,/hdd1/hieulc/datacrack/annotations/training/BCL_f602.png,train,BCL,QUARANTINE_UNCERTIFIED_EMPTY_GT,untrusted empty-GT in contaminated source
BCL_f604.png,/hdd1/hieulc/datacrack/images/training/BCL_f604.png,/hdd1/hieulc/datacrack/annotations/training/BCL_f604.png,train,BCL,QUARANTINE_UNCERTIFIED_EMPTY_GT,untrusted empty-GT in contaminated source
BCL_f605.png,/hdd1/hieulc/datacrack/images/training/BCL_f605.png,/hdd1/hieulc/datacrack/annotations/training/BCL_f605.png,train,BCL,QUARANTINE_UNCERTIFIED_EMPTY_GT,untrusted empty-GT in contaminated source
BCL_f606.png,/hdd1/hieulc/datacrack/images/training/BCL_f606.png,/hdd1/hieulc/datacrack/annotations/training/BCL_f606.png,train,BCL,QUARANTINE_UNCERTIFIED_EMPTY_GT,untrusted empty-GT in contaminated source
BCL_f607.png,/hdd1/hieulc/datacrack/images/training/BCL_f607.png,/hdd1/hieulc/datacrack/annotations/training/BCL_f607.png,train,BCL,QUARANTINE_UNCERTIFIED_EMPTY_GT,untrusted empty-GT in contaminated source
BCL_f609.png,/hdd1/hieulc/datacrack/images/training/BCL_f609.png,/hdd1/hieulc/datacrack/annotations/training/BCL_f609.png,train,BCL,QUARANTINE_UNCERTIFIED_EMPTY_GT,untrusted empty-GT in contaminated source
BCL_f61.png,/hdd1/hieulc/datacrack/images/training/BCL_f61.png,/hdd1/hieulc/datacrack/annotations/training/BCL_f61.png,train,BCL,QUARANTINE_UNCERTIFIED_EMPTY_GT,untrusted empty-GT in contaminated source
BCL_f610.png,/hdd1/hieulc/datacrack/images/training/BCL_f610.png,/hdd1/hieulc/datacrack/annotations/training/BCL_f610.png,train,BCL,QUARANTINE_UNCERTIFIED_EMPTY_GT,untrusted empty-GT in contaminated source
BCL_f611.png,/hdd1/hieulc/datacrack/images/training/BCL_f611.png,/hdd1/hieulc/datacrack/annotations/training/BCL_f611.png,train,BCL,QUARANTINE_UNCERTIFIED_EMPTY_GT,untrusted empty-GT in contaminated source
BCL_f612.png,/hdd1/hieulc/datacrack/images/training/BCL_f612.png,/hdd1/hieulc/datacrack/annotations/training/BCL_f612.png,train,BCL,QUARANTINE_UNCERTIFIED_EMPTY_GT,untrusted empty-GT in contaminated source
BCL_f614.png,/hdd1/hieulc/datacrack/images/training/BCL_f614.png,/hdd1/hieulc/datacrack/annotations/training/BCL_f614.png,train,BCL,QUARANTINE_UNCERTIFIED_EMPTY_GT,untrusted empty-GT in contaminated source
BCL_f615.png,/hdd1/hieulc/datacrack/images/training/BCL_f615.png,/hdd1/hieulc/datacrack/annotations/training/BCL_f615.png,train,BCL,QUARANTINE_UNCERTIFIED_EMPTY_GT,untrusted empty-GT in contaminated source
BCL_f617.png,/hdd1/hieulc/datacrack/images/training/BCL_f617.png,/hdd1/hieulc/datacrack/annotations/training/BCL_f617.png,train,BCL,QUARANTINE_UNCERTIFIED_EMPTY_GT,untrusted empty-GT in contaminated source
BCL_f618.png,/hdd1/hieulc/datacrack/images/training/BCL_f618.png,/hdd1/hieulc/datacrack/annotations/training/BCL_f618.png,train,BCL,QUARANTINE_UNCERTIFIED_EMPTY_GT,untrusted empty-GT in contaminated source
BCL_f619.png,/hdd1/hieulc/datacrack/images/training/BCL_f619.png,/hdd1/hieulc/datacrack/annotations/training/BCL_f619.png,train,BCL,QUARANTINE_UNCERTIFIED_EMPTY_GT,untrusted empty-GT in contaminated source
BCL_f620.png,/hdd1/hieulc/datacrack/images/training/BCL_f620.png,/hdd1/hieulc/datacrack/annotations/training/BCL_f620.png,train,BCL,QUARANTINE_UNCERTIFIED_EMPTY_GT,untrusted empty-GT in contaminated source
BCL_f621.png,/hdd1/hieulc/datacrack/images/training/BCL_f621.png,/hdd1/hieulc/datacrack/annotations/training/BCL_f621.png,train,BCL,QUARANTINE_UNCERTIFIED_EMPTY_GT,untrusted empty-GT in contaminated source
BCL_f622.png,/hdd1/hieulc/datacrack/images/training/BCL_f622.png,/hdd1/hieulc/datacrack/annotations/training/BCL_f622.png,train,BCL,QUARANTINE_UNCERTIFIED_EMPTY_GT,untrusted empty-GT in contaminated source
BCL_f623.png,/hdd1/hieulc/datacrack/images/training/BCL_f623.png,/hdd1/hieulc/datacrack/annotations/training/BCL_f623.png,train,BCL,QUARANTINE_UNCERTIFIED_EMPTY_GT,untrusted empty-GT in contaminated source
BCL_f624.png,/hdd1/hieulc/datacrack/images/training/BCL_f624.png,/hdd1/hieulc/datacrack/annotations/training/BCL_f624.png,train,BCL,QUARANTINE_UNCERTIFIED_EMPTY_GT,untrusted empty-GT in contaminated source
BCL_f625.png,/hdd1/hieulc/datacrack/images/training/BCL_f625.png,/hdd1/hieulc/datacrack/annotations/training/BCL_f625.png,train,BCL,QUARANTINE_UNCERTIFIED_EMPTY_GT,untrusted empty-GT in contaminated source
BCL_f626.png,/hdd1/hieulc/datacrack/images/training/BCL_f626.png,/hdd1/hieulc/datacrack/annotations/training/BCL_f626.png,train,BCL,QUARANTINE_UNCERTIFIED_EMPTY_GT,untrusted empty-GT in contaminated source
BCL_f627.png,/hdd1/hieulc/datacrack/images/training/BCL_f627.png,/hdd1/hieulc/datacrack/annotations/training/BCL_f627.png,train,BCL,QUARANTINE_UNCERTIFIED_EMPTY_GT,untrusted empty-GT in contaminated source
BCL_f63.png,/hdd1/hieulc/datacrack/images/training/BCL_f63.png,/hdd1/hieulc/datacrack/annotations/training/BCL_f63.png,train,BCL,QUARANTINE_UNCERTIFIED_EMPTY_GT,untrusted empty-GT in contaminated source
BCL_f630.png,/hdd1/hieulc/datacrack/images/training/BCL_f630.png,/hdd1/hieulc/datacrack/annotations/training/BCL_f630.png,train,BCL,QUARANTINE_UNCERTIFIED_EMPTY_GT,untrusted empty-GT in contaminated source
BCL_f631.png,/hdd1/hieulc/datacrack/images/training/BCL_f631.png,/hdd1/hieulc/datacrack/annotations/training/BCL_f631.png,train,BCL,QUARANTINE_UNCERTIFIED_EMPTY_GT,untrusted empty-GT in contaminated source
BCL_f632.png,/hdd1/hieulc/datacrack/images/training/BCL_f632.png,/hdd1/hieulc/datacrack/annotations/training/BCL_f632.png,train,BCL,QUARANTINE_UNCERTIFIED_EMPTY_GT,untrusted empty-GT in contaminated source
BCL_f633.png,/hdd1/hieulc/datacrack/images/training/BCL_f633.png,/hdd1/hieulc/datacrack/annotations/training/BCL_f633.png,train,BCL,QUARANTINE_UNCERTIFIED_EMPTY_GT,untrusted empty-GT in contaminated source
BCL_f634.png,/hdd1/hieulc/datacrack/images/training/BCL_f634.png,/hdd1/hieulc/datacrack/annotations/training/BCL_f634.png,train,BCL,QUARANTINE_UNCERTIFIED_EMPTY_GT,untrusted empty-GT in contaminated source
BCL_f635.png,/hdd1/hieulc/datacrack/images/training/BCL_f635.png,/hdd1/hieulc/datacrack/annotations/training/BCL_f635.png,train,BCL,QUARANTINE_UNCERTIFIED_EMPTY_GT,untrusted empty-GT in contaminated source
BCL_f637.png,/hdd1/hieulc/datacrack/images/training/BCL_f637.png,/hdd1/hieulc/datacrack/annotations/training/BCL_f637.png,train,BCL,QUARANTINE_UNCERTIFIED_EMPTY_GT,untrusted empty-GT in contaminated source
BCL_f639.png,/hdd1/hieulc/datacrack/images/training/BCL_f639.png,/hdd1/hieulc/datacrack/annotations/training/BCL_f639.png,train,BCL,QUARANTINE_UNCERTIFIED_EMPTY_GT,untrusted empty-GT in contaminated source
BCL_f64.png,/hdd1/hieulc/datacrack/images/training/BCL_f64.png,/hdd1/hieulc/datacrack/annotations/training/BCL_f64.png,train,BCL,QUARANTINE_UNCERTIFIED_EMPTY_GT,untrusted empty-GT in contaminated source
BCL_f640.png,/hdd1/hieulc/datacrack/images/training/BCL_f640.png,/hdd1/hieulc/datacrack/annotations/training/BCL_f640.png,train,BCL,QUARANTINE_UNCERTIFIED_EMPTY_GT,untrusted empty-GT in contaminated source
BCL_f641.png,/hdd1/hieulc/datacrack/images/training/BCL_f641.png,/hdd1/hieulc/datacrack/annotations/training/BCL_f641.png,train,BCL,QUARANTINE_UNCERTIFIED_EMPTY_GT,untrusted empty-GT in contaminated source
BCL_f642.png,/hdd1/hieulc/datacrack/images/training/BCL_f642.png,/hdd1/hieulc/datacrack/annotations/training/BCL_f642.png,train,BCL,QUARANTINE_UNCERTIFIED_EMPTY_GT,untrusted empty-GT in contaminated source
BCL_f643.png,/hdd1/hieulc/datacrack/images/training/BCL_f643.png,/hdd1/hieulc/datacrack/annotations/training/BCL_f643.png,train,BCL,QUARANTINE_UNCERTIFIED_EMPTY_GT,untrusted empty-GT in contaminated source
BCL_f646.png,/hdd1/hieulc/datacrack/images/training/BCL_f646.png,/hdd1/hieulc/datacrack/annotations/training/BCL_f646.png,train,BCL,QUARANTINE_UNCERTIFIED_EMPTY_GT,untrusted empty-GT in contaminated source
BCL_f647.png,/hdd1/hieulc/datacrack/images/training/BCL_f647.png,/hdd1/hieulc/datacrack/annotations/training/BCL_f647.png,train,BCL,QUARANTINE_UNCERTIFIED_EMPTY_GT,untrusted empty-GT in contaminated source
BCL_f648.png,/hdd1/hieulc/datacrack/images/training/BCL_f648.png,/hdd1/hieulc/datacrack/annotations/training/BCL_f648.png,train,BCL,QUARANTINE_UNCERTIFIED_EMPTY_GT,untrusted empty-GT in contaminated source
BCL_f649.png,/hdd1/hieulc/datacrack/images/training/BCL_f649.png,/hdd1/hieulc/datacrack/annotations/training/BCL_f649.png,train,BCL,QUARANTINE_UNCERTIFIED_EMPTY_GT,untrusted empty-GT in contaminated source
BCL_f650.png,/hdd1/hieulc/datacrack/images/training/BCL_f650.png,/hdd1/hieulc/datacrack/annotations/training/BCL_f650.png,train,BCL,QUARANTINE_UNCERTIFIED_EMPTY_GT,untrusted empty-GT in contaminated source
BCL_f652.png,/hdd1/hieulc/datacrack/images/training/BCL_f652.png,/hdd1/hieulc/datacrack/annotations/training/BCL_f652.png,train,BCL,QUARANTINE_UNCERTIFIED_EMPTY_GT,untrusted empty-GT in contaminated source
BCL_f656.png,/hdd1/hieulc/datacrack/images/training/BCL_f656.png,/hdd1/hieulc/datacrack/annotations/training/BCL_f656.png,train,BCL,QUARANTINE_UNCERTIFIED_EMPTY_GT,untrusted empty-GT in contaminated source
BCL_f657.png,/hdd1/hieulc/datacrack/images/training/BCL_f657.png,/hdd1/hieulc/datacrack/annotations/training/BCL_f657.png,train,BCL,QUARANTINE_UNCERTIFIED_EMPTY_GT,untrusted empty-GT in contaminated source
BCL_f658.png,/hdd1/hieulc/datacrack/images/training/BCL_f658.png,/hdd1/hieulc/datacrack/annotations/training/BCL_f658.png,train,BCL,QUARANTINE_UNCERTIFIED_EMPTY_GT,untrusted empty-GT in contaminated source
BCL_f659.png,/hdd1/hieulc/datacrack/images/training/BCL_f659.png,/hdd1/hieulc/datacrack/annotations/training/BCL_f659.png,train,BCL,QUARANTINE_UNCERTIFIED_EMPTY_GT,untrusted empty-GT in contaminated source
BCL_f66.png,/hdd1/hieulc/datacrack/images/training/BCL_f66.png,/hdd1/hieulc/datacrack/annotations/training/BCL_f66.png,train,BCL,QUARANTINE_UNCERTIFIED_EMPTY_GT,untrusted empty-GT in contaminated source
BCL_f661.png,/hdd1/hieulc/datacrack/images/training/BCL_f661.png,/hdd1/hieulc/datacrack/annotations/training/BCL_f661.png,train,BCL,QUARANTINE_UNCERTIFIED_EMPTY_GT,untrusted empty-GT in contaminated source
BCL_f662.png,/hdd1/hieulc/datacrack/images/training/BCL_f662.png,/hdd1/hieulc/datacrack/annotations/training/BCL_f662.png,train,BCL,QUARANTINE_UNCERTIFIED_EMPTY_GT,untrusted empty-GT in contaminated source
BCL_f663.png,/hdd1/hieulc/datacrack/images/training/BCL_f663.png,/hdd1/hieulc/datacrack/annotations/training/BCL_f663.png,train,BCL,QUARANTINE_UNCERTIFIED_EMPTY_GT,untrusted empty-GT in contaminated source
BCL_f664.png,/hdd1/hieulc/datacrack/images/training/BCL_f664.png,/hdd1/hieulc/datacrack/annotations/training/BCL_f664.png,train,BCL,QUARANTINE_UNCERTIFIED_EMPTY_GT,untrusted empty-GT in contaminated source
BCL_f665.png,/hdd1/hieulc/datacrack/images/training/BCL_f665.png,/hdd1/hieulc/datacrack/annotations/training/BCL_f665.png,train,BCL,QUARANTINE_UNCERTIFIED_EMPTY_GT,untrusted empty-GT in contaminated source
BCL_f666.png,/hdd1/hieulc/datacrack/images/training/BCL_f666.png,/hdd1/hieulc/datacrack/annotations/training/BCL_f666.png,train,BCL,QUARANTINE_UNCERTIFIED_EMPTY_GT,untrusted empty-GT in contaminated source
BCL_f667.png,/hdd1/hieulc/datacrack/images/training/BCL_f667.png,/hdd1/hieulc/datacrack/annotations/training/BCL_f667.png,train,BCL,QUARANTINE_UNCERTIFIED_EMPTY_GT,untrusted empty-GT in contaminated source
BCL_f668.png,/hdd1/hieulc/datacrack/images/training/BCL_f668.png,/hdd1/hieulc/datacrack/annotations/training/BCL_f668.png,train,BCL,QUARANTINE_UNCERTIFIED_EMPTY_GT,untrusted empty-GT in contaminated source
BCL_f669.png,/hdd1/hieulc/datacrack/images/training/BCL_f669.png,/hdd1/hieulc/datacrack/annotations/training/BCL_f669.png,train,BCL,QUARANTINE_UNCERTIFIED_EMPTY_GT,untrusted empty-GT in contaminated source
BCL_f67.png,/hdd1/hieulc/datacrack/images/training/BCL_f67.png,/hdd1/hieulc/datacrack/annotations/training/BCL_f67.png,train,BCL,QUARANTINE_UNCERTIFIED_EMPTY_GT,untrusted empty-GT in contaminated source
BCL_f670.png,/hdd1/hieulc/datacrack/images/training/BCL_f670.png,/hdd1/hieulc/datacrack/annotations/training/BCL_f670.png,train,BCL,QUARANTINE_UNCERTIFIED_EMPTY_GT,untrusted empty-GT in contaminated source
BCL_f671.png,/hdd1/hieulc/datacrack/images/training/BCL_f671.png,/hdd1/hieulc/datacrack/annotations/training/BCL_f671.png,train,BCL,QUARANTINE_UNCERTIFIED_EMPTY_GT,untrusted empty-GT in contaminated source
BCL_f672.png,/hdd1/hieulc/datacrack/images/training/BCL_f672.png,/hdd1/hieulc/datacrack/annotations/training/BCL_f672.png,train,BCL,QUARANTINE_UNCERTIFIED_EMPTY_GT,untrusted empty-GT in contaminated source
BCL_f675.png,/hdd1/hieulc/datacrack/images/training/BCL_f675.png,/hdd1/hieulc/datacrack/annotations/training/BCL_f675.png,train,BCL,QUARANTINE_UNCERTIFIED_EMPTY_GT,untrusted empty-GT in contaminated source
BCL_f676.png,/hdd1/hieulc/datacrack/images/training/BCL_f676.png,/hdd1/hieulc/datacrack/annotations/training/BCL_f676.png,train,BCL,QUARANTINE_UNCERTIFIED_EMPTY_GT,untrusted empty-GT in contaminated source
BCL_f677.png,/hdd1/hieulc/datacrack/images/training/BCL_f677.png,/hdd1/hieulc/datacrack/annotations/training/BCL_f677.png,train,BCL,QUARANTINE_UNCERTIFIED_EMPTY_GT,untrusted empty-GT in contaminated source
BCL_f678.png,/hdd1/hieulc/datacrack/images/training/BCL_f678.png,/hdd1/hieulc/datacrack/annotations/training/BCL_f678.png,train,BCL,QUARANTINE_UNCERTIFIED_EMPTY_GT,untrusted empty-GT in contaminated source
BCL_f679.png,/hdd1/hieulc/datacrack/images/training/BCL_f679.png,/hdd1/hieulc/datacrack/annotations/training/BCL_f679.png,train,BCL,QUARANTINE_UNCERTIFIED_EMPTY_GT,untrusted empty-GT in contaminated source
BCL_f68.png,/hdd1/hieulc/datacrack/images/training/BCL_f68.png,/hdd1/hieulc/datacrack/annotations/training/BCL_f68.png,train,BCL,QUARANTINE_UNCERTIFIED_EMPTY_GT,untrusted empty-GT in contaminated source
BCL_f680.png,/hdd1/hieulc/datacrack/images/training/BCL_f680.png,/hdd1/hieulc/datacrack/annotations/training/BCL_f680.png,train,BCL,QUARANTINE_UNCERTIFIED_EMPTY_GT,untrusted empty-GT in contaminated source
BCL_f681.png,/hdd1/hieulc/datacrack/images/training/BCL_f681.png,/hdd1/hieulc/datacrack/annotations/training/BCL_f681.png,train,BCL,QUARANTINE_UNCERTIFIED_EMPTY_GT,untrusted empty-GT in contaminated source
BCL_f682.png,/hdd1/hieulc/datacrack/images/training/BCL_f682.png,/hdd1/hieulc/datacrack/annotations/training/BCL_f682.png,train,BCL,QUARANTINE_UNCERTIFIED_EMPTY_GT,untrusted empty-GT in contaminated source
BCL_f683.png,/hdd1/hieulc/datacrack/images/training/BCL_f683.png,/hdd1/hieulc/datacrack/annotations/training/BCL_f683.png,train,BCL,QUARANTINE_UNCERTIFIED_EMPTY_GT,untrusted empty-GT in contaminated source
BCL_f684.png,/hdd1/hieulc/datacrack/images/training/BCL_f684.png,/hdd1/hieulc/datacrack/annotations/training/BCL_f684.png,train,BCL,QUARANTINE_UNCERTIFIED_EMPTY_GT,untrusted empty-GT in contaminated source
BCL_f685.png,/hdd1/hieulc/datacrack/images/training/BCL_f685.png,/hdd1/hieulc/datacrack/annotations/training/BCL_f685.png,train,BCL,QUARANTINE_UNCERTIFIED_EMPTY_GT,untrusted empty-GT in contaminated source
BCL_f686.png,/hdd1/hieulc/datacrack/images/training/BCL_f686.png,/hdd1/hieulc/datacrack/annotations/training/BCL_f686.png,train,BCL,QUARANTINE_UNCERTIFIED_EMPTY_GT,untrusted empty-GT in contaminated source
BCL_f687.png,/hdd1/hieulc/datacrack/images/training/BCL_f687.png,/hdd1/hieulc/datacrack/annotations/training/BCL_f687.png,train,BCL,QUARANTINE_UNCERTIFIED_EMPTY_GT,untrusted empty-GT in contaminated source
BCL_f69.png,/hdd1/hieulc/datacrack/images/training/BCL_f69.png,/hdd1/hieulc/datacrack/annotations/training/BCL_f69.png,train,BCL,QUARANTINE_UNCERTIFIED_EMPTY_GT,untrusted empty-GT in contaminated source
BCL_f691.png,/hdd1/hieulc/datacrack/images/training/BCL_f691.png,/hdd1/hieulc/datacrack/annotations/training/BCL_f691.png,train,BCL,QUARANTINE_UNCERTIFIED_EMPTY_GT,untrusted empty-GT in contaminated source
BCL_f692.png,/hdd1/hieulc/datacrack/images/training/BCL_f692.png,/hdd1/hieulc/datacrack/annotations/training/BCL_f692.png,train,BCL,QUARANTINE_UNCERTIFIED_EMPTY_GT,untrusted empty-GT in contaminated source
BCL_f693.png,/hdd1/hieulc/datacrack/images/training/BCL_f693.png,/hdd1/hieulc/datacrack/annotations/training/BCL_f693.png,train,BCL,QUARANTINE_UNCERTIFIED_EMPTY_GT,untrusted empty-GT in contaminated source
BCL_f694.png,/hdd1/hieulc/datacrack/images/training/BCL_f694.png,/hdd1/hieulc/datacrack/annotations/training/BCL_f694.png,train,BCL,QUARANTINE_UNCERTIFIED_EMPTY_GT,untrusted empty-GT in contaminated source
BCL_f695.png,/hdd1/hieulc/datacrack/images/training/BCL_f695.png,/hdd1/hieulc/datacrack/annotations/training/BCL_f695.png,train,BCL,QUARANTINE_UNCERTIFIED_EMPTY_GT,untrusted empty-GT in contaminated source
BCL_f697.png,/hdd1/hieulc/datacrack/images/training/BCL_f697.png,/hdd1/hieulc/datacrack/annotations/training/BCL_f697.png,train,BCL,QUARANTINE_UNCERTIFIED_EMPTY_GT,untrusted empty-GT in contaminated source
BCL_f699.png,/hdd1/hieulc/datacrack/images/training/BCL_f699.png,/hdd1/hieulc/datacrack/annotations/training/BCL_f699.png,train,BCL,QUARANTINE_UNCERTIFIED_EMPTY_GT,untrusted empty-GT in contaminated source
BCL_f7.png,/hdd1/hieulc/datacrack/images/training/BCL_f7.png,/hdd1/hieulc/datacrack/annotations/training/BCL_f7.png,train,BCL,QUARANTINE_UNCERTIFIED_EMPTY_GT,untrusted empty-GT in contaminated source
BCL_f70.png,/hdd1/hieulc/datacrack/images/training/BCL_f70.png,/hdd1/hieulc/datacrack/annotations/training/BCL_f70.png,train,BCL,QUARANTINE_UNCERTIFIED_EMPTY_GT,untrusted empty-GT in contaminated source
BCL_f700.png,/hdd1/hieulc/datacrack/images/training/BCL_f700.png,/hdd1/hieulc/datacrack/annotations/training/BCL_f700.png,train,BCL,QUARANTINE_UNCERTIFIED_EMPTY_GT,untrusted empty-GT in contaminated source
BCL_f701.png,/hdd1/hieulc/datacrack/images/training/BCL_f701.png,/hdd1/hieulc/datacrack/annotations/training/BCL_f701.png,train,BCL,QUARANTINE_UNCERTIFIED_EMPTY_GT,untrusted empty-GT in contaminated source
BCL_f702.png,/hdd1/hieulc/datacrack/images/training/BCL_f702.png,/hdd1/hieulc/datacrack/annotations/training/BCL_f702.png,train,BCL,QUARANTINE_UNCERTIFIED_EMPTY_GT,untrusted empty-GT in contaminated source
BCL_f704.png,/hdd1/hieulc/datacrack/images/training/BCL_f704.png,/hdd1/hieulc/datacrack/annotations/training/BCL_f704.png,train,BCL,QUARANTINE_UNCERTIFIED_EMPTY_GT,untrusted empty-GT in contaminated source
BCL_f705.png,/hdd1/hieulc/datacrack/images/training/BCL_f705.png,/hdd1/hieulc/datacrack/annotations/training/BCL_f705.png,train,BCL,QUARANTINE_UNCERTIFIED_EMPTY_GT,untrusted empty-GT in contaminated source
BCL_f707.png,/hdd1/hieulc/datacrack/images/training/BCL_f707.png,/hdd1/hieulc/datacrack/annotations/training/BCL_f707.png,train,BCL,QUARANTINE_UNCERTIFIED_EMPTY_GT,untrusted empty-GT in contaminated source
BCL_f709.png,/hdd1/hieulc/datacrack/images/training/BCL_f709.png,/hdd1/hieulc/datacrack/annotations/training/BCL_f709.png,train,BCL,QUARANTINE_UNCERTIFIED_EMPTY_GT,untrusted empty-GT in contaminated source
BCL_f71.png,/hdd1/hieulc/datacrack/images/training/BCL_f71.png,/hdd1/hieulc/datacrack/annotations/training/BCL_f71.png,train,BCL,QUARANTINE_UNCERTIFIED_EMPTY_GT,untrusted empty-GT in contaminated source
BCL_f710.png,/hdd1/hieulc/datacrack/images/training/BCL_f710.png,/hdd1/hieulc/datacrack/annotations/training/BCL_f710.png,train,BCL,QUARANTINE_UNCERTIFIED_EMPTY_GT,untrusted empty-GT in contaminated source
BCL_f711.png,/hdd1/hieulc/datacrack/images/training/BCL_f711.png,/hdd1/hieulc/datacrack/annotations/training/BCL_f711.png,train,BCL,QUARANTINE_UNCERTIFIED_EMPTY_GT,untrusted empty-GT in contaminated source
BCL_f712.png,/hdd1/hieulc/datacrack/images/training/BCL_f712.png,/hdd1/hieulc/datacrack/annotations/training/BCL_f712.png,train,BCL,QUARANTINE_UNCERTIFIED_EMPTY_GT,untrusted empty-GT in contaminated source
BCL_f713.png,/hdd1/hieulc/datacrack/images/training/BCL_f713.png,/hdd1/hieulc/datacrack/annotations/training/BCL_f713.png,train,BCL,QUARANTINE_UNCERTIFIED_EMPTY_GT,untrusted empty-GT in contaminated source
BCL_f714.png,/hdd1/hieulc/datacrack/images/training/BCL_f714.png,/hdd1/hieulc/datacrack/annotations/training/BCL_f714.png,train,BCL,QUARANTINE_UNCERTIFIED_EMPTY_GT,untrusted empty-GT in contaminated source
BCL_f715.png,/hdd1/hieulc/datacrack/images/training/BCL_f715.png,/hdd1/hieulc/datacrack/annotations/training/BCL_f715.png,train,BCL,QUARANTINE_UNCERTIFIED_EMPTY_GT,untrusted empty-GT in contaminated source
BCL_f716.png,/hdd1/hieulc/datacrack/images/training/BCL_f716.png,/hdd1/hieulc/datacrack/annotations/training/BCL_f716.png,train,BCL,QUARANTINE_UNCERTIFIED_EMPTY_GT,untrusted empty-GT in contaminated source
BCL_f717.png,/hdd1/hieulc/datacrack/images/training/BCL_f717.png,/hdd1/hieulc/datacrack/annotations/training/BCL_f717.png,train,BCL,QUARANTINE_UNCERTIFIED_EMPTY_GT,untrusted empty-GT in contaminated source
BCL_f718.png,/hdd1/hieulc/datacrack/images/training/BCL_f718.png,/hdd1/hieulc/datacrack/annotations/training/BCL_f718.png,train,BCL,QUARANTINE_UNCERTIFIED_EMPTY_GT,untrusted empty-GT in contaminated source
BCL_f719.png,/hdd1/hieulc/datacrack/images/training/BCL_f719.png,/hdd1/hieulc/datacrack/annotations/training/BCL_f719.png,train,BCL,QUARANTINE_UNCERTIFIED_EMPTY_GT,untrusted empty-GT in contaminated source
BCL_f72.png,/hdd1/hieulc/datacrack/images/training/BCL_f72.png,/hdd1/hieulc/datacrack/annotations/training/BCL_f72.png,train,BCL,QUARANTINE_UNCERTIFIED_EMPTY_GT,untrusted empty-GT in contaminated source
BCL_f720.png,/hdd1/hieulc/datacrack/images/training/BCL_f720.png,/hdd1/hieulc/datacrack/annotations/training/BCL_f720.png,train,BCL,QUARANTINE_UNCERTIFIED_EMPTY_GT,untrusted empty-GT in contaminated source
BCL_f721.png,/hdd1/hieulc/datacrack/images/training/BCL_f721.png,/hdd1/hieulc/datacrack/annotations/training/BCL_f721.png,train,BCL,QUARANTINE_UNCERTIFIED_EMPTY_GT,untrusted empty-GT in contaminated source
BCL_f722.png,/hdd1/hieulc/datacrack/images/training/BCL_f722.png,/hdd1/hieulc/datacrack/annotations/training/BCL_f722.png,train,BCL,QUARANTINE_UNCERTIFIED_EMPTY_GT,untrusted empty-GT in contaminated source
BCL_f723.png,/hdd1/hieulc/datacrack/images/training/BCL_f723.png,/hdd1/hieulc/datacrack/annotations/training/BCL_f723.png,train,BCL,QUARANTINE_UNCERTIFIED_EMPTY_GT,untrusted empty-GT in contaminated source
BCL_f724.png,/hdd1/hieulc/datacrack/images/training/BCL_f724.png,/hdd1/hieulc/datacrack/annotations/training/BCL_f724.png,train,BCL,QUARANTINE_UNCERTIFIED_EMPTY_GT,untrusted empty-GT in contaminated source
BCL_f725.png,/hdd1/hieulc/datacrack/images/training/BCL_f725.png,/hdd1/hieulc/datacrack/annotations/training/BCL_f725.png,train,BCL,QUARANTINE_UNCERTIFIED_EMPTY_GT,untrusted empty-GT in contaminated source
BCL_f726.png,/hdd1/hieulc/datacrack/images/training/BCL_f726.png,/hdd1/hieulc/datacrack/annotations/training/BCL_f726.png,train,BCL,QUARANTINE_UNCERTIFIED_EMPTY_GT,untrusted empty-GT in contaminated source
BCL_f728.png,/hdd1/hieulc/datacrack/images/training/BCL_f728.png,/hdd1/hieulc/datacrack/annotations/training/BCL_f728.png,train,BCL,QUARANTINE_UNCERTIFIED_EMPTY_GT,untrusted empty-GT in contaminated source
BCL_f729.png,/hdd1/hieulc/datacrack/images/training/BCL_f729.png,/hdd1/hieulc/datacrack/annotations/training/BCL_f729.png,train,BCL,QUARANTINE_UNCERTIFIED_EMPTY_GT,untrusted empty-GT in contaminated source
BCL_f73.png,/hdd1/hieulc/datacrack/images/training/BCL_f73.png,/hdd1/hieulc/datacrack/annotations/training/BCL_f73.png,train,BCL,QUARANTINE_UNCERTIFIED_EMPTY_GT,untrusted empty-GT in contaminated source
BCL_f730.png,/hdd1/hieulc/datacrack/images/training/BCL_f730.png,/hdd1/hieulc/datacrack/annotations/training/BCL_f730.png,train,BCL,QUARANTINE_UNCERTIFIED_EMPTY_GT,untrusted empty-GT in contaminated source
BCL_f732.png,/hdd1/hieulc/datacrack/images/training/BCL_f732.png,/hdd1/hieulc/datacrack/annotations/training/BCL_f732.png,train,BCL,QUARANTINE_UNCERTIFIED_EMPTY_GT,untrusted empty-GT in contaminated source
BCL_f733.png,/hdd1/hieulc/datacrack/images/training/BCL_f733.png,/hdd1/hieulc/datacrack/annotations/training/BCL_f733.png,train,BCL,QUARANTINE_UNCERTIFIED_EMPTY_GT,untrusted empty-GT in contaminated source
BCL_f734.png,/hdd1/hieulc/datacrack/images/training/BCL_f734.png,/hdd1/hieulc/datacrack/annotations/training/BCL_f734.png,train,BCL,QUARANTINE_UNCERTIFIED_EMPTY_GT,untrusted empty-GT in contaminated source
BCL_f735.png,/hdd1/hieulc/datacrack/images/training/BCL_f735.png,/hdd1/hieulc/datacrack/annotations/training/BCL_f735.png,train,BCL,QUARANTINE_UNCERTIFIED_EMPTY_GT,untrusted empty-GT in contaminated source
BCL_f736.png,/hdd1/hieulc/datacrack/images/training/BCL_f736.png,/hdd1/hieulc/datacrack/annotations/training/BCL_f736.png,train,BCL,QUARANTINE_UNCERTIFIED_EMPTY_GT,untrusted empty-GT in contaminated source
BCL_f738.png,/hdd1/hieulc/datacrack/images/training/BCL_f738.png,/hdd1/hieulc/datacrack/annotations/training/BCL_f738.png,train,BCL,QUARANTINE_UNCERTIFIED_EMPTY_GT,untrusted empty-GT in contaminated source
BCL_f739.png,/hdd1/hieulc/datacrack/images/training/BCL_f739.png,/hdd1/hieulc/datacrack/annotations/training/BCL_f739.png,train,BCL,QUARANTINE_UNCERTIFIED_EMPTY_GT,untrusted empty-GT in contaminated source
BCL_f74.png,/hdd1/hieulc/datacrack/images/training/BCL_f74.png,/hdd1/hieulc/datacrack/annotations/training/BCL_f74.png,train,BCL,QUARANTINE_UNCERTIFIED_EMPTY_GT,untrusted empty-GT in contaminated source
BCL_f740.png,/hdd1/hieulc/datacrack/images/training/BCL_f740.png,/hdd1/hieulc/datacrack/annotations/training/BCL_f740.png,train,BCL,QUARANTINE_UNCERTIFIED_EMPTY_GT,untrusted empty-GT in contaminated source
BCL_f741.png,/hdd1/hieulc/datacrack/images/training/BCL_f741.png,/hdd1/hieulc/datacrack/annotations/training/BCL_f741.png,train,BCL,QUARANTINE_UNCERTIFIED_EMPTY_GT,untrusted empty-GT in contaminated source
BCL_f742.png,/hdd1/hieulc/datacrack/images/training/BCL_f742.png,/hdd1/hieulc/datacrack/annotations/training/BCL_f742.png,train,BCL,QUARANTINE_UNCERTIFIED_EMPTY_GT,untrusted empty-GT in contaminated source
BCL_f743.png,/hdd1/hieulc/datacrack/images/training/BCL_f743.png,/hdd1/hieulc/datacrack/annotations/training/BCL_f743.png,train,BCL,QUARANTINE_UNCERTIFIED_EMPTY_GT,untrusted empty-GT in contaminated source
BCL_f744.png,/hdd1/hieulc/datacrack/images/training/BCL_f744.png,/hdd1/hieulc/datacrack/annotations/training/BCL_f744.png,train,BCL,QUARANTINE_UNCERTIFIED_EMPTY_GT,untrusted empty-GT in contaminated source
BCL_f745.png,/hdd1/hieulc/datacrack/images/training/BCL_f745.png,/hdd1/hieulc/datacrack/annotations/training/BCL_f745.png,train,BCL,QUARANTINE_UNCERTIFIED_EMPTY_GT,untrusted empty-GT in contaminated source
BCL_f746.png,/hdd1/hieulc/datacrack/images/training/BCL_f746.png,/hdd1/hieulc/datacrack/annotations/training/BCL_f746.png,train,BCL,QUARANTINE_UNCERTIFIED_EMPTY_GT,untrusted empty-GT in contaminated source
BCL_f747.png,/hdd1/hieulc/datacrack/images/training/BCL_f747.png,/hdd1/hieulc/datacrack/annotations/training/BCL_f747.png,train,BCL,QUARANTINE_UNCERTIFIED_EMPTY_GT,untrusted empty-GT in contaminated source
BCL_f748.png,/hdd1/hieulc/datacrack/images/training/BCL_f748.png,/hdd1/hieulc/datacrack/annotations/training/BCL_f748.png,train,BCL,QUARANTINE_UNCERTIFIED_EMPTY_GT,untrusted empty-GT in contaminated source
BCL_f749.png,/hdd1/hieulc/datacrack/images/training/BCL_f749.png,/hdd1/hieulc/datacrack/annotations/training/BCL_f749.png,train,BCL,QUARANTINE_UNCERTIFIED_EMPTY_GT,untrusted empty-GT in contaminated source
BCL_f75.png,/hdd1/hieulc/datacrack/images/training/BCL_f75.png,/hdd1/hieulc/datacrack/annotations/training/BCL_f75.png,train,BCL,QUARANTINE_UNCERTIFIED_EMPTY_GT,untrusted empty-GT in contaminated source
BCL_f751.png,/hdd1/hieulc/datacrack/images/training/BCL_f751.png,/hdd1/hieulc/datacrack/annotations/training/BCL_f751.png,train,BCL,QUARANTINE_UNCERTIFIED_EMPTY_GT,untrusted empty-GT in contaminated source
BCL_f752.png,/hdd1/hieulc/datacrack/images/training/BCL_f752.png,/hdd1/hieulc/datacrack/annotations/training/BCL_f752.png,train,BCL,QUARANTINE_UNCERTIFIED_EMPTY_GT,untrusted empty-GT in contaminated source
BCL_f753.png,/hdd1/hieulc/datacrack/images/training/BCL_f753.png,/hdd1/hieulc/datacrack/annotations/training/BCL_f753.png,train,BCL,QUARANTINE_UNCERTIFIED_EMPTY_GT,untrusted empty-GT in contaminated source
BCL_f755.png,/hdd1/hieulc/datacrack/images/training/BCL_f755.png,/hdd1/hieulc/datacrack/annotations/training/BCL_f755.png,train,BCL,QUARANTINE_UNCERTIFIED_EMPTY_GT,untrusted empty-GT in contaminated source
BCL_f756.png,/hdd1/hieulc/datacrack/images/training/BCL_f756.png,/hdd1/hieulc/datacrack/annotations/training/BCL_f756.png,train,BCL,QUARANTINE_UNCERTIFIED_EMPTY_GT,untrusted empty-GT in contaminated source
BCL_f757.png,/hdd1/hieulc/datacrack/images/training/BCL_f757.png,/hdd1/hieulc/datacrack/annotations/training/BCL_f757.png,train,BCL,QUARANTINE_UNCERTIFIED_EMPTY_GT,untrusted empty-GT in contaminated source
BCL_f758.png,/hdd1/hieulc/datacrack/images/training/BCL_f758.png,/hdd1/hieulc/datacrack/annotations/training/BCL_f758.png,train,BCL,QUARANTINE_UNCERTIFIED_EMPTY_GT,untrusted empty-GT in contaminated source
BCL_f759.png,/hdd1/hieulc/datacrack/images/training/BCL_f759.png,/hdd1/hieulc/datacrack/annotations/training/BCL_f759.png,train,BCL,QUARANTINE_UNCERTIFIED_EMPTY_GT,untrusted empty-GT in contaminated source
BCL_f76.png,/hdd1/hieulc/datacrack/images/training/BCL_f76.png,/hdd1/hieulc/datacrack/annotations/training/BCL_f76.png,train,BCL,QUARANTINE_UNCERTIFIED_EMPTY_GT,untrusted empty-GT in contaminated source
BCL_f760.png,/hdd1/hieulc/datacrack/images/training/BCL_f760.png,/hdd1/hieulc/datacrack/annotations/training/BCL_f760.png,train,BCL,QUARANTINE_UNCERTIFIED_EMPTY_GT,untrusted empty-GT in contaminated source
BCL_f761.png,/hdd1/hieulc/datacrack/images/training/BCL_f761.png,/hdd1/hieulc/datacrack/annotations/training/BCL_f761.png,train,BCL,QUARANTINE_UNCERTIFIED_EMPTY_GT,untrusted empty-GT in contaminated source
BCL_f762.png,/hdd1/hieulc/datacrack/images/training/BCL_f762.png,/hdd1/hieulc/datacrack/annotations/training/BCL_f762.png,train,BCL,QUARANTINE_UNCERTIFIED_EMPTY_GT,untrusted empty-GT in contaminated source
BCL_f763.png,/hdd1/hieulc/datacrack/images/training/BCL_f763.png,/hdd1/hieulc/datacrack/annotations/training/BCL_f763.png,train,BCL,QUARANTINE_UNCERTIFIED_EMPTY_GT,untrusted empty-GT in contaminated source
BCL_f764.png,/hdd1/hieulc/datacrack/images/training/BCL_f764.png,/hdd1/hieulc/datacrack/annotations/training/BCL_f764.png,train,BCL,QUARANTINE_UNCERTIFIED_EMPTY_GT,untrusted empty-GT in contaminated source
BCL_f765.png,/hdd1/hieulc/datacrack/images/training/BCL_f765.png,/hdd1/hieulc/datacrack/annotations/training/BCL_f765.png,train,BCL,QUARANTINE_UNCERTIFIED_EMPTY_GT,untrusted empty-GT in contaminated source
BCL_f768.png,/hdd1/hieulc/datacrack/images/training/BCL_f768.png,/hdd1/hieulc/datacrack/annotations/training/BCL_f768.png,train,BCL,QUARANTINE_UNCERTIFIED_EMPTY_GT,untrusted empty-GT in contaminated source
BCL_f77.png,/hdd1/hieulc/datacrack/images/training/BCL_f77.png,/hdd1/hieulc/datacrack/annotations/training/BCL_f77.png,train,BCL,QUARANTINE_UNCERTIFIED_EMPTY_GT,untrusted empty-GT in contaminated source
BCL_f770.png,/hdd1/hieulc/datacrack/images/training/BCL_f770.png,/hdd1/hieulc/datacrack/annotations/training/BCL_f770.png,train,BCL,QUARANTINE_UNCERTIFIED_EMPTY_GT,untrusted empty-GT in contaminated source
BCL_f771.png,/hdd1/hieulc/datacrack/images/training/BCL_f771.png,/hdd1/hieulc/datacrack/annotations/training/BCL_f771.png,train,BCL,QUARANTINE_UNCERTIFIED_EMPTY_GT,untrusted empty-GT in contaminated source
BCL_f772.png,/hdd1/hieulc/datacrack/images/training/BCL_f772.png,/hdd1/hieulc/datacrack/annotations/training/BCL_f772.png,train,BCL,QUARANTINE_UNCERTIFIED_EMPTY_GT,untrusted empty-GT in contaminated source
BCL_f773.png,/hdd1/hieulc/datacrack/images/training/BCL_f773.png,/hdd1/hieulc/datacrack/annotations/training/BCL_f773.png,train,BCL,QUARANTINE_UNCERTIFIED_EMPTY_GT,untrusted empty-GT in contaminated source
BCL_f774.png,/hdd1/hieulc/datacrack/images/training/BCL_f774.png,/hdd1/hieulc/datacrack/annotations/training/BCL_f774.png,train,BCL,QUARANTINE_UNCERTIFIED_EMPTY_GT,untrusted empty-GT in contaminated source
BCL_f776.png,/hdd1/hieulc/datacrack/images/training/BCL_f776.png,/hdd1/hieulc/datacrack/annotations/training/BCL_f776.png,train,BCL,QUARANTINE_UNCERTIFIED_EMPTY_GT,untrusted empty-GT in contaminated source
BCL_f777.png,/hdd1/hieulc/datacrack/images/training/BCL_f777.png,/hdd1/hieulc/datacrack/annotations/training/BCL_f777.png,train,BCL,QUARANTINE_UNCERTIFIED_EMPTY_GT,untrusted empty-GT in contaminated source
BCL_f778.png,/hdd1/hieulc/datacrack/images/training/BCL_f778.png,/hdd1/hieulc/datacrack/annotations/training/BCL_f778.png,train,BCL,QUARANTINE_UNCERTIFIED_EMPTY_GT,untrusted empty-GT in contaminated source
BCL_f78.png,/hdd1/hieulc/datacrack/images/training/BCL_f78.png,/hdd1/hieulc/datacrack/annotations/training/BCL_f78.png,train,BCL,QUARANTINE_UNCERTIFIED_EMPTY_GT,untrusted empty-GT in contaminated source
BCL_f780.png,/hdd1/hieulc/datacrack/images/training/BCL_f780.png,/hdd1/hieulc/datacrack/annotations/training/BCL_f780.png,train,BCL,QUARANTINE_UNCERTIFIED_EMPTY_GT,untrusted empty-GT in contaminated source
BCL_f781.png,/hdd1/hieulc/datacrack/images/training/BCL_f781.png,/hdd1/hieulc/datacrack/annotations/training/BCL_f781.png,train,BCL,QUARANTINE_UNCERTIFIED_EMPTY_GT,untrusted empty-GT in contaminated source
BCL_f782.png,/hdd1/hieulc/datacrack/images/training/BCL_f782.png,/hdd1/hieulc/datacrack/annotations/training/BCL_f782.png,train,BCL,QUARANTINE_UNCERTIFIED_EMPTY_GT,untrusted empty-GT in contaminated source
BCL_f783.png,/hdd1/hieulc/datacrack/images/training/BCL_f783.png,/hdd1/hieulc/datacrack/annotations/training/BCL_f783.png,train,BCL,QUARANTINE_UNCERTIFIED_EMPTY_GT,untrusted empty-GT in contaminated source
BCL_f785.png,/hdd1/hieulc/datacrack/images/training/BCL_f785.png,/hdd1/hieulc/datacrack/annotations/training/BCL_f785.png,train,BCL,QUARANTINE_UNCERTIFIED_EMPTY_GT,untrusted empty-GT in contaminated source
BCL_f786.png,/hdd1/hieulc/datacrack/images/training/BCL_f786.png,/hdd1/hieulc/datacrack/annotations/training/BCL_f786.png,train,BCL,QUARANTINE_UNCERTIFIED_EMPTY_GT,untrusted empty-GT in contaminated source
BCL_f787.png,/hdd1/hieulc/datacrack/images/training/BCL_f787.png,/hdd1/hieulc/datacrack/annotations/training/BCL_f787.png,train,BCL,QUARANTINE_UNCERTIFIED_EMPTY_GT,untrusted empty-GT in contaminated source
BCL_f788.png,/hdd1/hieulc/datacrack/images/training/BCL_f788.png,/hdd1/hieulc/datacrack/annotations/training/BCL_f788.png,train,BCL,QUARANTINE_UNCERTIFIED_EMPTY_GT,untrusted empty-GT in contaminated source
BCL_f789.png,/hdd1/hieulc/datacrack/images/training/BCL_f789.png,/hdd1/hieulc/datacrack/annotations/training/BCL_f789.png,train,BCL,QUARANTINE_UNCERTIFIED_EMPTY_GT,untrusted empty-GT in contaminated source
BCL_f79.png,/hdd1/hieulc/datacrack/images/training/BCL_f79.png,/hdd1/hieulc/datacrack/annotations/training/BCL_f79.png,train,BCL,QUARANTINE_UNCERTIFIED_EMPTY_GT,untrusted empty-GT in contaminated source
BCL_f790.png,/hdd1/hieulc/datacrack/images/training/BCL_f790.png,/hdd1/hieulc/datacrack/annotations/training/BCL_f790.png,train,BCL,QUARANTINE_UNCERTIFIED_EMPTY_GT,untrusted empty-GT in contaminated source
BCL_f791.png,/hdd1/hieulc/datacrack/images/training/BCL_f791.png,/hdd1/hieulc/datacrack/annotations/training/BCL_f791.png,train,BCL,QUARANTINE_UNCERTIFIED_EMPTY_GT,untrusted empty-GT in contaminated source
BCL_f792.png,/hdd1/hieulc/datacrack/images/training/BCL_f792.png,/hdd1/hieulc/datacrack/annotations/training/BCL_f792.png,train,BCL,QUARANTINE_UNCERTIFIED_EMPTY_GT,untrusted empty-GT in contaminated source
BCL_f793.png,/hdd1/hieulc/datacrack/images/training/BCL_f793.png,/hdd1/hieulc/datacrack/annotations/training/BCL_f793.png,train,BCL,QUARANTINE_UNCERTIFIED_EMPTY_GT,untrusted empty-GT in contaminated source
BCL_f794.png,/hdd1/hieulc/datacrack/images/training/BCL_f794.png,/hdd1/hieulc/datacrack/annotations/training/BCL_f794.png,train,BCL,QUARANTINE_UNCERTIFIED_EMPTY_GT,untrusted empty-GT in contaminated source
BCL_f795.png,/hdd1/hieulc/datacrack/images/training/BCL_f795.png,/hdd1/hieulc/datacrack/annotations/training/BCL_f795.png,train,BCL,QUARANTINE_UNCERTIFIED_EMPTY_GT,untrusted empty-GT in contaminated source
BCL_f796.png,/hdd1/hieulc/datacrack/images/training/BCL_f796.png,/hdd1/hieulc/datacrack/annotations/training/BCL_f796.png,train,BCL,QUARANTINE_UNCERTIFIED_EMPTY_GT,untrusted empty-GT in contaminated source
BCL_f798.png,/hdd1/hieulc/datacrack/images/training/BCL_f798.png,/hdd1/hieulc/datacrack/annotations/training/BCL_f798.png,train,BCL,QUARANTINE_UNCERTIFIED_EMPTY_GT,untrusted empty-GT in contaminated source
BCL_f8.png,/hdd1/hieulc/datacrack/images/training/BCL_f8.png,/hdd1/hieulc/datacrack/annotations/training/BCL_f8.png,train,BCL,QUARANTINE_UNCERTIFIED_EMPTY_GT,untrusted empty-GT in contaminated source
BCL_f80.png,/hdd1/hieulc/datacrack/images/training/BCL_f80.png,/hdd1/hieulc/datacrack/annotations/training/BCL_f80.png,train,BCL,QUARANTINE_UNCERTIFIED_EMPTY_GT,untrusted empty-GT in contaminated source
BCL_f800.png,/hdd1/hieulc/datacrack/images/training/BCL_f800.png,/hdd1/hieulc/datacrack/annotations/training/BCL_f800.png,train,BCL,QUARANTINE_UNCERTIFIED_EMPTY_GT,untrusted empty-GT in contaminated source
BCL_f801.png,/hdd1/hieulc/datacrack/images/training/BCL_f801.png,/hdd1/hieulc/datacrack/annotations/training/BCL_f801.png,train,BCL,QUARANTINE_UNCERTIFIED_EMPTY_GT,untrusted empty-GT in contaminated source
BCL_f802.png,/hdd1/hieulc/datacrack/images/training/BCL_f802.png,/hdd1/hieulc/datacrack/annotations/training/BCL_f802.png,train,BCL,QUARANTINE_UNCERTIFIED_EMPTY_GT,untrusted empty-GT in contaminated source
BCL_f803.png,/hdd1/hieulc/datacrack/images/training/BCL_f803.png,/hdd1/hieulc/datacrack/annotations/training/BCL_f803.png,train,BCL,QUARANTINE_UNCERTIFIED_EMPTY_GT,untrusted empty-GT in contaminated source
BCL_f804.png,/hdd1/hieulc/datacrack/images/training/BCL_f804.png,/hdd1/hieulc/datacrack/annotations/training/BCL_f804.png,train,BCL,QUARANTINE_UNCERTIFIED_EMPTY_GT,untrusted empty-GT in contaminated source
BCL_f805.png,/hdd1/hieulc/datacrack/images/training/BCL_f805.png,/hdd1/hieulc/datacrack/annotations/training/BCL_f805.png,train,BCL,QUARANTINE_UNCERTIFIED_EMPTY_GT,untrusted empty-GT in contaminated source
BCL_f806.png,/hdd1/hieulc/datacrack/images/training/BCL_f806.png,/hdd1/hieulc/datacrack/annotations/training/BCL_f806.png,train,BCL,QUARANTINE_UNCERTIFIED_EMPTY_GT,untrusted empty-GT in contaminated source
BCL_f807.png,/hdd1/hieulc/datacrack/images/training/BCL_f807.png,/hdd1/hieulc/datacrack/annotations/training/BCL_f807.png,train,BCL,QUARANTINE_UNCERTIFIED_EMPTY_GT,untrusted empty-GT in contaminated source
BCL_f808.png,/hdd1/hieulc/datacrack/images/training/BCL_f808.png,/hdd1/hieulc/datacrack/annotations/training/BCL_f808.png,train,BCL,QUARANTINE_UNCERTIFIED_EMPTY_GT,untrusted empty-GT in contaminated source
BCL_f809.png,/hdd1/hieulc/datacrack/images/training/BCL_f809.png,/hdd1/hieulc/datacrack/annotations/training/BCL_f809.png,train,BCL,QUARANTINE_UNCERTIFIED_EMPTY_GT,untrusted empty-GT in contaminated source
BCL_f81.png,/hdd1/hieulc/datacrack/images/training/BCL_f81.png,/hdd1/hieulc/datacrack/annotations/training/BCL_f81.png,train,BCL,QUARANTINE_UNCERTIFIED_EMPTY_GT,untrusted empty-GT in contaminated source
BCL_f810.png,/hdd1/hieulc/datacrack/images/training/BCL_f810.png,/hdd1/hieulc/datacrack/annotations/training/BCL_f810.png,train,BCL,QUARANTINE_UNCERTIFIED_EMPTY_GT,untrusted empty-GT in contaminated source
BCL_f811.png,/hdd1/hieulc/datacrack/images/training/BCL_f811.png,/hdd1/hieulc/datacrack/annotations/training/BCL_f811.png,train,BCL,QUARANTINE_UNCERTIFIED_EMPTY_GT,untrusted empty-GT in contaminated source
BCL_f812.png,/hdd1/hieulc/datacrack/images/training/BCL_f812.png,/hdd1/hieulc/datacrack/annotations/training/BCL_f812.png,train,BCL,QUARANTINE_UNCERTIFIED_EMPTY_GT,untrusted empty-GT in contaminated source
BCL_f814.png,/hdd1/hieulc/datacrack/images/training/BCL_f814.png,/hdd1/hieulc/datacrack/annotations/training/BCL_f814.png,train,BCL,QUARANTINE_UNCERTIFIED_EMPTY_GT,untrusted empty-GT in contaminated source
BCL_f815.png,/hdd1/hieulc/datacrack/images/training/BCL_f815.png,/hdd1/hieulc/datacrack/annotations/training/BCL_f815.png,train,BCL,QUARANTINE_UNCERTIFIED_EMPTY_GT,untrusted empty-GT in contaminated source
BCL_f816.png,/hdd1/hieulc/datacrack/images/training/BCL_f816.png,/hdd1/hieulc/datacrack/annotations/training/BCL_f816.png,train,BCL,QUARANTINE_UNCERTIFIED_EMPTY_GT,untrusted empty-GT in contaminated source
BCL_f818.png,/hdd1/hieulc/datacrack/images/training/BCL_f818.png,/hdd1/hieulc/datacrack/annotations/training/BCL_f818.png,train,BCL,QUARANTINE_UNCERTIFIED_EMPTY_GT,untrusted empty-GT in contaminated source
BCL_f819.png,/hdd1/hieulc/datacrack/images/training/BCL_f819.png,/hdd1/hieulc/datacrack/annotations/training/BCL_f819.png,train,BCL,QUARANTINE_UNCERTIFIED_EMPTY_GT,untrusted empty-GT in contaminated source
BCL_f82.png,/hdd1/hieulc/datacrack/images/training/BCL_f82.png,/hdd1/hieulc/datacrack/annotations/training/BCL_f82.png,train,BCL,QUARANTINE_UNCERTIFIED_EMPTY_GT,untrusted empty-GT in contaminated source
BCL_f820.png,/hdd1/hieulc/datacrack/images/training/BCL_f820.png,/hdd1/hieulc/datacrack/annotations/training/BCL_f820.png,train,BCL,QUARANTINE_UNCERTIFIED_EMPTY_GT,untrusted empty-GT in contaminated source
BCL_f821.png,/hdd1/hieulc/datacrack/images/training/BCL_f821.png,/hdd1/hieulc/datacrack/annotations/training/BCL_f821.png,train,BCL,QUARANTINE_UNCERTIFIED_EMPTY_GT,untrusted empty-GT in contaminated source
BCL_f822.png,/hdd1/hieulc/datacrack/images/training/BCL_f822.png,/hdd1/hieulc/datacrack/annotations/training/BCL_f822.png,train,BCL,QUARANTINE_UNCERTIFIED_EMPTY_GT,untrusted empty-GT in contaminated source
BCL_f823.png,/hdd1/hieulc/datacrack/images/training/BCL_f823.png,/hdd1/hieulc/datacrack/annotations/training/BCL_f823.png,train,BCL,QUARANTINE_UNCERTIFIED_EMPTY_GT,untrusted empty-GT in contaminated source
BCL_f825.png,/hdd1/hieulc/datacrack/images/training/BCL_f825.png,/hdd1/hieulc/datacrack/annotations/training/BCL_f825.png,train,BCL,QUARANTINE_UNCERTIFIED_EMPTY_GT,untrusted empty-GT in contaminated source
BCL_f826.png,/hdd1/hieulc/datacrack/images/training/BCL_f826.png,/hdd1/hieulc/datacrack/annotations/training/BCL_f826.png,train,BCL,QUARANTINE_UNCERTIFIED_EMPTY_GT,untrusted empty-GT in contaminated source
BCL_f827.png,/hdd1/hieulc/datacrack/images/training/BCL_f827.png,/hdd1/hieulc/datacrack/annotations/training/BCL_f827.png,train,BCL,QUARANTINE_UNCERTIFIED_EMPTY_GT,untrusted empty-GT in contaminated source
BCL_f828.png,/hdd1/hieulc/datacrack/images/training/BCL_f828.png,/hdd1/hieulc/datacrack/annotations/training/BCL_f828.png,train,BCL,QUARANTINE_UNCERTIFIED_EMPTY_GT,untrusted empty-GT in contaminated source
BCL_f829.png,/hdd1/hieulc/datacrack/images/training/BCL_f829.png,/hdd1/hieulc/datacrack/annotations/training/BCL_f829.png,train,BCL,QUARANTINE_UNCERTIFIED_EMPTY_GT,untrusted empty-GT in contaminated source
BCL_f83.png,/hdd1/hieulc/datacrack/images/training/BCL_f83.png,/hdd1/hieulc/datacrack/annotations/training/BCL_f83.png,train,BCL,QUARANTINE_UNCERTIFIED_EMPTY_GT,untrusted empty-GT in contaminated source
BCL_f830.png,/hdd1/hieulc/datacrack/images/training/BCL_f830.png,/hdd1/hieulc/datacrack/annotations/training/BCL_f830.png,train,BCL,QUARANTINE_UNCERTIFIED_EMPTY_GT,untrusted empty-GT in contaminated source
BCL_f831.png,/hdd1/hieulc/datacrack/images/training/BCL_f831.png,/hdd1/hieulc/datacrack/annotations/training/BCL_f831.png,train,BCL,QUARANTINE_UNCERTIFIED_EMPTY_GT,untrusted empty-GT in contaminated source
BCL_f832.png,/hdd1/hieulc/datacrack/images/training/BCL_f832.png,/hdd1/hieulc/datacrack/annotations/training/BCL_f832.png,train,BCL,QUARANTINE_UNCERTIFIED_EMPTY_GT,untrusted empty-GT in contaminated source
BCL_f834.png,/hdd1/hieulc/datacrack/images/training/BCL_f834.png,/hdd1/hieulc/datacrack/annotations/training/BCL_f834.png,train,BCL,QUARANTINE_UNCERTIFIED_EMPTY_GT,untrusted empty-GT in contaminated source
BCL_f835.png,/hdd1/hieulc/datacrack/images/training/BCL_f835.png,/hdd1/hieulc/datacrack/annotations/training/BCL_f835.png,train,BCL,QUARANTINE_UNCERTIFIED_EMPTY_GT,untrusted empty-GT in contaminated source
BCL_f836.png,/hdd1/hieulc/datacrack/images/training/BCL_f836.png,/hdd1/hieulc/datacrack/annotations/training/BCL_f836.png,train,BCL,QUARANTINE_UNCERTIFIED_EMPTY_GT,untrusted empty-GT in contaminated source
BCL_f837.png,/hdd1/hieulc/datacrack/images/training/BCL_f837.png,/hdd1/hieulc/datacrack/annotations/training/BCL_f837.png,train,BCL,QUARANTINE_UNCERTIFIED_EMPTY_GT,untrusted empty-GT in contaminated source
BCL_f839.png,/hdd1/hieulc/datacrack/images/training/BCL_f839.png,/hdd1/hieulc/datacrack/annotations/training/BCL_f839.png,train,BCL,QUARANTINE_UNCERTIFIED_EMPTY_GT,untrusted empty-GT in contaminated source
BCL_f84.png,/hdd1/hieulc/datacrack/images/training/BCL_f84.png,/hdd1/hieulc/datacrack/annotations/training/BCL_f84.png,train,BCL,QUARANTINE_UNCERTIFIED_EMPTY_GT,untrusted empty-GT in contaminated source
BCL_f840.png,/hdd1/hieulc/datacrack/images/training/BCL_f840.png,/hdd1/hieulc/datacrack/annotations/training/BCL_f840.png,train,BCL,QUARANTINE_UNCERTIFIED_EMPTY_GT,untrusted empty-GT in contaminated source
BCL_f841.png,/hdd1/hieulc/datacrack/images/training/BCL_f841.png,/hdd1/hieulc/datacrack/annotations/training/BCL_f841.png,train,BCL,QUARANTINE_UNCERTIFIED_EMPTY_GT,untrusted empty-GT in contaminated source
BCL_f842.png,/hdd1/hieulc/datacrack/images/training/BCL_f842.png,/hdd1/hieulc/datacrack/annotations/training/BCL_f842.png,train,BCL,QUARANTINE_UNCERTIFIED_EMPTY_GT,untrusted empty-GT in contaminated source
BCL_f843.png,/hdd1/hieulc/datacrack/images/training/BCL_f843.png,/hdd1/hieulc/datacrack/annotations/training/BCL_f843.png,train,BCL,QUARANTINE_UNCERTIFIED_EMPTY_GT,untrusted empty-GT in contaminated source
BCL_f844.png,/hdd1/hieulc/datacrack/images/training/BCL_f844.png,/hdd1/hieulc/datacrack/annotations/training/BCL_f844.png,train,BCL,QUARANTINE_UNCERTIFIED_EMPTY_GT,untrusted empty-GT in contaminated source
BCL_f845.png,/hdd1/hieulc/datacrack/images/training/BCL_f845.png,/hdd1/hieulc/datacrack/annotations/training/BCL_f845.png,train,BCL,QUARANTINE_UNCERTIFIED_EMPTY_GT,untrusted empty-GT in contaminated source
BCL_f847.png,/hdd1/hieulc/datacrack/images/training/BCL_f847.png,/hdd1/hieulc/datacrack/annotations/training/BCL_f847.png,train,BCL,QUARANTINE_UNCERTIFIED_EMPTY_GT,untrusted empty-GT in contaminated source
BCL_f85.png,/hdd1/hieulc/datacrack/images/training/BCL_f85.png,/hdd1/hieulc/datacrack/annotations/training/BCL_f85.png,train,BCL,QUARANTINE_UNCERTIFIED_EMPTY_GT,untrusted empty-GT in contaminated source
BCL_f850.png,/hdd1/hieulc/datacrack/images/training/BCL_f850.png,/hdd1/hieulc/datacrack/annotations/training/BCL_f850.png,train,BCL,QUARANTINE_UNCERTIFIED_EMPTY_GT,untrusted empty-GT in contaminated source
BCL_f851.png,/hdd1/hieulc/datacrack/images/training/BCL_f851.png,/hdd1/hieulc/datacrack/annotations/training/BCL_f851.png,train,BCL,QUARANTINE_UNCERTIFIED_EMPTY_GT,untrusted empty-GT in contaminated source
BCL_f853.png,/hdd1/hieulc/datacrack/images/training/BCL_f853.png,/hdd1/hieulc/datacrack/annotations/training/BCL_f853.png,train,BCL,QUARANTINE_UNCERTIFIED_EMPTY_GT,untrusted empty-GT in contaminated source
BCL_f854.png,/hdd1/hieulc/datacrack/images/training/BCL_f854.png,/hdd1/hieulc/datacrack/annotations/training/BCL_f854.png,train,BCL,QUARANTINE_UNCERTIFIED_EMPTY_GT,untrusted empty-GT in contaminated source
BCL_f855.png,/hdd1/hieulc/datacrack/images/training/BCL_f855.png,/hdd1/hieulc/datacrack/annotations/training/BCL_f855.png,train,BCL,QUARANTINE_UNCERTIFIED_EMPTY_GT,untrusted empty-GT in contaminated source
BCL_f856.png,/hdd1/hieulc/datacrack/images/training/BCL_f856.png,/hdd1/hieulc/datacrack/annotations/training/BCL_f856.png,train,BCL,QUARANTINE_UNCERTIFIED_EMPTY_GT,untrusted empty-GT in contaminated source
BCL_f859.png,/hdd1/hieulc/datacrack/images/training/BCL_f859.png,/hdd1/hieulc/datacrack/annotations/training/BCL_f859.png,train,BCL,QUARANTINE_UNCERTIFIED_EMPTY_GT,untrusted empty-GT in contaminated source
BCL_f86.png,/hdd1/hieulc/datacrack/images/training/BCL_f86.png,/hdd1/hieulc/datacrack/annotations/training/BCL_f86.png,train,BCL,QUARANTINE_UNCERTIFIED_EMPTY_GT,untrusted empty-GT in contaminated source
BCL_f860.png,/hdd1/hieulc/datacrack/images/training/BCL_f860.png,/hdd1/hieulc/datacrack/annotations/training/BCL_f860.png,train,BCL,QUARANTINE_UNCERTIFIED_EMPTY_GT,untrusted empty-GT in contaminated source
BCL_f861.png,/hdd1/hieulc/datacrack/images/training/BCL_f861.png,/hdd1/hieulc/datacrack/annotations/training/BCL_f861.png,train,BCL,QUARANTINE_UNCERTIFIED_EMPTY_GT,untrusted empty-GT in contaminated source
BCL_f862.png,/hdd1/hieulc/datacrack/images/training/BCL_f862.png,/hdd1/hieulc/datacrack/annotations/training/BCL_f862.png,train,BCL,QUARANTINE_UNCERTIFIED_EMPTY_GT,untrusted empty-GT in contaminated source
BCL_f863.png,/hdd1/hieulc/datacrack/images/training/BCL_f863.png,/hdd1/hieulc/datacrack/annotations/training/BCL_f863.png,train,BCL,QUARANTINE_UNCERTIFIED_EMPTY_GT,untrusted empty-GT in contaminated source
BCL_f864.png,/hdd1/hieulc/datacrack/images/training/BCL_f864.png,/hdd1/hieulc/datacrack/annotations/training/BCL_f864.png,train,BCL,QUARANTINE_UNCERTIFIED_EMPTY_GT,untrusted empty-GT in contaminated source
BCL_f865.png,/hdd1/hieulc/datacrack/images/training/BCL_f865.png,/hdd1/hieulc/datacrack/annotations/training/BCL_f865.png,train,BCL,QUARANTINE_UNCERTIFIED_EMPTY_GT,untrusted empty-GT in contaminated source
BCL_f866.png,/hdd1/hieulc/datacrack/images/training/BCL_f866.png,/hdd1/hieulc/datacrack/annotations/training/BCL_f866.png,train,BCL,QUARANTINE_UNCERTIFIED_EMPTY_GT,untrusted empty-GT in contaminated source
BCL_f867.png,/hdd1/hieulc/datacrack/images/training/BCL_f867.png,/hdd1/hieulc/datacrack/annotations/training/BCL_f867.png,train,BCL,QUARANTINE_UNCERTIFIED_EMPTY_GT,untrusted empty-GT in contaminated source
BCL_f868.png,/hdd1/hieulc/datacrack/images/training/BCL_f868.png,/hdd1/hieulc/datacrack/annotations/training/BCL_f868.png,train,BCL,QUARANTINE_UNCERTIFIED_EMPTY_GT,untrusted empty-GT in contaminated source
BCL_f869.png,/hdd1/hieulc/datacrack/images/training/BCL_f869.png,/hdd1/hieulc/datacrack/annotations/training/BCL_f869.png,train,BCL,QUARANTINE_UNCERTIFIED_EMPTY_GT,untrusted empty-GT in contaminated source
BCL_f87.png,/hdd1/hieulc/datacrack/images/training/BCL_f87.png,/hdd1/hieulc/datacrack/annotations/training/BCL_f87.png,train,BCL,QUARANTINE_UNCERTIFIED_EMPTY_GT,untrusted empty-GT in contaminated source
BCL_f870.png,/hdd1/hieulc/datacrack/images/training/BCL_f870.png,/hdd1/hieulc/datacrack/annotations/training/BCL_f870.png,train,BCL,QUARANTINE_UNCERTIFIED_EMPTY_GT,untrusted empty-GT in contaminated source
BCL_f872.png,/hdd1/hieulc/datacrack/images/training/BCL_f872.png,/hdd1/hieulc/datacrack/annotations/training/BCL_f872.png,train,BCL,QUARANTINE_UNCERTIFIED_EMPTY_GT,untrusted empty-GT in contaminated source
BCL_f873.png,/hdd1/hieulc/datacrack/images/training/BCL_f873.png,/hdd1/hieulc/datacrack/annotations/training/BCL_f873.png,train,BCL,QUARANTINE_UNCERTIFIED_EMPTY_GT,untrusted empty-GT in contaminated source
BCL_f874.png,/hdd1/hieulc/datacrack/images/training/BCL_f874.png,/hdd1/hieulc/datacrack/annotations/training/BCL_f874.png,train,BCL,QUARANTINE_UNCERTIFIED_EMPTY_GT,untrusted empty-GT in contaminated source
BCL_f876.png,/hdd1/hieulc/datacrack/images/training/BCL_f876.png,/hdd1/hieulc/datacrack/annotations/training/BCL_f876.png,train,BCL,QUARANTINE_UNCERTIFIED_EMPTY_GT,untrusted empty-GT in contaminated source
BCL_f877.png,/hdd1/hieulc/datacrack/images/training/BCL_f877.png,/hdd1/hieulc/datacrack/annotations/training/BCL_f877.png,train,BCL,QUARANTINE_UNCERTIFIED_EMPTY_GT,untrusted empty-GT in contaminated source
BCL_f879.png,/hdd1/hieulc/datacrack/images/training/BCL_f879.png,/hdd1/hieulc/datacrack/annotations/training/BCL_f879.png,train,BCL,QUARANTINE_UNCERTIFIED_EMPTY_GT,untrusted empty-GT in contaminated source
BCL_f880.png,/hdd1/hieulc/datacrack/images/training/BCL_f880.png,/hdd1/hieulc/datacrack/annotations/training/BCL_f880.png,train,BCL,QUARANTINE_UNCERTIFIED_EMPTY_GT,untrusted empty-GT in contaminated source
BCL_f881.png,/hdd1/hieulc/datacrack/images/training/BCL_f881.png,/hdd1/hieulc/datacrack/annotations/training/BCL_f881.png,train,BCL,QUARANTINE_UNCERTIFIED_EMPTY_GT,untrusted empty-GT in contaminated source
BCL_f882.png,/hdd1/hieulc/datacrack/images/training/BCL_f882.png,/hdd1/hieulc/datacrack/annotations/training/BCL_f882.png,train,BCL,QUARANTINE_UNCERTIFIED_EMPTY_GT,untrusted empty-GT in contaminated source
BCL_f883.png,/hdd1/hieulc/datacrack/images/training/BCL_f883.png,/hdd1/hieulc/datacrack/annotations/training/BCL_f883.png,train,BCL,QUARANTINE_UNCERTIFIED_EMPTY_GT,untrusted empty-GT in contaminated source
BCL_f884.png,/hdd1/hieulc/datacrack/images/training/BCL_f884.png,/hdd1/hieulc/datacrack/annotations/training/BCL_f884.png,train,BCL,QUARANTINE_UNCERTIFIED_EMPTY_GT,untrusted empty-GT in contaminated source
BCL_f885.png,/hdd1/hieulc/datacrack/images/training/BCL_f885.png,/hdd1/hieulc/datacrack/annotations/training/BCL_f885.png,train,BCL,QUARANTINE_UNCERTIFIED_EMPTY_GT,untrusted empty-GT in contaminated source
BCL_f886.png,/hdd1/hieulc/datacrack/images/training/BCL_f886.png,/hdd1/hieulc/datacrack/annotations/training/BCL_f886.png,train,BCL,QUARANTINE_UNCERTIFIED_EMPTY_GT,untrusted empty-GT in contaminated source
BCL_f888.png,/hdd1/hieulc/datacrack/images/training/BCL_f888.png,/hdd1/hieulc/datacrack/annotations/training/BCL_f888.png,train,BCL,QUARANTINE_UNCERTIFIED_EMPTY_GT,untrusted empty-GT in contaminated source
BCL_f889.png,/hdd1/hieulc/datacrack/images/training/BCL_f889.png,/hdd1/hieulc/datacrack/annotations/training/BCL_f889.png,train,BCL,QUARANTINE_UNCERTIFIED_EMPTY_GT,untrusted empty-GT in contaminated source
BCL_f891.png,/hdd1/hieulc/datacrack/images/training/BCL_f891.png,/hdd1/hieulc/datacrack/annotations/training/BCL_f891.png,train,BCL,QUARANTINE_UNCERTIFIED_EMPTY_GT,untrusted empty-GT in contaminated source
BCL_f892.png,/hdd1/hieulc/datacrack/images/training/BCL_f892.png,/hdd1/hieulc/datacrack/annotations/training/BCL_f892.png,train,BCL,QUARANTINE_UNCERTIFIED_EMPTY_GT,untrusted empty-GT in contaminated source
BCL_f893.png,/hdd1/hieulc/datacrack/images/training/BCL_f893.png,/hdd1/hieulc/datacrack/annotations/training/BCL_f893.png,train,BCL,QUARANTINE_UNCERTIFIED_EMPTY_GT,untrusted empty-GT in contaminated source
BCL_f894.png,/hdd1/hieulc/datacrack/images/training/BCL_f894.png,/hdd1/hieulc/datacrack/annotations/training/BCL_f894.png,train,BCL,QUARANTINE_UNCERTIFIED_EMPTY_GT,untrusted empty-GT in contaminated source
BCL_f895.png,/hdd1/hieulc/datacrack/images/training/BCL_f895.png,/hdd1/hieulc/datacrack/annotations/training/BCL_f895.png,train,BCL,QUARANTINE_UNCERTIFIED_EMPTY_GT,untrusted empty-GT in contaminated source
BCL_f897.png,/hdd1/hieulc/datacrack/images/training/BCL_f897.png,/hdd1/hieulc/datacrack/annotations/training/BCL_f897.png,train,BCL,QUARANTINE_UNCERTIFIED_EMPTY_GT,untrusted empty-GT in contaminated source
BCL_f9.png,/hdd1/hieulc/datacrack/images/training/BCL_f9.png,/hdd1/hieulc/datacrack/annotations/training/BCL_f9.png,train,BCL,QUARANTINE_UNCERTIFIED_EMPTY_GT,untrusted empty-GT in contaminated source
BCL_f900.png,/hdd1/hieulc/datacrack/images/training/BCL_f900.png,/hdd1/hieulc/datacrack/annotations/training/BCL_f900.png,train,BCL,QUARANTINE_UNCERTIFIED_EMPTY_GT,untrusted empty-GT in contaminated source
BCL_f901.png,/hdd1/hieulc/datacrack/images/training/BCL_f901.png,/hdd1/hieulc/datacrack/annotations/training/BCL_f901.png,train,BCL,QUARANTINE_UNCERTIFIED_EMPTY_GT,untrusted empty-GT in contaminated source
BCL_f902.png,/hdd1/hieulc/datacrack/images/training/BCL_f902.png,/hdd1/hieulc/datacrack/annotations/training/BCL_f902.png,train,BCL,QUARANTINE_UNCERTIFIED_EMPTY_GT,untrusted empty-GT in contaminated source
BCL_f903.png,/hdd1/hieulc/datacrack/images/training/BCL_f903.png,/hdd1/hieulc/datacrack/annotations/training/BCL_f903.png,train,BCL,QUARANTINE_UNCERTIFIED_EMPTY_GT,untrusted empty-GT in contaminated source
BCL_f905.png,/hdd1/hieulc/datacrack/images/training/BCL_f905.png,/hdd1/hieulc/datacrack/annotations/training/BCL_f905.png,train,BCL,QUARANTINE_UNCERTIFIED_EMPTY_GT,untrusted empty-GT in contaminated source
BCL_f906.png,/hdd1/hieulc/datacrack/images/training/BCL_f906.png,/hdd1/hieulc/datacrack/annotations/training/BCL_f906.png,train,BCL,QUARANTINE_UNCERTIFIED_EMPTY_GT,untrusted empty-GT in contaminated source
BCL_f907.png,/hdd1/hieulc/datacrack/images/training/BCL_f907.png,/hdd1/hieulc/datacrack/annotations/training/BCL_f907.png,train,BCL,QUARANTINE_UNCERTIFIED_EMPTY_GT,untrusted empty-GT in contaminated source
BCL_f908.png,/hdd1/hieulc/datacrack/images/training/BCL_f908.png,/hdd1/hieulc/datacrack/annotations/training/BCL_f908.png,train,BCL,QUARANTINE_UNCERTIFIED_EMPTY_GT,untrusted empty-GT in contaminated source
BCL_f91.png,/hdd1/hieulc/datacrack/images/training/BCL_f91.png,/hdd1/hieulc/datacrack/annotations/training/BCL_f91.png,train,BCL,QUARANTINE_UNCERTIFIED_EMPTY_GT,untrusted empty-GT in contaminated source
BCL_f910.png,/hdd1/hieulc/datacrack/images/training/BCL_f910.png,/hdd1/hieulc/datacrack/annotations/training/BCL_f910.png,train,BCL,QUARANTINE_UNCERTIFIED_EMPTY_GT,untrusted empty-GT in contaminated source
BCL_f911.png,/hdd1/hieulc/datacrack/images/training/BCL_f911.png,/hdd1/hieulc/datacrack/annotations/training/BCL_f911.png,train,BCL,QUARANTINE_UNCERTIFIED_EMPTY_GT,untrusted empty-GT in contaminated source
BCL_f912.png,/hdd1/hieulc/datacrack/images/training/BCL_f912.png,/hdd1/hieulc/datacrack/annotations/training/BCL_f912.png,train,BCL,QUARANTINE_UNCERTIFIED_EMPTY_GT,untrusted empty-GT in contaminated source
BCL_f913.png,/hdd1/hieulc/datacrack/images/training/BCL_f913.png,/hdd1/hieulc/datacrack/annotations/training/BCL_f913.png,train,BCL,QUARANTINE_UNCERTIFIED_EMPTY_GT,untrusted empty-GT in contaminated source
BCL_f914.png,/hdd1/hieulc/datacrack/images/training/BCL_f914.png,/hdd1/hieulc/datacrack/annotations/training/BCL_f914.png,train,BCL,QUARANTINE_UNCERTIFIED_EMPTY_GT,untrusted empty-GT in contaminated source
BCL_f915.png,/hdd1/hieulc/datacrack/images/training/BCL_f915.png,/hdd1/hieulc/datacrack/annotations/training/BCL_f915.png,train,BCL,QUARANTINE_UNCERTIFIED_EMPTY_GT,untrusted empty-GT in contaminated source
BCL_f917.png,/hdd1/hieulc/datacrack/images/training/BCL_f917.png,/hdd1/hieulc/datacrack/annotations/training/BCL_f917.png,train,BCL,QUARANTINE_UNCERTIFIED_EMPTY_GT,untrusted empty-GT in contaminated source
BCL_f918.png,/hdd1/hieulc/datacrack/images/training/BCL_f918.png,/hdd1/hieulc/datacrack/annotations/training/BCL_f918.png,train,BCL,QUARANTINE_UNCERTIFIED_EMPTY_GT,untrusted empty-GT in contaminated source
BCL_f919.png,/hdd1/hieulc/datacrack/images/training/BCL_f919.png,/hdd1/hieulc/datacrack/annotations/training/BCL_f919.png,train,BCL,QUARANTINE_UNCERTIFIED_EMPTY_GT,untrusted empty-GT in contaminated source
BCL_f92.png,/hdd1/hieulc/datacrack/images/training/BCL_f92.png,/hdd1/hieulc/datacrack/annotations/training/BCL_f92.png,train,BCL,QUARANTINE_UNCERTIFIED_EMPTY_GT,untrusted empty-GT in contaminated source
BCL_f921.png,/hdd1/hieulc/datacrack/images/training/BCL_f921.png,/hdd1/hieulc/datacrack/annotations/training/BCL_f921.png,train,BCL,QUARANTINE_UNCERTIFIED_EMPTY_GT,untrusted empty-GT in contaminated source
BCL_f923.png,/hdd1/hieulc/datacrack/images/training/BCL_f923.png,/hdd1/hieulc/datacrack/annotations/training/BCL_f923.png,train,BCL,QUARANTINE_UNCERTIFIED_EMPTY_GT,untrusted empty-GT in contaminated source
BCL_f924.png,/hdd1/hieulc/datacrack/images/training/BCL_f924.png,/hdd1/hieulc/datacrack/annotations/training/BCL_f924.png,train,BCL,QUARANTINE_UNCERTIFIED_EMPTY_GT,untrusted empty-GT in contaminated source
BCL_f925.png,/hdd1/hieulc/datacrack/images/training/BCL_f925.png,/hdd1/hieulc/datacrack/annotations/training/BCL_f925.png,train,BCL,QUARANTINE_UNCERTIFIED_EMPTY_GT,untrusted empty-GT in contaminated source
BCL_f926.png,/hdd1/hieulc/datacrack/images/training/BCL_f926.png,/hdd1/hieulc/datacrack/annotations/training/BCL_f926.png,train,BCL,QUARANTINE_UNCERTIFIED_EMPTY_GT,untrusted empty-GT in contaminated source
BCL_f927.png,/hdd1/hieulc/datacrack/images/training/BCL_f927.png,/hdd1/hieulc/datacrack/annotations/training/BCL_f927.png,train,BCL,QUARANTINE_UNCERTIFIED_EMPTY_GT,untrusted empty-GT in contaminated source
BCL_f928.png,/hdd1/hieulc/datacrack/images/training/BCL_f928.png,/hdd1/hieulc/datacrack/annotations/training/BCL_f928.png,train,BCL,QUARANTINE_UNCERTIFIED_EMPTY_GT,untrusted empty-GT in contaminated source
BCL_f929.png,/hdd1/hieulc/datacrack/images/training/BCL_f929.png,/hdd1/hieulc/datacrack/annotations/training/BCL_f929.png,train,BCL,QUARANTINE_UNCERTIFIED_EMPTY_GT,untrusted empty-GT in contaminated source
BCL_f93.png,/hdd1/hieulc/datacrack/images/training/BCL_f93.png,/hdd1/hieulc/datacrack/annotations/training/BCL_f93.png,train,BCL,QUARANTINE_UNCERTIFIED_EMPTY_GT,untrusted empty-GT in contaminated source
BCL_f930.png,/hdd1/hieulc/datacrack/images/training/BCL_f930.png,/hdd1/hieulc/datacrack/annotations/training/BCL_f930.png,train,BCL,QUARANTINE_UNCERTIFIED_EMPTY_GT,untrusted empty-GT in contaminated source
BCL_f932.png,/hdd1/hieulc/datacrack/images/training/BCL_f932.png,/hdd1/hieulc/datacrack/annotations/training/BCL_f932.png,train,BCL,QUARANTINE_UNCERTIFIED_EMPTY_GT,untrusted empty-GT in contaminated source
BCL_f933.png,/hdd1/hieulc/datacrack/images/training/BCL_f933.png,/hdd1/hieulc/datacrack/annotations/training/BCL_f933.png,train,BCL,QUARANTINE_UNCERTIFIED_EMPTY_GT,untrusted empty-GT in contaminated source
BCL_f934.png,/hdd1/hieulc/datacrack/images/training/BCL_f934.png,/hdd1/hieulc/datacrack/annotations/training/BCL_f934.png,train,BCL,QUARANTINE_UNCERTIFIED_EMPTY_GT,untrusted empty-GT in contaminated source
BCL_f935.png,/hdd1/hieulc/datacrack/images/training/BCL_f935.png,/hdd1/hieulc/datacrack/annotations/training/BCL_f935.png,train,BCL,QUARANTINE_UNCERTIFIED_EMPTY_GT,untrusted empty-GT in contaminated source
BCL_f936.png,/hdd1/hieulc/datacrack/images/training/BCL_f936.png,/hdd1/hieulc/datacrack/annotations/training/BCL_f936.png,train,BCL,QUARANTINE_UNCERTIFIED_EMPTY_GT,untrusted empty-GT in contaminated source
BCL_f938.png,/hdd1/hieulc/datacrack/images/training/BCL_f938.png,/hdd1/hieulc/datacrack/annotations/training/BCL_f938.png,train,BCL,QUARANTINE_UNCERTIFIED_EMPTY_GT,untrusted empty-GT in contaminated source
BCL_f939.png,/hdd1/hieulc/datacrack/images/training/BCL_f939.png,/hdd1/hieulc/datacrack/annotations/training/BCL_f939.png,train,BCL,QUARANTINE_UNCERTIFIED_EMPTY_GT,untrusted empty-GT in contaminated source
BCL_f94.png,/hdd1/hieulc/datacrack/images/training/BCL_f94.png,/hdd1/hieulc/datacrack/annotations/training/BCL_f94.png,train,BCL,QUARANTINE_UNCERTIFIED_EMPTY_GT,untrusted empty-GT in contaminated source
BCL_f942.png,/hdd1/hieulc/datacrack/images/training/BCL_f942.png,/hdd1/hieulc/datacrack/annotations/training/BCL_f942.png,train,BCL,QUARANTINE_UNCERTIFIED_EMPTY_GT,untrusted empty-GT in contaminated source
BCL_f943.png,/hdd1/hieulc/datacrack/images/training/BCL_f943.png,/hdd1/hieulc/datacrack/annotations/training/BCL_f943.png,train,BCL,QUARANTINE_UNCERTIFIED_EMPTY_GT,untrusted empty-GT in contaminated source
BCL_f944.png,/hdd1/hieulc/datacrack/images/training/BCL_f944.png,/hdd1/hieulc/datacrack/annotations/training/BCL_f944.png,train,BCL,QUARANTINE_UNCERTIFIED_EMPTY_GT,untrusted empty-GT in contaminated source
BCL_f946.png,/hdd1/hieulc/datacrack/images/training/BCL_f946.png,/hdd1/hieulc/datacrack/annotations/training/BCL_f946.png,train,BCL,QUARANTINE_UNCERTIFIED_EMPTY_GT,untrusted empty-GT in contaminated source
BCL_f947.png,/hdd1/hieulc/datacrack/images/training/BCL_f947.png,/hdd1/hieulc/datacrack/annotations/training/BCL_f947.png,train,BCL,QUARANTINE_UNCERTIFIED_EMPTY_GT,untrusted empty-GT in contaminated source
BCL_f95.png,/hdd1/hieulc/datacrack/images/training/BCL_f95.png,/hdd1/hieulc/datacrack/annotations/training/BCL_f95.png,train,BCL,QUARANTINE_UNCERTIFIED_EMPTY_GT,untrusted empty-GT in contaminated source
BCL_f950.png,/hdd1/hieulc/datacrack/images/training/BCL_f950.png,/hdd1/hieulc/datacrack/annotations/training/BCL_f950.png,train,BCL,QUARANTINE_UNCERTIFIED_EMPTY_GT,untrusted empty-GT in contaminated source
BCL_f951.png,/hdd1/hieulc/datacrack/images/training/BCL_f951.png,/hdd1/hieulc/datacrack/annotations/training/BCL_f951.png,train,BCL,QUARANTINE_UNCERTIFIED_EMPTY_GT,untrusted empty-GT in contaminated source
BCL_f952.png,/hdd1/hieulc/datacrack/images/training/BCL_f952.png,/hdd1/hieulc/datacrack/annotations/training/BCL_f952.png,train,BCL,QUARANTINE_UNCERTIFIED_EMPTY_GT,untrusted empty-GT in contaminated source
BCL_f953.png,/hdd1/hieulc/datacrack/images/training/BCL_f953.png,/hdd1/hieulc/datacrack/annotations/training/BCL_f953.png,train,BCL,QUARANTINE_UNCERTIFIED_EMPTY_GT,untrusted empty-GT in contaminated source
BCL_f954.png,/hdd1/hieulc/datacrack/images/training/BCL_f954.png,/hdd1/hieulc/datacrack/annotations/training/BCL_f954.png,train,BCL,QUARANTINE_UNCERTIFIED_EMPTY_GT,untrusted empty-GT in contaminated source
BCL_f955.png,/hdd1/hieulc/datacrack/images/training/BCL_f955.png,/hdd1/hieulc/datacrack/annotations/training/BCL_f955.png,train,BCL,QUARANTINE_UNCERTIFIED_EMPTY_GT,untrusted empty-GT in contaminated source
BCL_f956.png,/hdd1/hieulc/datacrack/images/training/BCL_f956.png,/hdd1/hieulc/datacrack/annotations/training/BCL_f956.png,train,BCL,QUARANTINE_UNCERTIFIED_EMPTY_GT,untrusted empty-GT in contaminated source
BCL_f958.png,/hdd1/hieulc/datacrack/images/training/BCL_f958.png,/hdd1/hieulc/datacrack/annotations/training/BCL_f958.png,train,BCL,QUARANTINE_UNCERTIFIED_EMPTY_GT,untrusted empty-GT in contaminated source
BCL_f959.png,/hdd1/hieulc/datacrack/images/training/BCL_f959.png,/hdd1/hieulc/datacrack/annotations/training/BCL_f959.png,train,BCL,QUARANTINE_UNCERTIFIED_EMPTY_GT,untrusted empty-GT in contaminated source
BCL_f96.png,/hdd1/hieulc/datacrack/images/training/BCL_f96.png,/hdd1/hieulc/datacrack/annotations/training/BCL_f96.png,train,BCL,QUARANTINE_UNCERTIFIED_EMPTY_GT,untrusted empty-GT in contaminated source
BCL_f960.png,/hdd1/hieulc/datacrack/images/training/BCL_f960.png,/hdd1/hieulc/datacrack/annotations/training/BCL_f960.png,train,BCL,QUARANTINE_UNCERTIFIED_EMPTY_GT,untrusted empty-GT in contaminated source
BCL_f962.png,/hdd1/hieulc/datacrack/images/training/BCL_f962.png,/hdd1/hieulc/datacrack/annotations/training/BCL_f962.png,train,BCL,QUARANTINE_UNCERTIFIED_EMPTY_GT,untrusted empty-GT in contaminated source
BCL_f963.png,/hdd1/hieulc/datacrack/images/training/BCL_f963.png,/hdd1/hieulc/datacrack/annotations/training/BCL_f963.png,train,BCL,QUARANTINE_UNCERTIFIED_EMPTY_GT,untrusted empty-GT in contaminated source
BCL_f964.png,/hdd1/hieulc/datacrack/images/training/BCL_f964.png,/hdd1/hieulc/datacrack/annotations/training/BCL_f964.png,train,BCL,QUARANTINE_UNCERTIFIED_EMPTY_GT,untrusted empty-GT in contaminated source
BCL_f965.png,/hdd1/hieulc/datacrack/images/training/BCL_f965.png,/hdd1/hieulc/datacrack/annotations/training/BCL_f965.png,train,BCL,QUARANTINE_UNCERTIFIED_EMPTY_GT,untrusted empty-GT in contaminated source
BCL_f966.png,/hdd1/hieulc/datacrack/images/training/BCL_f966.png,/hdd1/hieulc/datacrack/annotations/training/BCL_f966.png,train,BCL,QUARANTINE_UNCERTIFIED_EMPTY_GT,untrusted empty-GT in contaminated source
BCL_f967.png,/hdd1/hieulc/datacrack/images/training/BCL_f967.png,/hdd1/hieulc/datacrack/annotations/training/BCL_f967.png,train,BCL,QUARANTINE_UNCERTIFIED_EMPTY_GT,untrusted empty-GT in contaminated source
BCL_f968.png,/hdd1/hieulc/datacrack/images/training/BCL_f968.png,/hdd1/hieulc/datacrack/annotations/training/BCL_f968.png,train,BCL,QUARANTINE_UNCERTIFIED_EMPTY_GT,untrusted empty-GT in contaminated source
BCL_f97.png,/hdd1/hieulc/datacrack/images/training/BCL_f97.png,/hdd1/hieulc/datacrack/annotations/training/BCL_f97.png,train,BCL,QUARANTINE_UNCERTIFIED_EMPTY_GT,untrusted empty-GT in contaminated source
BCL_f970.png,/hdd1/hieulc/datacrack/images/training/BCL_f970.png,/hdd1/hieulc/datacrack/annotations/training/BCL_f970.png,train,BCL,QUARANTINE_UNCERTIFIED_EMPTY_GT,untrusted empty-GT in contaminated source
BCL_f971.png,/hdd1/hieulc/datacrack/images/training/BCL_f971.png,/hdd1/hieulc/datacrack/annotations/training/BCL_f971.png,train,BCL,QUARANTINE_UNCERTIFIED_EMPTY_GT,untrusted empty-GT in contaminated source
BCL_f973.png,/hdd1/hieulc/datacrack/images/training/BCL_f973.png,/hdd1/hieulc/datacrack/annotations/training/BCL_f973.png,train,BCL,QUARANTINE_UNCERTIFIED_EMPTY_GT,untrusted empty-GT in contaminated source
BCL_f976.png,/hdd1/hieulc/datacrack/images/training/BCL_f976.png,/hdd1/hieulc/datacrack/annotations/training/BCL_f976.png,train,BCL,QUARANTINE_UNCERTIFIED_EMPTY_GT,untrusted empty-GT in contaminated source
BCL_f978.png,/hdd1/hieulc/datacrack/images/training/BCL_f978.png,/hdd1/hieulc/datacrack/annotations/training/BCL_f978.png,train,BCL,QUARANTINE_UNCERTIFIED_EMPTY_GT,untrusted empty-GT in contaminated source
BCL_f979.png,/hdd1/hieulc/datacrack/images/training/BCL_f979.png,/hdd1/hieulc/datacrack/annotations/training/BCL_f979.png,train,BCL,QUARANTINE_UNCERTIFIED_EMPTY_GT,untrusted empty-GT in contaminated source
BCL_f980.png,/hdd1/hieulc/datacrack/images/training/BCL_f980.png,/hdd1/hieulc/datacrack/annotations/training/BCL_f980.png,train,BCL,QUARANTINE_UNCERTIFIED_EMPTY_GT,untrusted empty-GT in contaminated source
BCL_f981.png,/hdd1/hieulc/datacrack/images/training/BCL_f981.png,/hdd1/hieulc/datacrack/annotations/training/BCL_f981.png,train,BCL,QUARANTINE_UNCERTIFIED_EMPTY_GT,untrusted empty-GT in contaminated source
BCL_f982.png,/hdd1/hieulc/datacrack/images/training/BCL_f982.png,/hdd1/hieulc/datacrack/annotations/training/BCL_f982.png,train,BCL,QUARANTINE_UNCERTIFIED_EMPTY_GT,untrusted empty-GT in contaminated source
BCL_f983.png,/hdd1/hieulc/datacrack/images/training/BCL_f983.png,/hdd1/hieulc/datacrack/annotations/training/BCL_f983.png,train,BCL,QUARANTINE_UNCERTIFIED_EMPTY_GT,untrusted empty-GT in contaminated source
BCL_f984.png,/hdd1/hieulc/datacrack/images/training/BCL_f984.png,/hdd1/hieulc/datacrack/annotations/training/BCL_f984.png,train,BCL,QUARANTINE_UNCERTIFIED_EMPTY_GT,untrusted empty-GT in contaminated source
BCL_f985.png,/hdd1/hieulc/datacrack/images/training/BCL_f985.png,/hdd1/hieulc/datacrack/annotations/training/BCL_f985.png,train,BCL,QUARANTINE_UNCERTIFIED_EMPTY_GT,untrusted empty-GT in contaminated source
BCL_f987.png,/hdd1/hieulc/datacrack/images/training/BCL_f987.png,/hdd1/hieulc/datacrack/annotations/training/BCL_f987.png,train,BCL,QUARANTINE_UNCERTIFIED_EMPTY_GT,untrusted empty-GT in contaminated source
BCL_f988.png,/hdd1/hieulc/datacrack/images/training/BCL_f988.png,/hdd1/hieulc/datacrack/annotations/training/BCL_f988.png,train,BCL,QUARANTINE_UNCERTIFIED_EMPTY_GT,untrusted empty-GT in contaminated source
BCL_f991.png,/hdd1/hieulc/datacrack/images/training/BCL_f991.png,/hdd1/hieulc/datacrack/annotations/training/BCL_f991.png,train,BCL,QUARANTINE_UNCERTIFIED_EMPTY_GT,untrusted empty-GT in contaminated source
BCL_f993.png,/hdd1/hieulc/datacrack/images/training/BCL_f993.png,/hdd1/hieulc/datacrack/annotations/training/BCL_f993.png,train,BCL,QUARANTINE_UNCERTIFIED_EMPTY_GT,untrusted empty-GT in contaminated source
BCL_f994.png,/hdd1/hieulc/datacrack/images/training/BCL_f994.png,/hdd1/hieulc/datacrack/annotations/training/BCL_f994.png,train,BCL,QUARANTINE_UNCERTIFIED_EMPTY_GT,untrusted empty-GT in contaminated source
BCL_f996.png,/hdd1/hieulc/datacrack/images/training/BCL_f996.png,/hdd1/hieulc/datacrack/annotations/training/BCL_f996.png,train,BCL,QUARANTINE_UNCERTIFIED_EMPTY_GT,untrusted empty-GT in contaminated source
BCL_f997.png,/hdd1/hieulc/datacrack/images/training/BCL_f997.png,/hdd1/hieulc/datacrack/annotations/training/BCL_f997.png,train,BCL,QUARANTINE_UNCERTIFIED_EMPTY_GT,untrusted empty-GT in contaminated source
BCL_f998.png,/hdd1/hieulc/datacrack/images/training/BCL_f998.png,/hdd1/hieulc/datacrack/annotations/training/BCL_f998.png,train,BCL,QUARANTINE_UNCERTIFIED_EMPTY_GT,untrusted empty-GT in contaminated source
BCL_f999.png,/hdd1/hieulc/datacrack/images/training/BCL_f999.png,/hdd1/hieulc/datacrack/annotations/training/BCL_f999.png,train,BCL,QUARANTINE_UNCERTIFIED_EMPTY_GT,untrusted empty-GT in contaminated source
GAPS384_train_1344.png,/hdd1/hieulc/datacrack/images/training/GAPS384_train_1344.png,/hdd1/hieulc/datacrack/annotations/training/GAPS384_train_1344.png,train,GAPS,QUARANTINE_UNCERTIFIED_EMPTY_GT,untrusted empty-GT in contaminated source
GAPS384_train_1369.png,/hdd1/hieulc/datacrack/images/training/GAPS384_train_1369.png,/hdd1/hieulc/datacrack/annotations/training/GAPS384_train_1369.png,train,GAPS,QUARANTINE_UNCERTIFIED_EMPTY_GT,untrusted empty-GT in contaminated source
S2DS_001.png,/hdd1/hieulc/datacrack/images/training/S2DS_001.png,/hdd1/hieulc/datacrack/annotations/training/S2DS_001.png,train,S,QUARANTINE_UNCERTIFIED_EMPTY_GT,untrusted empty-GT in contaminated source
S2DS_003.png,/hdd1/hieulc/datacrack/images/training/S2DS_003.png,/hdd1/hieulc/datacrack/annotations/training/S2DS_003.png,train,S,QUARANTINE_UNCERTIFIED_EMPTY_GT,untrusted empty-GT in contaminated source
S2DS_004.png,/hdd1/hieulc/datacrack/images/training/S2DS_004.png,/hdd1/hieulc/datacrack/annotations/training/S2DS_004.png,train,S,QUARANTINE_UNCERTIFIED_EMPTY_GT,untrusted empty-GT in contaminated source
S2DS_005.png,/hdd1/hieulc/datacrack/images/training/S2DS_005.png,/hdd1/hieulc/datacrack/annotations/training/S2DS_005.png,train,S,QUARANTINE_UNCERTIFIED_EMPTY_GT,untrusted empty-GT in contaminated source
S2DS_006.png,/hdd1/hieulc/datacrack/images/training/S2DS_006.png,/hdd1/hieulc/datacrack/annotations/training/S2DS_006.png,train,S,QUARANTINE_UNCERTIFIED_EMPTY_GT,untrusted empty-GT in contaminated source
S2DS_007.png,/hdd1/hieulc/datacrack/images/training/S2DS_007.png,/hdd1/hieulc/datacrack/annotations/training/S2DS_007.png,train,S,QUARANTINE_UNCERTIFIED_EMPTY_GT,untrusted empty-GT in contaminated source
S2DS_009.png,/hdd1/hieulc/datacrack/images/training/S2DS_009.png,/hdd1/hieulc/datacrack/annotations/training/S2DS_009.png,train,S,QUARANTINE_UNCERTIFIED_EMPTY_GT,untrusted empty-GT in contaminated source
S2DS_010.png,/hdd1/hieulc/datacrack/images/training/S2DS_010.png,/hdd1/hieulc/datacrack/annotations/training/S2DS_010.png,train,S,QUARANTINE_UNCERTIFIED_EMPTY_GT,untrusted empty-GT in contaminated source
S2DS_011.png,/hdd1/hieulc/datacrack/images/training/S2DS_011.png,/hdd1/hieulc/datacrack/annotations/training/S2DS_011.png,train,S,QUARANTINE_UNCERTIFIED_EMPTY_GT,untrusted empty-GT in contaminated source
S2DS_012.png,/hdd1/hieulc/datacrack/images/training/S2DS_012.png,/hdd1/hieulc/datacrack/annotations/training/S2DS_012.png,train,S,QUARANTINE_UNCERTIFIED_EMPTY_GT,untrusted empty-GT in contaminated source
S2DS_014.png,/hdd1/hieulc/datacrack/images/training/S2DS_014.png,/hdd1/hieulc/datacrack/annotations/training/S2DS_014.png,train,S,QUARANTINE_UNCERTIFIED_EMPTY_GT,untrusted empty-GT in contaminated source
S2DS_015.png,/hdd1/hieulc/datacrack/images/training/S2DS_015.png,/hdd1/hieulc/datacrack/annotations/training/S2DS_015.png,train,S,QUARANTINE_UNCERTIFIED_EMPTY_GT,untrusted empty-GT in contaminated source
S2DS_016.png,/hdd1/hieulc/datacrack/images/training/S2DS_016.png,/hdd1/hieulc/datacrack/annotations/training/S2DS_016.png,train,S,QUARANTINE_UNCERTIFIED_EMPTY_GT,untrusted empty-GT in contaminated source
S2DS_017.png,/hdd1/hieulc/datacrack/images/training/S2DS_017.png,/hdd1/hieulc/datacrack/annotations/training/S2DS_017.png,train,S,QUARANTINE_UNCERTIFIED_EMPTY_GT,untrusted empty-GT in contaminated source
S2DS_018.png,/hdd1/hieulc/datacrack/images/training/S2DS_018.png,/hdd1/hieulc/datacrack/annotations/training/S2DS_018.png,train,S,QUARANTINE_UNCERTIFIED_EMPTY_GT,untrusted empty-GT in contaminated source
S2DS_019.png,/hdd1/hieulc/datacrack/images/training/S2DS_019.png,/hdd1/hieulc/datacrack/annotations/training/S2DS_019.png,train,S,QUARANTINE_UNCERTIFIED_EMPTY_GT,untrusted empty-GT in contaminated source
S2DS_022.png,/hdd1/hieulc/datacrack/images/training/S2DS_022.png,/hdd1/hieulc/datacrack/annotations/training/S2DS_022.png,train,S,QUARANTINE_UNCERTIFIED_EMPTY_GT,untrusted empty-GT in contaminated source
S2DS_026.png,/hdd1/hieulc/datacrack/images/training/S2DS_026.png,/hdd1/hieulc/datacrack/annotations/training/S2DS_026.png,train,S,QUARANTINE_UNCERTIFIED_EMPTY_GT,untrusted empty-GT in contaminated source
S2DS_027.png,/hdd1/hieulc/datacrack/images/training/S2DS_027.png,/hdd1/hieulc/datacrack/annotations/training/S2DS_027.png,train,S,QUARANTINE_UNCERTIFIED_EMPTY_GT,untrusted empty-GT in contaminated source
S2DS_030.png,/hdd1/hieulc/datacrack/images/training/S2DS_030.png,/hdd1/hieulc/datacrack/annotations/training/S2DS_030.png,train,S,QUARANTINE_UNCERTIFIED_EMPTY_GT,untrusted empty-GT in contaminated source
S2DS_032.png,/hdd1/hieulc/datacrack/images/training/S2DS_032.png,/hdd1/hieulc/datacrack/annotations/training/S2DS_032.png,train,S,QUARANTINE_UNCERTIFIED_EMPTY_GT,untrusted empty-GT in contaminated source
S2DS_033.png,/hdd1/hieulc/datacrack/images/training/S2DS_033.png,/hdd1/hieulc/datacrack/annotations/training/S2DS_033.png,train,S,QUARANTINE_UNCERTIFIED_EMPTY_GT,untrusted empty-GT in contaminated source
S2DS_036.png,/hdd1/hieulc/datacrack/images/training/S2DS_036.png,/hdd1/hieulc/datacrack/annotations/training/S2DS_036.png,train,S,QUARANTINE_UNCERTIFIED_EMPTY_GT,untrusted empty-GT in contaminated source
S2DS_037.png,/hdd1/hieulc/datacrack/images/training/S2DS_037.png,/hdd1/hieulc/datacrack/annotations/training/S2DS_037.png,train,S,QUARANTINE_UNCERTIFIED_EMPTY_GT,untrusted empty-GT in contaminated source
S2DS_038.png,/hdd1/hieulc/datacrack/images/training/S2DS_038.png,/hdd1/hieulc/datacrack/annotations/training/S2DS_038.png,train,S,QUARANTINE_UNCERTIFIED_EMPTY_GT,untrusted empty-GT in contaminated source
S2DS_039.png,/hdd1/hieulc/datacrack/images/training/S2DS_039.png,/hdd1/hieulc/datacrack/annotations/training/S2DS_039.png,train,S,QUARANTINE_UNCERTIFIED_EMPTY_GT,untrusted empty-GT in contaminated source
S2DS_040.png,/hdd1/hieulc/datacrack/images/training/S2DS_040.png,/hdd1/hieulc/datacrack/annotations/training/S2DS_040.png,train,S,QUARANTINE_UNCERTIFIED_EMPTY_GT,untrusted empty-GT in contaminated source
S2DS_041.png,/hdd1/hieulc/datacrack/images/training/S2DS_041.png,/hdd1/hieulc/datacrack/annotations/training/S2DS_041.png,train,S,QUARANTINE_UNCERTIFIED_EMPTY_GT,untrusted empty-GT in contaminated source
S2DS_042.png,/hdd1/hieulc/datacrack/images/training/S2DS_042.png,/hdd1/hieulc/datacrack/annotations/training/S2DS_042.png,train,S,QUARANTINE_UNCERTIFIED_EMPTY_GT,untrusted empty-GT in contaminated source
S2DS_043.png,/hdd1/hieulc/datacrack/images/training/S2DS_043.png,/hdd1/hieulc/datacrack/annotations/training/S2DS_043.png,train,S,QUARANTINE_UNCERTIFIED_EMPTY_GT,untrusted empty-GT in contaminated source
S2DS_044.png,/hdd1/hieulc/datacrack/images/training/S2DS_044.png,/hdd1/hieulc/datacrack/annotations/training/S2DS_044.png,train,S,QUARANTINE_UNCERTIFIED_EMPTY_GT,untrusted empty-GT in contaminated source
S2DS_045.png,/hdd1/hieulc/datacrack/images/training/S2DS_045.png,/hdd1/hieulc/datacrack/annotations/training/S2DS_045.png,train,S,QUARANTINE_UNCERTIFIED_EMPTY_GT,untrusted empty-GT in contaminated source
S2DS_046.png,/hdd1/hieulc/datacrack/images/training/S2DS_046.png,/hdd1/hieulc/datacrack/annotations/training/S2DS_046.png,train,S,QUARANTINE_UNCERTIFIED_EMPTY_GT,untrusted empty-GT in contaminated source
S2DS_048.png,/hdd1/hieulc/datacrack/images/training/S2DS_048.png,/hdd1/hieulc/datacrack/annotations/training/S2DS_048.png,train,S,QUARANTINE_UNCERTIFIED_EMPTY_GT,untrusted empty-GT in contaminated source
S2DS_049.png,/hdd1/hieulc/datacrack/images/training/S2DS_049.png,/hdd1/hieulc/datacrack/annotations/training/S2DS_049.png,train,S,QUARANTINE_UNCERTIFIED_EMPTY_GT,untrusted empty-GT in contaminated source
S2DS_050.png,/hdd1/hieulc/datacrack/images/training/S2DS_050.png,/hdd1/hieulc/datacrack/annotations/training/S2DS_050.png,train,S,QUARANTINE_UNCERTIFIED_EMPTY_GT,untrusted empty-GT in contaminated source
S2DS_051.png,/hdd1/hieulc/datacrack/images/training/S2DS_051.png,/hdd1/hieulc/datacrack/annotations/training/S2DS_051.png,train,S,QUARANTINE_UNCERTIFIED_EMPTY_GT,untrusted empty-GT in contaminated source
S2DS_052.png,/hdd1/hieulc/datacrack/images/training/S2DS_052.png,/hdd1/hieulc/datacrack/annotations/training/S2DS_052.png,train,S,QUARANTINE_UNCERTIFIED_EMPTY_GT,untrusted empty-GT in contaminated source
S2DS_054.png,/hdd1/hieulc/datacrack/images/training/S2DS_054.png,/hdd1/hieulc/datacrack/annotations/training/S2DS_054.png,train,S,QUARANTINE_UNCERTIFIED_EMPTY_GT,untrusted empty-GT in contaminated source
S2DS_056.png,/hdd1/hieulc/datacrack/images/training/S2DS_056.png,/hdd1/hieulc/datacrack/annotations/training/S2DS_056.png,train,S,QUARANTINE_UNCERTIFIED_EMPTY_GT,untrusted empty-GT in contaminated source
S2DS_057.png,/hdd1/hieulc/datacrack/images/training/S2DS_057.png,/hdd1/hieulc/datacrack/annotations/training/S2DS_057.png,train,S,QUARANTINE_UNCERTIFIED_EMPTY_GT,untrusted empty-GT in contaminated source
S2DS_058.png,/hdd1/hieulc/datacrack/images/training/S2DS_058.png,/hdd1/hieulc/datacrack/annotations/training/S2DS_058.png,train,S,QUARANTINE_UNCERTIFIED_EMPTY_GT,untrusted empty-GT in contaminated source
S2DS_061.png,/hdd1/hieulc/datacrack/images/training/S2DS_061.png,/hdd1/hieulc/datacrack/annotations/training/S2DS_061.png,train,S,QUARANTINE_UNCERTIFIED_EMPTY_GT,untrusted empty-GT in contaminated source
S2DS_063.png,/hdd1/hieulc/datacrack/images/training/S2DS_063.png,/hdd1/hieulc/datacrack/annotations/training/S2DS_063.png,train,S,QUARANTINE_UNCERTIFIED_EMPTY_GT,untrusted empty-GT in contaminated source
S2DS_065.png,/hdd1/hieulc/datacrack/images/training/S2DS_065.png,/hdd1/hieulc/datacrack/annotations/training/S2DS_065.png,train,S,QUARANTINE_UNCERTIFIED_EMPTY_GT,untrusted empty-GT in contaminated source
S2DS_066.png,/hdd1/hieulc/datacrack/images/training/S2DS_066.png,/hdd1/hieulc/datacrack/annotations/training/S2DS_066.png,train,S,QUARANTINE_UNCERTIFIED_EMPTY_GT,untrusted empty-GT in contaminated source
S2DS_067.png,/hdd1/hieulc/datacrack/images/training/S2DS_067.png,/hdd1/hieulc/datacrack/annotations/training/S2DS_067.png,train,S,QUARANTINE_UNCERTIFIED_EMPTY_GT,untrusted empty-GT in contaminated source
S2DS_069.png,/hdd1/hieulc/datacrack/images/training/S2DS_069.png,/hdd1/hieulc/datacrack/annotations/training/S2DS_069.png,train,S,QUARANTINE_UNCERTIFIED_EMPTY_GT,untrusted empty-GT in contaminated source
S2DS_070.png,/hdd1/hieulc/datacrack/images/training/S2DS_070.png,/hdd1/hieulc/datacrack/annotations/training/S2DS_070.png,train,S,QUARANTINE_UNCERTIFIED_EMPTY_GT,untrusted empty-GT in contaminated source
S2DS_071.png,/hdd1/hieulc/datacrack/images/training/S2DS_071.png,/hdd1/hieulc/datacrack/annotations/training/S2DS_071.png,train,S,QUARANTINE_UNCERTIFIED_EMPTY_GT,untrusted empty-GT in contaminated source
S2DS_072.png,/hdd1/hieulc/datacrack/images/training/S2DS_072.png,/hdd1/hieulc/datacrack/annotations/training/S2DS_072.png,train,S,QUARANTINE_UNCERTIFIED_EMPTY_GT,untrusted empty-GT in contaminated source
S2DS_073.png,/hdd1/hieulc/datacrack/images/training/S2DS_073.png,/hdd1/hieulc/datacrack/annotations/training/S2DS_073.png,train,S,QUARANTINE_UNCERTIFIED_EMPTY_GT,untrusted empty-GT in contaminated source
S2DS_074.png,/hdd1/hieulc/datacrack/images/training/S2DS_074.png,/hdd1/hieulc/datacrack/annotations/training/S2DS_074.png,train,S,QUARANTINE_UNCERTIFIED_EMPTY_GT,untrusted empty-GT in contaminated source
S2DS_076.png,/hdd1/hieulc/datacrack/images/training/S2DS_076.png,/hdd1/hieulc/datacrack/annotations/training/S2DS_076.png,train,S,QUARANTINE_UNCERTIFIED_EMPTY_GT,untrusted empty-GT in contaminated source
S2DS_077.png,/hdd1/hieulc/datacrack/images/training/S2DS_077.png,/hdd1/hieulc/datacrack/annotations/training/S2DS_077.png,train,S,QUARANTINE_UNCERTIFIED_EMPTY_GT,untrusted empty-GT in contaminated source
S2DS_078.png,/hdd1/hieulc/datacrack/images/training/S2DS_078.png,/hdd1/hieulc/datacrack/annotations/training/S2DS_078.png,train,S,QUARANTINE_UNCERTIFIED_EMPTY_GT,untrusted empty-GT in contaminated source
S2DS_079.png,/hdd1/hieulc/datacrack/images/training/S2DS_079.png,/hdd1/hieulc/datacrack/annotations/training/S2DS_079.png,train,S,QUARANTINE_UNCERTIFIED_EMPTY_GT,untrusted empty-GT in contaminated source
S2DS_080.png,/hdd1/hieulc/datacrack/images/training/S2DS_080.png,/hdd1/hieulc/datacrack/annotations/training/S2DS_080.png,train,S,QUARANTINE_UNCERTIFIED_EMPTY_GT,untrusted empty-GT in contaminated source
S2DS_083.png,/hdd1/hieulc/datacrack/images/training/S2DS_083.png,/hdd1/hieulc/datacrack/annotations/training/S2DS_083.png,train,S,QUARANTINE_UNCERTIFIED_EMPTY_GT,untrusted empty-GT in contaminated source
S2DS_084.png,/hdd1/hieulc/datacrack/images/training/S2DS_084.png,/hdd1/hieulc/datacrack/annotations/training/S2DS_084.png,train,S,QUARANTINE_UNCERTIFIED_EMPTY_GT,untrusted empty-GT in contaminated source
S2DS_085.png,/hdd1/hieulc/datacrack/images/training/S2DS_085.png,/hdd1/hieulc/datacrack/annotations/training/S2DS_085.png,train,S,QUARANTINE_UNCERTIFIED_EMPTY_GT,untrusted empty-GT in contaminated source
S2DS_086.png,/hdd1/hieulc/datacrack/images/training/S2DS_086.png,/hdd1/hieulc/datacrack/annotations/training/S2DS_086.png,train,S,QUARANTINE_UNCERTIFIED_EMPTY_GT,untrusted empty-GT in contaminated source
S2DS_088.png,/hdd1/hieulc/datacrack/images/training/S2DS_088.png,/hdd1/hieulc/datacrack/annotations/training/S2DS_088.png,train,S,QUARANTINE_UNCERTIFIED_EMPTY_GT,untrusted empty-GT in contaminated source
S2DS_089.png,/hdd1/hieulc/datacrack/images/training/S2DS_089.png,/hdd1/hieulc/datacrack/annotations/training/S2DS_089.png,train,S,QUARANTINE_UNCERTIFIED_EMPTY_GT,untrusted empty-GT in contaminated source
S2DS_090.png,/hdd1/hieulc/datacrack/images/training/S2DS_090.png,/hdd1/hieulc/datacrack/annotations/training/S2DS_090.png,train,S,QUARANTINE_UNCERTIFIED_EMPTY_GT,untrusted empty-GT in contaminated source
S2DS_091.png,/hdd1/hieulc/datacrack/images/training/S2DS_091.png,/hdd1/hieulc/datacrack/annotations/training/S2DS_091.png,train,S,QUARANTINE_UNCERTIFIED_EMPTY_GT,untrusted empty-GT in contaminated source
S2DS_092.png,/hdd1/hieulc/datacrack/images/training/S2DS_092.png,/hdd1/hieulc/datacrack/annotations/training/S2DS_092.png,train,S,QUARANTINE_UNCERTIFIED_EMPTY_GT,untrusted empty-GT in contaminated source
S2DS_093.png,/hdd1/hieulc/datacrack/images/training/S2DS_093.png,/hdd1/hieulc/datacrack/annotations/training/S2DS_093.png,train,S,QUARANTINE_UNCERTIFIED_EMPTY_GT,untrusted empty-GT in contaminated source
S2DS_094.png,/hdd1/hieulc/datacrack/images/training/S2DS_094.png,/hdd1/hieulc/datacrack/annotations/training/S2DS_094.png,train,S,QUARANTINE_UNCERTIFIED_EMPTY_GT,untrusted empty-GT in contaminated source
S2DS_096.png,/hdd1/hieulc/datacrack/images/training/S2DS_096.png,/hdd1/hieulc/datacrack/annotations/training/S2DS_096.png,train,S,QUARANTINE_UNCERTIFIED_EMPTY_GT,untrusted empty-GT in contaminated source
S2DS_097.png,/hdd1/hieulc/datacrack/images/training/S2DS_097.png,/hdd1/hieulc/datacrack/annotations/training/S2DS_097.png,train,S,QUARANTINE_UNCERTIFIED_EMPTY_GT,untrusted empty-GT in contaminated source
S2DS_099.png,/hdd1/hieulc/datacrack/images/training/S2DS_099.png,/hdd1/hieulc/datacrack/annotations/training/S2DS_099.png,train,S,QUARANTINE_UNCERTIFIED_EMPTY_GT,untrusted empty-GT in contaminated source
S2DS_100.png,/hdd1/hieulc/datacrack/images/training/S2DS_100.png,/hdd1/hieulc/datacrack/annotations/training/S2DS_100.png,train,S,QUARANTINE_UNCERTIFIED_EMPTY_GT,untrusted empty-GT in contaminated source
S2DS_101.png,/hdd1/hieulc/datacrack/images/training/S2DS_101.png,/hdd1/hieulc/datacrack/annotations/training/S2DS_101.png,train,S,QUARANTINE_UNCERTIFIED_EMPTY_GT,untrusted empty-GT in contaminated source
S2DS_102.png,/hdd1/hieulc/datacrack/images/training/S2DS_102.png,/hdd1/hieulc/datacrack/annotations/training/S2DS_102.png,train,S,QUARANTINE_UNCERTIFIED_EMPTY_GT,untrusted empty-GT in contaminated source
S2DS_105.png,/hdd1/hieulc/datacrack/images/training/S2DS_105.png,/hdd1/hieulc/datacrack/annotations/training/S2DS_105.png,train,S,QUARANTINE_UNCERTIFIED_EMPTY_GT,untrusted empty-GT in contaminated source
S2DS_106.png,/hdd1/hieulc/datacrack/images/training/S2DS_106.png,/hdd1/hieulc/datacrack/annotations/training/S2DS_106.png,train,S,QUARANTINE_UNCERTIFIED_EMPTY_GT,untrusted empty-GT in contaminated source
S2DS_107.png,/hdd1/hieulc/datacrack/images/training/S2DS_107.png,/hdd1/hieulc/datacrack/annotations/training/S2DS_107.png,train,S,QUARANTINE_UNCERTIFIED_EMPTY_GT,untrusted empty-GT in contaminated source
S2DS_108.png,/hdd1/hieulc/datacrack/images/training/S2DS_108.png,/hdd1/hieulc/datacrack/annotations/training/S2DS_108.png,train,S,QUARANTINE_UNCERTIFIED_EMPTY_GT,untrusted empty-GT in contaminated source
S2DS_109.png,/hdd1/hieulc/datacrack/images/training/S2DS_109.png,/hdd1/hieulc/datacrack/annotations/training/S2DS_109.png,train,S,QUARANTINE_UNCERTIFIED_EMPTY_GT,untrusted empty-GT in contaminated source
S2DS_110.png,/hdd1/hieulc/datacrack/images/training/S2DS_110.png,/hdd1/hieulc/datacrack/annotations/training/S2DS_110.png,train,S,QUARANTINE_UNCERTIFIED_EMPTY_GT,untrusted empty-GT in contaminated source
S2DS_111.png,/hdd1/hieulc/datacrack/images/training/S2DS_111.png,/hdd1/hieulc/datacrack/annotations/training/S2DS_111.png,train,S,QUARANTINE_UNCERTIFIED_EMPTY_GT,untrusted empty-GT in contaminated source
S2DS_113.png,/hdd1/hieulc/datacrack/images/training/S2DS_113.png,/hdd1/hieulc/datacrack/annotations/training/S2DS_113.png,train,S,QUARANTINE_UNCERTIFIED_EMPTY_GT,untrusted empty-GT in contaminated source
S2DS_114.png,/hdd1/hieulc/datacrack/images/training/S2DS_114.png,/hdd1/hieulc/datacrack/annotations/training/S2DS_114.png,train,S,QUARANTINE_UNCERTIFIED_EMPTY_GT,untrusted empty-GT in contaminated source
S2DS_115.png,/hdd1/hieulc/datacrack/images/training/S2DS_115.png,/hdd1/hieulc/datacrack/annotations/training/S2DS_115.png,train,S,QUARANTINE_UNCERTIFIED_EMPTY_GT,untrusted empty-GT in contaminated source
S2DS_116.png,/hdd1/hieulc/datacrack/images/training/S2DS_116.png,/hdd1/hieulc/datacrack/annotations/training/S2DS_116.png,train,S,QUARANTINE_UNCERTIFIED_EMPTY_GT,untrusted empty-GT in contaminated source
S2DS_119.png,/hdd1/hieulc/datacrack/images/training/S2DS_119.png,/hdd1/hieulc/datacrack/annotations/training/S2DS_119.png,train,S,QUARANTINE_UNCERTIFIED_EMPTY_GT,untrusted empty-GT in contaminated source
S2DS_120.png,/hdd1/hieulc/datacrack/images/training/S2DS_120.png,/hdd1/hieulc/datacrack/annotations/training/S2DS_120.png,train,S,QUARANTINE_UNCERTIFIED_EMPTY_GT,untrusted empty-GT in contaminated source
S2DS_121.png,/hdd1/hieulc/datacrack/images/training/S2DS_121.png,/hdd1/hieulc/datacrack/annotations/training/S2DS_121.png,train,S,QUARANTINE_UNCERTIFIED_EMPTY_GT,untrusted empty-GT in contaminated source
S2DS_122.png,/hdd1/hieulc/datacrack/images/training/S2DS_122.png,/hdd1/hieulc/datacrack/annotations/training/S2DS_122.png,train,S,QUARANTINE_UNCERTIFIED_EMPTY_GT,untrusted empty-GT in contaminated source
S2DS_124.png,/hdd1/hieulc/datacrack/images/training/S2DS_124.png,/hdd1/hieulc/datacrack/annotations/training/S2DS_124.png,train,S,QUARANTINE_UNCERTIFIED_EMPTY_GT,untrusted empty-GT in contaminated source
S2DS_125.png,/hdd1/hieulc/datacrack/images/training/S2DS_125.png,/hdd1/hieulc/datacrack/annotations/training/S2DS_125.png,train,S,QUARANTINE_UNCERTIFIED_EMPTY_GT,untrusted empty-GT in contaminated source
S2DS_130.png,/hdd1/hieulc/datacrack/images/training/S2DS_130.png,/hdd1/hieulc/datacrack/annotations/training/S2DS_130.png,train,S,QUARANTINE_UNCERTIFIED_EMPTY_GT,untrusted empty-GT in contaminated source
S2DS_131.png,/hdd1/hieulc/datacrack/images/training/S2DS_131.png,/hdd1/hieulc/datacrack/annotations/training/S2DS_131.png,train,S,QUARANTINE_UNCERTIFIED_EMPTY_GT,untrusted empty-GT in contaminated source
S2DS_132.png,/hdd1/hieulc/datacrack/images/training/S2DS_132.png,/hdd1/hieulc/datacrack/annotations/training/S2DS_132.png,train,S,QUARANTINE_UNCERTIFIED_EMPTY_GT,untrusted empty-GT in contaminated source
S2DS_134.png,/hdd1/hieulc/datacrack/images/training/S2DS_134.png,/hdd1/hieulc/datacrack/annotations/training/S2DS_134.png,train,S,QUARANTINE_UNCERTIFIED_EMPTY_GT,untrusted empty-GT in contaminated source
S2DS_135.png,/hdd1/hieulc/datacrack/images/training/S2DS_135.png,/hdd1/hieulc/datacrack/annotations/training/S2DS_135.png,train,S,QUARANTINE_UNCERTIFIED_EMPTY_GT,untrusted empty-GT in contaminated source
S2DS_136.png,/hdd1/hieulc/datacrack/images/training/S2DS_136.png,/hdd1/hieulc/datacrack/annotations/training/S2DS_136.png,train,S,QUARANTINE_UNCERTIFIED_EMPTY_GT,untrusted empty-GT in contaminated source
S2DS_137.png,/hdd1/hieulc/datacrack/images/training/S2DS_137.png,/hdd1/hieulc/datacrack/annotations/training/S2DS_137.png,train,S,QUARANTINE_UNCERTIFIED_EMPTY_GT,untrusted empty-GT in contaminated source
S2DS_138.png,/hdd1/hieulc/datacrack/images/training/S2DS_138.png,/hdd1/hieulc/datacrack/annotations/training/S2DS_138.png,train,S,QUARANTINE_UNCERTIFIED_EMPTY_GT,untrusted empty-GT in contaminated source
S2DS_139.png,/hdd1/hieulc/datacrack/images/training/S2DS_139.png,/hdd1/hieulc/datacrack/annotations/training/S2DS_139.png,train,S,QUARANTINE_UNCERTIFIED_EMPTY_GT,untrusted empty-GT in contaminated source
S2DS_140.png,/hdd1/hieulc/datacrack/images/training/S2DS_140.png,/hdd1/hieulc/datacrack/annotations/training/S2DS_140.png,train,S,QUARANTINE_UNCERTIFIED_EMPTY_GT,untrusted empty-GT in contaminated source
S2DS_141.png,/hdd1/hieulc/datacrack/images/training/S2DS_141.png,/hdd1/hieulc/datacrack/annotations/training/S2DS_141.png,train,S,QUARANTINE_UNCERTIFIED_EMPTY_GT,untrusted empty-GT in contaminated source
S2DS_142.png,/hdd1/hieulc/datacrack/images/training/S2DS_142.png,/hdd1/hieulc/datacrack/annotations/training/S2DS_142.png,train,S,QUARANTINE_UNCERTIFIED_EMPTY_GT,untrusted empty-GT in contaminated source
S2DS_146.png,/hdd1/hieulc/datacrack/images/training/S2DS_146.png,/hdd1/hieulc/datacrack/annotations/training/S2DS_146.png,train,S,QUARANTINE_UNCERTIFIED_EMPTY_GT,untrusted empty-GT in contaminated source
S2DS_147.png,/hdd1/hieulc/datacrack/images/training/S2DS_147.png,/hdd1/hieulc/datacrack/annotations/training/S2DS_147.png,train,S,QUARANTINE_UNCERTIFIED_EMPTY_GT,untrusted empty-GT in contaminated source
S2DS_148.png,/hdd1/hieulc/datacrack/images/training/S2DS_148.png,/hdd1/hieulc/datacrack/annotations/training/S2DS_148.png,train,S,QUARANTINE_UNCERTIFIED_EMPTY_GT,untrusted empty-GT in contaminated source
S2DS_150.png,/hdd1/hieulc/datacrack/images/training/S2DS_150.png,/hdd1/hieulc/datacrack/annotations/training/S2DS_150.png,train,S,QUARANTINE_UNCERTIFIED_EMPTY_GT,untrusted empty-GT in contaminated source
S2DS_151.png,/hdd1/hieulc/datacrack/images/training/S2DS_151.png,/hdd1/hieulc/datacrack/annotations/training/S2DS_151.png,train,S,QUARANTINE_UNCERTIFIED_EMPTY_GT,untrusted empty-GT in contaminated source
S2DS_153.png,/hdd1/hieulc/datacrack/images/training/S2DS_153.png,/hdd1/hieulc/datacrack/annotations/training/S2DS_153.png,train,S,QUARANTINE_UNCERTIFIED_EMPTY_GT,untrusted empty-GT in contaminated source
S2DS_154.png,/hdd1/hieulc/datacrack/images/training/S2DS_154.png,/hdd1/hieulc/datacrack/annotations/training/S2DS_154.png,train,S,QUARANTINE_UNCERTIFIED_EMPTY_GT,untrusted empty-GT in contaminated source
S2DS_155.png,/hdd1/hieulc/datacrack/images/training/S2DS_155.png,/hdd1/hieulc/datacrack/annotations/training/S2DS_155.png,train,S,QUARANTINE_UNCERTIFIED_EMPTY_GT,untrusted empty-GT in contaminated source
S2DS_156.png,/hdd1/hieulc/datacrack/images/training/S2DS_156.png,/hdd1/hieulc/datacrack/annotations/training/S2DS_156.png,train,S,QUARANTINE_UNCERTIFIED_EMPTY_GT,untrusted empty-GT in contaminated source
S2DS_157.png,/hdd1/hieulc/datacrack/images/training/S2DS_157.png,/hdd1/hieulc/datacrack/annotations/training/S2DS_157.png,train,S,QUARANTINE_UNCERTIFIED_EMPTY_GT,untrusted empty-GT in contaminated source
S2DS_158.png,/hdd1/hieulc/datacrack/images/training/S2DS_158.png,/hdd1/hieulc/datacrack/annotations/training/S2DS_158.png,train,S,QUARANTINE_UNCERTIFIED_EMPTY_GT,untrusted empty-GT in contaminated source
S2DS_159.png,/hdd1/hieulc/datacrack/images/training/S2DS_159.png,/hdd1/hieulc/datacrack/annotations/training/S2DS_159.png,train,S,QUARANTINE_UNCERTIFIED_EMPTY_GT,untrusted empty-GT in contaminated source
S2DS_161.png,/hdd1/hieulc/datacrack/images/training/S2DS_161.png,/hdd1/hieulc/datacrack/annotations/training/S2DS_161.png,train,S,QUARANTINE_UNCERTIFIED_EMPTY_GT,untrusted empty-GT in contaminated source
S2DS_165.png,/hdd1/hieulc/datacrack/images/training/S2DS_165.png,/hdd1/hieulc/datacrack/annotations/training/S2DS_165.png,train,S,QUARANTINE_UNCERTIFIED_EMPTY_GT,untrusted empty-GT in contaminated source
S2DS_167.png,/hdd1/hieulc/datacrack/images/training/S2DS_167.png,/hdd1/hieulc/datacrack/annotations/training/S2DS_167.png,train,S,QUARANTINE_UNCERTIFIED_EMPTY_GT,untrusted empty-GT in contaminated source
S2DS_169.png,/hdd1/hieulc/datacrack/images/training/S2DS_169.png,/hdd1/hieulc/datacrack/annotations/training/S2DS_169.png,train,S,QUARANTINE_UNCERTIFIED_EMPTY_GT,untrusted empty-GT in contaminated source
S2DS_171.png,/hdd1/hieulc/datacrack/images/training/S2DS_171.png,/hdd1/hieulc/datacrack/annotations/training/S2DS_171.png,train,S,QUARANTINE_UNCERTIFIED_EMPTY_GT,untrusted empty-GT in contaminated source
S2DS_172.png,/hdd1/hieulc/datacrack/images/training/S2DS_172.png,/hdd1/hieulc/datacrack/annotations/training/S2DS_172.png,train,S,QUARANTINE_UNCERTIFIED_EMPTY_GT,untrusted empty-GT in contaminated source
S2DS_173.png,/hdd1/hieulc/datacrack/images/training/S2DS_173.png,/hdd1/hieulc/datacrack/annotations/training/S2DS_173.png,train,S,QUARANTINE_UNCERTIFIED_EMPTY_GT,untrusted empty-GT in contaminated source
S2DS_176.png,/hdd1/hieulc/datacrack/images/training/S2DS_176.png,/hdd1/hieulc/datacrack/annotations/training/S2DS_176.png,train,S,QUARANTINE_UNCERTIFIED_EMPTY_GT,untrusted empty-GT in contaminated source
S2DS_178.png,/hdd1/hieulc/datacrack/images/training/S2DS_178.png,/hdd1/hieulc/datacrack/annotations/training/S2DS_178.png,train,S,QUARANTINE_UNCERTIFIED_EMPTY_GT,untrusted empty-GT in contaminated source
S2DS_179.png,/hdd1/hieulc/datacrack/images/training/S2DS_179.png,/hdd1/hieulc/datacrack/annotations/training/S2DS_179.png,train,S,QUARANTINE_UNCERTIFIED_EMPTY_GT,untrusted empty-GT in contaminated source
S2DS_180.png,/hdd1/hieulc/datacrack/images/training/S2DS_180.png,/hdd1/hieulc/datacrack/annotations/training/S2DS_180.png,train,S,QUARANTINE_UNCERTIFIED_EMPTY_GT,untrusted empty-GT in contaminated source
S2DS_181.png,/hdd1/hieulc/datacrack/images/training/S2DS_181.png,/hdd1/hieulc/datacrack/annotations/training/S2DS_181.png,train,S,QUARANTINE_UNCERTIFIED_EMPTY_GT,untrusted empty-GT in contaminated source
S2DS_182.png,/hdd1/hieulc/datacrack/images/training/S2DS_182.png,/hdd1/hieulc/datacrack/annotations/training/S2DS_182.png,train,S,QUARANTINE_UNCERTIFIED_EMPTY_GT,untrusted empty-GT in contaminated source
S2DS_183.png,/hdd1/hieulc/datacrack/images/training/S2DS_183.png,/hdd1/hieulc/datacrack/annotations/training/S2DS_183.png,train,S,QUARANTINE_UNCERTIFIED_EMPTY_GT,untrusted empty-GT in contaminated source
S2DS_184.png,/hdd1/hieulc/datacrack/images/training/S2DS_184.png,/hdd1/hieulc/datacrack/annotations/training/S2DS_184.png,train,S,QUARANTINE_UNCERTIFIED_EMPTY_GT,untrusted empty-GT in contaminated source
S2DS_185.png,/hdd1/hieulc/datacrack/images/training/S2DS_185.png,/hdd1/hieulc/datacrack/annotations/training/S2DS_185.png,train,S,QUARANTINE_UNCERTIFIED_EMPTY_GT,untrusted empty-GT in contaminated source
S2DS_188.png,/hdd1/hieulc/datacrack/images/training/S2DS_188.png,/hdd1/hieulc/datacrack/annotations/training/S2DS_188.png,train,S,QUARANTINE_UNCERTIFIED_EMPTY_GT,untrusted empty-GT in contaminated source
S2DS_190.png,/hdd1/hieulc/datacrack/images/training/S2DS_190.png,/hdd1/hieulc/datacrack/annotations/training/S2DS_190.png,train,S,QUARANTINE_UNCERTIFIED_EMPTY_GT,untrusted empty-GT in contaminated source
S2DS_192.png,/hdd1/hieulc/datacrack/images/training/S2DS_192.png,/hdd1/hieulc/datacrack/annotations/training/S2DS_192.png,train,S,QUARANTINE_UNCERTIFIED_EMPTY_GT,untrusted empty-GT in contaminated source
S2DS_193.png,/hdd1/hieulc/datacrack/images/training/S2DS_193.png,/hdd1/hieulc/datacrack/annotations/training/S2DS_193.png,train,S,QUARANTINE_UNCERTIFIED_EMPTY_GT,untrusted empty-GT in contaminated source
S2DS_194.png,/hdd1/hieulc/datacrack/images/training/S2DS_194.png,/hdd1/hieulc/datacrack/annotations/training/S2DS_194.png,train,S,QUARANTINE_UNCERTIFIED_EMPTY_GT,untrusted empty-GT in contaminated source
S2DS_195.png,/hdd1/hieulc/datacrack/images/training/S2DS_195.png,/hdd1/hieulc/datacrack/annotations/training/S2DS_195.png,train,S,QUARANTINE_UNCERTIFIED_EMPTY_GT,untrusted empty-GT in contaminated source
S2DS_196.png,/hdd1/hieulc/datacrack/images/training/S2DS_196.png,/hdd1/hieulc/datacrack/annotations/training/S2DS_196.png,train,S,QUARANTINE_UNCERTIFIED_EMPTY_GT,untrusted empty-GT in contaminated source
S2DS_197.png,/hdd1/hieulc/datacrack/images/training/S2DS_197.png,/hdd1/hieulc/datacrack/annotations/training/S2DS_197.png,train,S,QUARANTINE_UNCERTIFIED_EMPTY_GT,untrusted empty-GT in contaminated source
S2DS_198.png,/hdd1/hieulc/datacrack/images/training/S2DS_198.png,/hdd1/hieulc/datacrack/annotations/training/S2DS_198.png,train,S,QUARANTINE_UNCERTIFIED_EMPTY_GT,untrusted empty-GT in contaminated source
S2DS_199.png,/hdd1/hieulc/datacrack/images/training/S2DS_199.png,/hdd1/hieulc/datacrack/annotations/training/S2DS_199.png,train,S,QUARANTINE_UNCERTIFIED_EMPTY_GT,untrusted empty-GT in contaminated source
S2DS_202.png,/hdd1/hieulc/datacrack/images/training/S2DS_202.png,/hdd1/hieulc/datacrack/annotations/training/S2DS_202.png,train,S,QUARANTINE_UNCERTIFIED_EMPTY_GT,untrusted empty-GT in contaminated source
S2DS_203.png,/hdd1/hieulc/datacrack/images/training/S2DS_203.png,/hdd1/hieulc/datacrack/annotations/training/S2DS_203.png,train,S,QUARANTINE_UNCERTIFIED_EMPTY_GT,untrusted empty-GT in contaminated source
S2DS_205.png,/hdd1/hieulc/datacrack/images/training/S2DS_205.png,/hdd1/hieulc/datacrack/annotations/training/S2DS_205.png,train,S,QUARANTINE_UNCERTIFIED_EMPTY_GT,untrusted empty-GT in contaminated source
S2DS_206.png,/hdd1/hieulc/datacrack/images/training/S2DS_206.png,/hdd1/hieulc/datacrack/annotations/training/S2DS_206.png,train,S,QUARANTINE_UNCERTIFIED_EMPTY_GT,untrusted empty-GT in contaminated source
S2DS_209.png,/hdd1/hieulc/datacrack/images/training/S2DS_209.png,/hdd1/hieulc/datacrack/annotations/training/S2DS_209.png,train,S,QUARANTINE_UNCERTIFIED_EMPTY_GT,untrusted empty-GT in contaminated source
S2DS_210.png,/hdd1/hieulc/datacrack/images/training/S2DS_210.png,/hdd1/hieulc/datacrack/annotations/training/S2DS_210.png,train,S,QUARANTINE_UNCERTIFIED_EMPTY_GT,untrusted empty-GT in contaminated source
S2DS_211.png,/hdd1/hieulc/datacrack/images/training/S2DS_211.png,/hdd1/hieulc/datacrack/annotations/training/S2DS_211.png,train,S,QUARANTINE_UNCERTIFIED_EMPTY_GT,untrusted empty-GT in contaminated source
S2DS_212.png,/hdd1/hieulc/datacrack/images/training/S2DS_212.png,/hdd1/hieulc/datacrack/annotations/training/S2DS_212.png,train,S,QUARANTINE_UNCERTIFIED_EMPTY_GT,untrusted empty-GT in contaminated source
S2DS_213.png,/hdd1/hieulc/datacrack/images/training/S2DS_213.png,/hdd1/hieulc/datacrack/annotations/training/S2DS_213.png,train,S,QUARANTINE_UNCERTIFIED_EMPTY_GT,untrusted empty-GT in contaminated source
S2DS_214.png,/hdd1/hieulc/datacrack/images/training/S2DS_214.png,/hdd1/hieulc/datacrack/annotations/training/S2DS_214.png,train,S,QUARANTINE_UNCERTIFIED_EMPTY_GT,untrusted empty-GT in contaminated source
S2DS_215.png,/hdd1/hieulc/datacrack/images/training/S2DS_215.png,/hdd1/hieulc/datacrack/annotations/training/S2DS_215.png,train,S,QUARANTINE_UNCERTIFIED_EMPTY_GT,untrusted empty-GT in contaminated source
S2DS_217.png,/hdd1/hieulc/datacrack/images/training/S2DS_217.png,/hdd1/hieulc/datacrack/annotations/training/S2DS_217.png,train,S,QUARANTINE_UNCERTIFIED_EMPTY_GT,untrusted empty-GT in contaminated source
S2DS_219.png,/hdd1/hieulc/datacrack/images/training/S2DS_219.png,/hdd1/hieulc/datacrack/annotations/training/S2DS_219.png,train,S,QUARANTINE_UNCERTIFIED_EMPTY_GT,untrusted empty-GT in contaminated source
S2DS_220.png,/hdd1/hieulc/datacrack/images/training/S2DS_220.png,/hdd1/hieulc/datacrack/annotations/training/S2DS_220.png,train,S,QUARANTINE_UNCERTIFIED_EMPTY_GT,untrusted empty-GT in contaminated source
S2DS_222.png,/hdd1/hieulc/datacrack/images/training/S2DS_222.png,/hdd1/hieulc/datacrack/annotations/training/S2DS_222.png,train,S,QUARANTINE_UNCERTIFIED_EMPTY_GT,untrusted empty-GT in contaminated source
S2DS_223.png,/hdd1/hieulc/datacrack/images/training/S2DS_223.png,/hdd1/hieulc/datacrack/annotations/training/S2DS_223.png,train,S,QUARANTINE_UNCERTIFIED_EMPTY_GT,untrusted empty-GT in contaminated source
S2DS_224.png,/hdd1/hieulc/datacrack/images/training/S2DS_224.png,/hdd1/hieulc/datacrack/annotations/training/S2DS_224.png,train,S,QUARANTINE_UNCERTIFIED_EMPTY_GT,untrusted empty-GT in contaminated source
S2DS_225.png,/hdd1/hieulc/datacrack/images/training/S2DS_225.png,/hdd1/hieulc/datacrack/annotations/training/S2DS_225.png,train,S,QUARANTINE_UNCERTIFIED_EMPTY_GT,untrusted empty-GT in contaminated source
S2DS_226.png,/hdd1/hieulc/datacrack/images/training/S2DS_226.png,/hdd1/hieulc/datacrack/annotations/training/S2DS_226.png,train,S,QUARANTINE_UNCERTIFIED_EMPTY_GT,untrusted empty-GT in contaminated source
S2DS_227.png,/hdd1/hieulc/datacrack/images/training/S2DS_227.png,/hdd1/hieulc/datacrack/annotations/training/S2DS_227.png,train,S,QUARANTINE_UNCERTIFIED_EMPTY_GT,untrusted empty-GT in contaminated source
S2DS_228.png,/hdd1/hieulc/datacrack/images/training/S2DS_228.png,/hdd1/hieulc/datacrack/annotations/training/S2DS_228.png,train,S,QUARANTINE_UNCERTIFIED_EMPTY_GT,untrusted empty-GT in contaminated source
S2DS_229.png,/hdd1/hieulc/datacrack/images/training/S2DS_229.png,/hdd1/hieulc/datacrack/annotations/training/S2DS_229.png,train,S,QUARANTINE_UNCERTIFIED_EMPTY_GT,untrusted empty-GT in contaminated source
S2DS_232.png,/hdd1/hieulc/datacrack/images/training/S2DS_232.png,/hdd1/hieulc/datacrack/annotations/training/S2DS_232.png,train,S,QUARANTINE_UNCERTIFIED_EMPTY_GT,untrusted empty-GT in contaminated source
S2DS_233.png,/hdd1/hieulc/datacrack/images/training/S2DS_233.png,/hdd1/hieulc/datacrack/annotations/training/S2DS_233.png,train,S,QUARANTINE_UNCERTIFIED_EMPTY_GT,untrusted empty-GT in contaminated source
S2DS_234.png,/hdd1/hieulc/datacrack/images/training/S2DS_234.png,/hdd1/hieulc/datacrack/annotations/training/S2DS_234.png,train,S,QUARANTINE_UNCERTIFIED_EMPTY_GT,untrusted empty-GT in contaminated source
S2DS_235.png,/hdd1/hieulc/datacrack/images/training/S2DS_235.png,/hdd1/hieulc/datacrack/annotations/training/S2DS_235.png,train,S,QUARANTINE_UNCERTIFIED_EMPTY_GT,untrusted empty-GT in contaminated source
S2DS_236.png,/hdd1/hieulc/datacrack/images/training/S2DS_236.png,/hdd1/hieulc/datacrack/annotations/training/S2DS_236.png,train,S,QUARANTINE_UNCERTIFIED_EMPTY_GT,untrusted empty-GT in contaminated source
S2DS_237.png,/hdd1/hieulc/datacrack/images/training/S2DS_237.png,/hdd1/hieulc/datacrack/annotations/training/S2DS_237.png,train,S,QUARANTINE_UNCERTIFIED_EMPTY_GT,untrusted empty-GT in contaminated source
S2DS_238.png,/hdd1/hieulc/datacrack/images/training/S2DS_238.png,/hdd1/hieulc/datacrack/annotations/training/S2DS_238.png,train,S,QUARANTINE_UNCERTIFIED_EMPTY_GT,untrusted empty-GT in contaminated source
S2DS_242.png,/hdd1/hieulc/datacrack/images/training/S2DS_242.png,/hdd1/hieulc/datacrack/annotations/training/S2DS_242.png,train,S,QUARANTINE_UNCERTIFIED_EMPTY_GT,untrusted empty-GT in contaminated source
S2DS_245.png,/hdd1/hieulc/datacrack/images/training/S2DS_245.png,/hdd1/hieulc/datacrack/annotations/training/S2DS_245.png,train,S,QUARANTINE_UNCERTIFIED_EMPTY_GT,untrusted empty-GT in contaminated source
S2DS_247.png,/hdd1/hieulc/datacrack/images/training/S2DS_247.png,/hdd1/hieulc/datacrack/annotations/training/S2DS_247.png,train,S,QUARANTINE_UNCERTIFIED_EMPTY_GT,untrusted empty-GT in contaminated source
S2DS_249.png,/hdd1/hieulc/datacrack/images/training/S2DS_249.png,/hdd1/hieulc/datacrack/annotations/training/S2DS_249.png,train,S,QUARANTINE_UNCERTIFIED_EMPTY_GT,untrusted empty-GT in contaminated source
S2DS_251.png,/hdd1/hieulc/datacrack/images/training/S2DS_251.png,/hdd1/hieulc/datacrack/annotations/training/S2DS_251.png,train,S,QUARANTINE_UNCERTIFIED_EMPTY_GT,untrusted empty-GT in contaminated source
S2DS_252.png,/hdd1/hieulc/datacrack/images/training/S2DS_252.png,/hdd1/hieulc/datacrack/annotations/training/S2DS_252.png,train,S,QUARANTINE_UNCERTIFIED_EMPTY_GT,untrusted empty-GT in contaminated source
S2DS_254.png,/hdd1/hieulc/datacrack/images/training/S2DS_254.png,/hdd1/hieulc/datacrack/annotations/training/S2DS_254.png,train,S,QUARANTINE_UNCERTIFIED_EMPTY_GT,untrusted empty-GT in contaminated source
S2DS_255.png,/hdd1/hieulc/datacrack/images/training/S2DS_255.png,/hdd1/hieulc/datacrack/annotations/training/S2DS_255.png,train,S,QUARANTINE_UNCERTIFIED_EMPTY_GT,untrusted empty-GT in contaminated source
S2DS_256.png,/hdd1/hieulc/datacrack/images/training/S2DS_256.png,/hdd1/hieulc/datacrack/annotations/training/S2DS_256.png,train,S,QUARANTINE_UNCERTIFIED_EMPTY_GT,untrusted empty-GT in contaminated source
S2DS_257.png,/hdd1/hieulc/datacrack/images/training/S2DS_257.png,/hdd1/hieulc/datacrack/annotations/training/S2DS_257.png,train,S,QUARANTINE_UNCERTIFIED_EMPTY_GT,untrusted empty-GT in contaminated source
S2DS_259.png,/hdd1/hieulc/datacrack/images/training/S2DS_259.png,/hdd1/hieulc/datacrack/annotations/training/S2DS_259.png,train,S,QUARANTINE_UNCERTIFIED_EMPTY_GT,untrusted empty-GT in contaminated source
S2DS_260.png,/hdd1/hieulc/datacrack/images/training/S2DS_260.png,/hdd1/hieulc/datacrack/annotations/training/S2DS_260.png,train,S,QUARANTINE_UNCERTIFIED_EMPTY_GT,untrusted empty-GT in contaminated source
S2DS_264.png,/hdd1/hieulc/datacrack/images/training/S2DS_264.png,/hdd1/hieulc/datacrack/annotations/training/S2DS_264.png,train,S,QUARANTINE_UNCERTIFIED_EMPTY_GT,untrusted empty-GT in contaminated source
S2DS_265.png,/hdd1/hieulc/datacrack/images/training/S2DS_265.png,/hdd1/hieulc/datacrack/annotations/training/S2DS_265.png,train,S,QUARANTINE_UNCERTIFIED_EMPTY_GT,untrusted empty-GT in contaminated source
S2DS_266.png,/hdd1/hieulc/datacrack/images/training/S2DS_266.png,/hdd1/hieulc/datacrack/annotations/training/S2DS_266.png,train,S,QUARANTINE_UNCERTIFIED_EMPTY_GT,untrusted empty-GT in contaminated source
S2DS_269.png,/hdd1/hieulc/datacrack/images/training/S2DS_269.png,/hdd1/hieulc/datacrack/annotations/training/S2DS_269.png,train,S,QUARANTINE_UNCERTIFIED_EMPTY_GT,untrusted empty-GT in contaminated source
S2DS_272.png,/hdd1/hieulc/datacrack/images/training/S2DS_272.png,/hdd1/hieulc/datacrack/annotations/training/S2DS_272.png,train,S,QUARANTINE_UNCERTIFIED_EMPTY_GT,untrusted empty-GT in contaminated source
S2DS_273.png,/hdd1/hieulc/datacrack/images/training/S2DS_273.png,/hdd1/hieulc/datacrack/annotations/training/S2DS_273.png,train,S,QUARANTINE_UNCERTIFIED_EMPTY_GT,untrusted empty-GT in contaminated source
S2DS_274.png,/hdd1/hieulc/datacrack/images/training/S2DS_274.png,/hdd1/hieulc/datacrack/annotations/training/S2DS_274.png,train,S,QUARANTINE_UNCERTIFIED_EMPTY_GT,untrusted empty-GT in contaminated source
S2DS_275.png,/hdd1/hieulc/datacrack/images/training/S2DS_275.png,/hdd1/hieulc/datacrack/annotations/training/S2DS_275.png,train,S,QUARANTINE_UNCERTIFIED_EMPTY_GT,untrusted empty-GT in contaminated source
S2DS_277.png,/hdd1/hieulc/datacrack/images/training/S2DS_277.png,/hdd1/hieulc/datacrack/annotations/training/S2DS_277.png,train,S,QUARANTINE_UNCERTIFIED_EMPTY_GT,untrusted empty-GT in contaminated source
S2DS_280.png,/hdd1/hieulc/datacrack/images/training/S2DS_280.png,/hdd1/hieulc/datacrack/annotations/training/S2DS_280.png,train,S,QUARANTINE_UNCERTIFIED_EMPTY_GT,untrusted empty-GT in contaminated source
S2DS_281.png,/hdd1/hieulc/datacrack/images/training/S2DS_281.png,/hdd1/hieulc/datacrack/annotations/training/S2DS_281.png,train,S,QUARANTINE_UNCERTIFIED_EMPTY_GT,untrusted empty-GT in contaminated source
S2DS_282.png,/hdd1/hieulc/datacrack/images/training/S2DS_282.png,/hdd1/hieulc/datacrack/annotations/training/S2DS_282.png,train,S,QUARANTINE_UNCERTIFIED_EMPTY_GT,untrusted empty-GT in contaminated source
S2DS_283.png,/hdd1/hieulc/datacrack/images/training/S2DS_283.png,/hdd1/hieulc/datacrack/annotations/training/S2DS_283.png,train,S,QUARANTINE_UNCERTIFIED_EMPTY_GT,untrusted empty-GT in contaminated source
S2DS_286.png,/hdd1/hieulc/datacrack/images/training/S2DS_286.png,/hdd1/hieulc/datacrack/annotations/training/S2DS_286.png,train,S,QUARANTINE_UNCERTIFIED_EMPTY_GT,untrusted empty-GT in contaminated source
S2DS_287.png,/hdd1/hieulc/datacrack/images/training/S2DS_287.png,/hdd1/hieulc/datacrack/annotations/training/S2DS_287.png,train,S,QUARANTINE_UNCERTIFIED_EMPTY_GT,untrusted empty-GT in contaminated source
S2DS_289.png,/hdd1/hieulc/datacrack/images/training/S2DS_289.png,/hdd1/hieulc/datacrack/annotations/training/S2DS_289.png,train,S,QUARANTINE_UNCERTIFIED_EMPTY_GT,untrusted empty-GT in contaminated source
S2DS_291.png,/hdd1/hieulc/datacrack/images/training/S2DS_291.png,/hdd1/hieulc/datacrack/annotations/training/S2DS_291.png,train,S,QUARANTINE_UNCERTIFIED_EMPTY_GT,untrusted empty-GT in contaminated source
S2DS_293.png,/hdd1/hieulc/datacrack/images/training/S2DS_293.png,/hdd1/hieulc/datacrack/annotations/training/S2DS_293.png,train,S,QUARANTINE_UNCERTIFIED_EMPTY_GT,untrusted empty-GT in contaminated source
S2DS_294.png,/hdd1/hieulc/datacrack/images/training/S2DS_294.png,/hdd1/hieulc/datacrack/annotations/training/S2DS_294.png,train,S,QUARANTINE_UNCERTIFIED_EMPTY_GT,untrusted empty-GT in contaminated source
S2DS_296.png,/hdd1/hieulc/datacrack/images/training/S2DS_296.png,/hdd1/hieulc/datacrack/annotations/training/S2DS_296.png,train,S,QUARANTINE_UNCERTIFIED_EMPTY_GT,untrusted empty-GT in contaminated source
S2DS_298.png,/hdd1/hieulc/datacrack/images/training/S2DS_298.png,/hdd1/hieulc/datacrack/annotations/training/S2DS_298.png,train,S,QUARANTINE_UNCERTIFIED_EMPTY_GT,untrusted empty-GT in contaminated source
S2DS_299.png,/hdd1/hieulc/datacrack/images/training/S2DS_299.png,/hdd1/hieulc/datacrack/annotations/training/S2DS_299.png,train,S,QUARANTINE_UNCERTIFIED_EMPTY_GT,untrusted empty-GT in contaminated source
S2DS_302.png,/hdd1/hieulc/datacrack/images/training/S2DS_302.png,/hdd1/hieulc/datacrack/annotations/training/S2DS_302.png,train,S,QUARANTINE_UNCERTIFIED_EMPTY_GT,untrusted empty-GT in contaminated source
S2DS_303.png,/hdd1/hieulc/datacrack/images/training/S2DS_303.png,/hdd1/hieulc/datacrack/annotations/training/S2DS_303.png,train,S,QUARANTINE_UNCERTIFIED_EMPTY_GT,untrusted empty-GT in contaminated source
S2DS_305.png,/hdd1/hieulc/datacrack/images/training/S2DS_305.png,/hdd1/hieulc/datacrack/annotations/training/S2DS_305.png,train,S,QUARANTINE_UNCERTIFIED_EMPTY_GT,untrusted empty-GT in contaminated source
S2DS_306.png,/hdd1/hieulc/datacrack/images/training/S2DS_306.png,/hdd1/hieulc/datacrack/annotations/training/S2DS_306.png,train,S,QUARANTINE_UNCERTIFIED_EMPTY_GT,untrusted empty-GT in contaminated source
S2DS_308.png,/hdd1/hieulc/datacrack/images/training/S2DS_308.png,/hdd1/hieulc/datacrack/annotations/training/S2DS_308.png,train,S,QUARANTINE_UNCERTIFIED_EMPTY_GT,untrusted empty-GT in contaminated source
S2DS_309.png,/hdd1/hieulc/datacrack/images/training/S2DS_309.png,/hdd1/hieulc/datacrack/annotations/training/S2DS_309.png,train,S,QUARANTINE_UNCERTIFIED_EMPTY_GT,untrusted empty-GT in contaminated source
S2DS_310.png,/hdd1/hieulc/datacrack/images/training/S2DS_310.png,/hdd1/hieulc/datacrack/annotations/training/S2DS_310.png,train,S,QUARANTINE_UNCERTIFIED_EMPTY_GT,untrusted empty-GT in contaminated source
S2DS_311.png,/hdd1/hieulc/datacrack/images/training/S2DS_311.png,/hdd1/hieulc/datacrack/annotations/training/S2DS_311.png,train,S,QUARANTINE_UNCERTIFIED_EMPTY_GT,untrusted empty-GT in contaminated source
S2DS_313.png,/hdd1/hieulc/datacrack/images/training/S2DS_313.png,/hdd1/hieulc/datacrack/annotations/training/S2DS_313.png,train,S,QUARANTINE_UNCERTIFIED_EMPTY_GT,untrusted empty-GT in contaminated source
S2DS_314.png,/hdd1/hieulc/datacrack/images/training/S2DS_314.png,/hdd1/hieulc/datacrack/annotations/training/S2DS_314.png,train,S,QUARANTINE_UNCERTIFIED_EMPTY_GT,untrusted empty-GT in contaminated source
S2DS_315.png,/hdd1/hieulc/datacrack/images/training/S2DS_315.png,/hdd1/hieulc/datacrack/annotations/training/S2DS_315.png,train,S,QUARANTINE_UNCERTIFIED_EMPTY_GT,untrusted empty-GT in contaminated source
S2DS_316.png,/hdd1/hieulc/datacrack/images/training/S2DS_316.png,/hdd1/hieulc/datacrack/annotations/training/S2DS_316.png,train,S,QUARANTINE_UNCERTIFIED_EMPTY_GT,untrusted empty-GT in contaminated source
S2DS_317.png,/hdd1/hieulc/datacrack/images/training/S2DS_317.png,/hdd1/hieulc/datacrack/annotations/training/S2DS_317.png,train,S,QUARANTINE_UNCERTIFIED_EMPTY_GT,untrusted empty-GT in contaminated source
S2DS_318.png,/hdd1/hieulc/datacrack/images/training/S2DS_318.png,/hdd1/hieulc/datacrack/annotations/training/S2DS_318.png,train,S,QUARANTINE_UNCERTIFIED_EMPTY_GT,untrusted empty-GT in contaminated source
S2DS_319.png,/hdd1/hieulc/datacrack/images/training/S2DS_319.png,/hdd1/hieulc/datacrack/annotations/training/S2DS_319.png,train,S,QUARANTINE_UNCERTIFIED_EMPTY_GT,untrusted empty-GT in contaminated source
S2DS_320.png,/hdd1/hieulc/datacrack/images/training/S2DS_320.png,/hdd1/hieulc/datacrack/annotations/training/S2DS_320.png,train,S,QUARANTINE_UNCERTIFIED_EMPTY_GT,untrusted empty-GT in contaminated source
S2DS_321.png,/hdd1/hieulc/datacrack/images/training/S2DS_321.png,/hdd1/hieulc/datacrack/annotations/training/S2DS_321.png,train,S,QUARANTINE_UNCERTIFIED_EMPTY_GT,untrusted empty-GT in contaminated source
S2DS_322.png,/hdd1/hieulc/datacrack/images/training/S2DS_322.png,/hdd1/hieulc/datacrack/annotations/training/S2DS_322.png,train,S,QUARANTINE_UNCERTIFIED_EMPTY_GT,untrusted empty-GT in contaminated source
S2DS_324.png,/hdd1/hieulc/datacrack/images/training/S2DS_324.png,/hdd1/hieulc/datacrack/annotations/training/S2DS_324.png,train,S,QUARANTINE_UNCERTIFIED_EMPTY_GT,untrusted empty-GT in contaminated source
S2DS_325.png,/hdd1/hieulc/datacrack/images/training/S2DS_325.png,/hdd1/hieulc/datacrack/annotations/training/S2DS_325.png,train,S,QUARANTINE_UNCERTIFIED_EMPTY_GT,untrusted empty-GT in contaminated source
S2DS_327.png,/hdd1/hieulc/datacrack/images/training/S2DS_327.png,/hdd1/hieulc/datacrack/annotations/training/S2DS_327.png,train,S,QUARANTINE_UNCERTIFIED_EMPTY_GT,untrusted empty-GT in contaminated source
S2DS_328.png,/hdd1/hieulc/datacrack/images/training/S2DS_328.png,/hdd1/hieulc/datacrack/annotations/training/S2DS_328.png,train,S,QUARANTINE_UNCERTIFIED_EMPTY_GT,untrusted empty-GT in contaminated source
S2DS_330.png,/hdd1/hieulc/datacrack/images/training/S2DS_330.png,/hdd1/hieulc/datacrack/annotations/training/S2DS_330.png,train,S,QUARANTINE_UNCERTIFIED_EMPTY_GT,untrusted empty-GT in contaminated source
S2DS_331.png,/hdd1/hieulc/datacrack/images/training/S2DS_331.png,/hdd1/hieulc/datacrack/annotations/training/S2DS_331.png,train,S,QUARANTINE_UNCERTIFIED_EMPTY_GT,untrusted empty-GT in contaminated source
S2DS_332.png,/hdd1/hieulc/datacrack/images/training/S2DS_332.png,/hdd1/hieulc/datacrack/annotations/training/S2DS_332.png,train,S,QUARANTINE_UNCERTIFIED_EMPTY_GT,untrusted empty-GT in contaminated source
S2DS_333.png,/hdd1/hieulc/datacrack/images/training/S2DS_333.png,/hdd1/hieulc/datacrack/annotations/training/S2DS_333.png,train,S,QUARANTINE_UNCERTIFIED_EMPTY_GT,untrusted empty-GT in contaminated source
S2DS_334.png,/hdd1/hieulc/datacrack/images/training/S2DS_334.png,/hdd1/hieulc/datacrack/annotations/training/S2DS_334.png,train,S,QUARANTINE_UNCERTIFIED_EMPTY_GT,untrusted empty-GT in contaminated source
S2DS_335.png,/hdd1/hieulc/datacrack/images/training/S2DS_335.png,/hdd1/hieulc/datacrack/annotations/training/S2DS_335.png,train,S,QUARANTINE_UNCERTIFIED_EMPTY_GT,untrusted empty-GT in contaminated source
S2DS_336.png,/hdd1/hieulc/datacrack/images/training/S2DS_336.png,/hdd1/hieulc/datacrack/annotations/training/S2DS_336.png,train,S,QUARANTINE_UNCERTIFIED_EMPTY_GT,untrusted empty-GT in contaminated source
S2DS_337.png,/hdd1/hieulc/datacrack/images/training/S2DS_337.png,/hdd1/hieulc/datacrack/annotations/training/S2DS_337.png,train,S,QUARANTINE_UNCERTIFIED_EMPTY_GT,untrusted empty-GT in contaminated source
S2DS_338.png,/hdd1/hieulc/datacrack/images/training/S2DS_338.png,/hdd1/hieulc/datacrack/annotations/training/S2DS_338.png,train,S,QUARANTINE_UNCERTIFIED_EMPTY_GT,untrusted empty-GT in contaminated source
S2DS_340.png,/hdd1/hieulc/datacrack/images/training/S2DS_340.png,/hdd1/hieulc/datacrack/annotations/training/S2DS_340.png,train,S,QUARANTINE_UNCERTIFIED_EMPTY_GT,untrusted empty-GT in contaminated source
S2DS_341.png,/hdd1/hieulc/datacrack/images/training/S2DS_341.png,/hdd1/hieulc/datacrack/annotations/training/S2DS_341.png,train,S,QUARANTINE_UNCERTIFIED_EMPTY_GT,untrusted empty-GT in contaminated source
S2DS_342.png,/hdd1/hieulc/datacrack/images/training/S2DS_342.png,/hdd1/hieulc/datacrack/annotations/training/S2DS_342.png,train,S,QUARANTINE_UNCERTIFIED_EMPTY_GT,untrusted empty-GT in contaminated source
S2DS_344.png,/hdd1/hieulc/datacrack/images/training/S2DS_344.png,/hdd1/hieulc/datacrack/annotations/training/S2DS_344.png,train,S,QUARANTINE_UNCERTIFIED_EMPTY_GT,untrusted empty-GT in contaminated source
S2DS_345.png,/hdd1/hieulc/datacrack/images/training/S2DS_345.png,/hdd1/hieulc/datacrack/annotations/training/S2DS_345.png,train,S,QUARANTINE_UNCERTIFIED_EMPTY_GT,untrusted empty-GT in contaminated source
S2DS_346.png,/hdd1/hieulc/datacrack/images/training/S2DS_346.png,/hdd1/hieulc/datacrack/annotations/training/S2DS_346.png,train,S,QUARANTINE_UNCERTIFIED_EMPTY_GT,untrusted empty-GT in contaminated source
S2DS_348.png,/hdd1/hieulc/datacrack/images/training/S2DS_348.png,/hdd1/hieulc/datacrack/annotations/training/S2DS_348.png,train,S,QUARANTINE_UNCERTIFIED_EMPTY_GT,untrusted empty-GT in contaminated source
S2DS_349.png,/hdd1/hieulc/datacrack/images/training/S2DS_349.png,/hdd1/hieulc/datacrack/annotations/training/S2DS_349.png,train,S,QUARANTINE_UNCERTIFIED_EMPTY_GT,untrusted empty-GT in contaminated source
S2DS_352.png,/hdd1/hieulc/datacrack/images/training/S2DS_352.png,/hdd1/hieulc/datacrack/annotations/training/S2DS_352.png,train,S,QUARANTINE_UNCERTIFIED_EMPTY_GT,untrusted empty-GT in contaminated source
S2DS_353.png,/hdd1/hieulc/datacrack/images/training/S2DS_353.png,/hdd1/hieulc/datacrack/annotations/training/S2DS_353.png,train,S,QUARANTINE_UNCERTIFIED_EMPTY_GT,untrusted empty-GT in contaminated source
S2DS_355.png,/hdd1/hieulc/datacrack/images/training/S2DS_355.png,/hdd1/hieulc/datacrack/annotations/training/S2DS_355.png,train,S,QUARANTINE_UNCERTIFIED_EMPTY_GT,untrusted empty-GT in contaminated source
S2DS_356.png,/hdd1/hieulc/datacrack/images/training/S2DS_356.png,/hdd1/hieulc/datacrack/annotations/training/S2DS_356.png,train,S,QUARANTINE_UNCERTIFIED_EMPTY_GT,untrusted empty-GT in contaminated source
S2DS_359.png,/hdd1/hieulc/datacrack/images/training/S2DS_359.png,/hdd1/hieulc/datacrack/annotations/training/S2DS_359.png,train,S,QUARANTINE_UNCERTIFIED_EMPTY_GT,untrusted empty-GT in contaminated source
S2DS_360.png,/hdd1/hieulc/datacrack/images/training/S2DS_360.png,/hdd1/hieulc/datacrack/annotations/training/S2DS_360.png,train,S,QUARANTINE_UNCERTIFIED_EMPTY_GT,untrusted empty-GT in contaminated source
S2DS_362.png,/hdd1/hieulc/datacrack/images/training/S2DS_362.png,/hdd1/hieulc/datacrack/annotations/training/S2DS_362.png,train,S,QUARANTINE_UNCERTIFIED_EMPTY_GT,untrusted empty-GT in contaminated source
S2DS_363.png,/hdd1/hieulc/datacrack/images/training/S2DS_363.png,/hdd1/hieulc/datacrack/annotations/training/S2DS_363.png,train,S,QUARANTINE_UNCERTIFIED_EMPTY_GT,untrusted empty-GT in contaminated source
S2DS_364.png,/hdd1/hieulc/datacrack/images/training/S2DS_364.png,/hdd1/hieulc/datacrack/annotations/training/S2DS_364.png,train,S,QUARANTINE_UNCERTIFIED_EMPTY_GT,untrusted empty-GT in contaminated source
S2DS_365.png,/hdd1/hieulc/datacrack/images/training/S2DS_365.png,/hdd1/hieulc/datacrack/annotations/training/S2DS_365.png,train,S,QUARANTINE_UNCERTIFIED_EMPTY_GT,untrusted empty-GT in contaminated source
S2DS_366.png,/hdd1/hieulc/datacrack/images/training/S2DS_366.png,/hdd1/hieulc/datacrack/annotations/training/S2DS_366.png,train,S,QUARANTINE_UNCERTIFIED_EMPTY_GT,untrusted empty-GT in contaminated source
S2DS_368.png,/hdd1/hieulc/datacrack/images/training/S2DS_368.png,/hdd1/hieulc/datacrack/annotations/training/S2DS_368.png,train,S,QUARANTINE_UNCERTIFIED_EMPTY_GT,untrusted empty-GT in contaminated source
S2DS_369.png,/hdd1/hieulc/datacrack/images/training/S2DS_369.png,/hdd1/hieulc/datacrack/annotations/training/S2DS_369.png,train,S,QUARANTINE_UNCERTIFIED_EMPTY_GT,untrusted empty-GT in contaminated source
S2DS_371.png,/hdd1/hieulc/datacrack/images/training/S2DS_371.png,/hdd1/hieulc/datacrack/annotations/training/S2DS_371.png,train,S,QUARANTINE_UNCERTIFIED_EMPTY_GT,untrusted empty-GT in contaminated source
S2DS_373.png,/hdd1/hieulc/datacrack/images/training/S2DS_373.png,/hdd1/hieulc/datacrack/annotations/training/S2DS_373.png,train,S,QUARANTINE_UNCERTIFIED_EMPTY_GT,untrusted empty-GT in contaminated source
S2DS_375.png,/hdd1/hieulc/datacrack/images/training/S2DS_375.png,/hdd1/hieulc/datacrack/annotations/training/S2DS_375.png,train,S,QUARANTINE_UNCERTIFIED_EMPTY_GT,untrusted empty-GT in contaminated source
S2DS_379.png,/hdd1/hieulc/datacrack/images/training/S2DS_379.png,/hdd1/hieulc/datacrack/annotations/training/S2DS_379.png,train,S,QUARANTINE_UNCERTIFIED_EMPTY_GT,untrusted empty-GT in contaminated source
S2DS_380.png,/hdd1/hieulc/datacrack/images/training/S2DS_380.png,/hdd1/hieulc/datacrack/annotations/training/S2DS_380.png,train,S,QUARANTINE_UNCERTIFIED_EMPTY_GT,untrusted empty-GT in contaminated source
S2DS_381.png,/hdd1/hieulc/datacrack/images/training/S2DS_381.png,/hdd1/hieulc/datacrack/annotations/training/S2DS_381.png,train,S,QUARANTINE_UNCERTIFIED_EMPTY_GT,untrusted empty-GT in contaminated source
S2DS_382.png,/hdd1/hieulc/datacrack/images/training/S2DS_382.png,/hdd1/hieulc/datacrack/annotations/training/S2DS_382.png,train,S,QUARANTINE_UNCERTIFIED_EMPTY_GT,untrusted empty-GT in contaminated source
S2DS_383.png,/hdd1/hieulc/datacrack/images/training/S2DS_383.png,/hdd1/hieulc/datacrack/annotations/training/S2DS_383.png,train,S,QUARANTINE_UNCERTIFIED_EMPTY_GT,untrusted empty-GT in contaminated source
S2DS_385.png,/hdd1/hieulc/datacrack/images/training/S2DS_385.png,/hdd1/hieulc/datacrack/annotations/training/S2DS_385.png,train,S,QUARANTINE_UNCERTIFIED_EMPTY_GT,untrusted empty-GT in contaminated source
S2DS_387.png,/hdd1/hieulc/datacrack/images/training/S2DS_387.png,/hdd1/hieulc/datacrack/annotations/training/S2DS_387.png,train,S,QUARANTINE_UNCERTIFIED_EMPTY_GT,untrusted empty-GT in contaminated source
S2DS_388.png,/hdd1/hieulc/datacrack/images/training/S2DS_388.png,/hdd1/hieulc/datacrack/annotations/training/S2DS_388.png,train,S,QUARANTINE_UNCERTIFIED_EMPTY_GT,untrusted empty-GT in contaminated source
S2DS_391.png,/hdd1/hieulc/datacrack/images/training/S2DS_391.png,/hdd1/hieulc/datacrack/annotations/training/S2DS_391.png,train,S,QUARANTINE_UNCERTIFIED_EMPTY_GT,untrusted empty-GT in contaminated source
S2DS_393.png,/hdd1/hieulc/datacrack/images/training/S2DS_393.png,/hdd1/hieulc/datacrack/annotations/training/S2DS_393.png,train,S,QUARANTINE_UNCERTIFIED_EMPTY_GT,untrusted empty-GT in contaminated source
S2DS_394.png,/hdd1/hieulc/datacrack/images/training/S2DS_394.png,/hdd1/hieulc/datacrack/annotations/training/S2DS_394.png,train,S,QUARANTINE_UNCERTIFIED_EMPTY_GT,untrusted empty-GT in contaminated source
S2DS_395.png,/hdd1/hieulc/datacrack/images/training/S2DS_395.png,/hdd1/hieulc/datacrack/annotations/training/S2DS_395.png,train,S,QUARANTINE_UNCERTIFIED_EMPTY_GT,untrusted empty-GT in contaminated source
S2DS_396.png,/hdd1/hieulc/datacrack/images/training/S2DS_396.png,/hdd1/hieulc/datacrack/annotations/training/S2DS_396.png,train,S,QUARANTINE_UNCERTIFIED_EMPTY_GT,untrusted empty-GT in contaminated source
S2DS_397.png,/hdd1/hieulc/datacrack/images/training/S2DS_397.png,/hdd1/hieulc/datacrack/annotations/training/S2DS_397.png,train,S,QUARANTINE_UNCERTIFIED_EMPTY_GT,untrusted empty-GT in contaminated source
S2DS_398.png,/hdd1/hieulc/datacrack/images/training/S2DS_398.png,/hdd1/hieulc/datacrack/annotations/training/S2DS_398.png,train,S,QUARANTINE_UNCERTIFIED_EMPTY_GT,untrusted empty-GT in contaminated source
S2DS_401.png,/hdd1/hieulc/datacrack/images/training/S2DS_401.png,/hdd1/hieulc/datacrack/annotations/training/S2DS_401.png,train,S,QUARANTINE_UNCERTIFIED_EMPTY_GT,untrusted empty-GT in contaminated source
S2DS_402.png,/hdd1/hieulc/datacrack/images/training/S2DS_402.png,/hdd1/hieulc/datacrack/annotations/training/S2DS_402.png,train,S,QUARANTINE_UNCERTIFIED_EMPTY_GT,untrusted empty-GT in contaminated source
S2DS_403.png,/hdd1/hieulc/datacrack/images/training/S2DS_403.png,/hdd1/hieulc/datacrack/annotations/training/S2DS_403.png,train,S,QUARANTINE_UNCERTIFIED_EMPTY_GT,untrusted empty-GT in contaminated source
S2DS_405.png,/hdd1/hieulc/datacrack/images/training/S2DS_405.png,/hdd1/hieulc/datacrack/annotations/training/S2DS_405.png,train,S,QUARANTINE_UNCERTIFIED_EMPTY_GT,untrusted empty-GT in contaminated source
S2DS_406.png,/hdd1/hieulc/datacrack/images/training/S2DS_406.png,/hdd1/hieulc/datacrack/annotations/training/S2DS_406.png,train,S,QUARANTINE_UNCERTIFIED_EMPTY_GT,untrusted empty-GT in contaminated source
S2DS_409.png,/hdd1/hieulc/datacrack/images/training/S2DS_409.png,/hdd1/hieulc/datacrack/annotations/training/S2DS_409.png,train,S,QUARANTINE_UNCERTIFIED_EMPTY_GT,untrusted empty-GT in contaminated source
S2DS_410.png,/hdd1/hieulc/datacrack/images/training/S2DS_410.png,/hdd1/hieulc/datacrack/annotations/training/S2DS_410.png,train,S,QUARANTINE_UNCERTIFIED_EMPTY_GT,untrusted empty-GT in contaminated source
S2DS_411.png,/hdd1/hieulc/datacrack/images/training/S2DS_411.png,/hdd1/hieulc/datacrack/annotations/training/S2DS_411.png,train,S,QUARANTINE_UNCERTIFIED_EMPTY_GT,untrusted empty-GT in contaminated source
S2DS_412.png,/hdd1/hieulc/datacrack/images/training/S2DS_412.png,/hdd1/hieulc/datacrack/annotations/training/S2DS_412.png,train,S,QUARANTINE_UNCERTIFIED_EMPTY_GT,untrusted empty-GT in contaminated source
S2DS_413.png,/hdd1/hieulc/datacrack/images/training/S2DS_413.png,/hdd1/hieulc/datacrack/annotations/training/S2DS_413.png,train,S,QUARANTINE_UNCERTIFIED_EMPTY_GT,untrusted empty-GT in contaminated source
S2DS_414.png,/hdd1/hieulc/datacrack/images/training/S2DS_414.png,/hdd1/hieulc/datacrack/annotations/training/S2DS_414.png,train,S,QUARANTINE_UNCERTIFIED_EMPTY_GT,untrusted empty-GT in contaminated source
S2DS_415.png,/hdd1/hieulc/datacrack/images/training/S2DS_415.png,/hdd1/hieulc/datacrack/annotations/training/S2DS_415.png,train,S,QUARANTINE_UNCERTIFIED_EMPTY_GT,untrusted empty-GT in contaminated source
S2DS_416.png,/hdd1/hieulc/datacrack/images/training/S2DS_416.png,/hdd1/hieulc/datacrack/annotations/training/S2DS_416.png,train,S,QUARANTINE_UNCERTIFIED_EMPTY_GT,untrusted empty-GT in contaminated source
S2DS_417.png,/hdd1/hieulc/datacrack/images/training/S2DS_417.png,/hdd1/hieulc/datacrack/annotations/training/S2DS_417.png,train,S,QUARANTINE_UNCERTIFIED_EMPTY_GT,untrusted empty-GT in contaminated source
S2DS_419.png,/hdd1/hieulc/datacrack/images/training/S2DS_419.png,/hdd1/hieulc/datacrack/annotations/training/S2DS_419.png,train,S,QUARANTINE_UNCERTIFIED_EMPTY_GT,untrusted empty-GT in contaminated source
S2DS_420.png,/hdd1/hieulc/datacrack/images/training/S2DS_420.png,/hdd1/hieulc/datacrack/annotations/training/S2DS_420.png,train,S,QUARANTINE_UNCERTIFIED_EMPTY_GT,untrusted empty-GT in contaminated source
S2DS_421.png,/hdd1/hieulc/datacrack/images/training/S2DS_421.png,/hdd1/hieulc/datacrack/annotations/training/S2DS_421.png,train,S,QUARANTINE_UNCERTIFIED_EMPTY_GT,untrusted empty-GT in contaminated source
S2DS_422.png,/hdd1/hieulc/datacrack/images/training/S2DS_422.png,/hdd1/hieulc/datacrack/annotations/training/S2DS_422.png,train,S,QUARANTINE_UNCERTIFIED_EMPTY_GT,untrusted empty-GT in contaminated source
S2DS_424.png,/hdd1/hieulc/datacrack/images/training/S2DS_424.png,/hdd1/hieulc/datacrack/annotations/training/S2DS_424.png,train,S,QUARANTINE_UNCERTIFIED_EMPTY_GT,untrusted empty-GT in contaminated source
S2DS_425.png,/hdd1/hieulc/datacrack/images/training/S2DS_425.png,/hdd1/hieulc/datacrack/annotations/training/S2DS_425.png,train,S,QUARANTINE_UNCERTIFIED_EMPTY_GT,untrusted empty-GT in contaminated source
S2DS_426.png,/hdd1/hieulc/datacrack/images/training/S2DS_426.png,/hdd1/hieulc/datacrack/annotations/training/S2DS_426.png,train,S,QUARANTINE_UNCERTIFIED_EMPTY_GT,untrusted empty-GT in contaminated source
S2DS_427.png,/hdd1/hieulc/datacrack/images/training/S2DS_427.png,/hdd1/hieulc/datacrack/annotations/training/S2DS_427.png,train,S,QUARANTINE_UNCERTIFIED_EMPTY_GT,untrusted empty-GT in contaminated source
S2DS_428.png,/hdd1/hieulc/datacrack/images/training/S2DS_428.png,/hdd1/hieulc/datacrack/annotations/training/S2DS_428.png,train,S,QUARANTINE_UNCERTIFIED_EMPTY_GT,untrusted empty-GT in contaminated source
S2DS_430.png,/hdd1/hieulc/datacrack/images/training/S2DS_430.png,/hdd1/hieulc/datacrack/annotations/training/S2DS_430.png,train,S,QUARANTINE_UNCERTIFIED_EMPTY_GT,untrusted empty-GT in contaminated source
S2DS_431.png,/hdd1/hieulc/datacrack/images/training/S2DS_431.png,/hdd1/hieulc/datacrack/annotations/training/S2DS_431.png,train,S,QUARANTINE_UNCERTIFIED_EMPTY_GT,untrusted empty-GT in contaminated source
S2DS_432.png,/hdd1/hieulc/datacrack/images/training/S2DS_432.png,/hdd1/hieulc/datacrack/annotations/training/S2DS_432.png,train,S,QUARANTINE_UNCERTIFIED_EMPTY_GT,untrusted empty-GT in contaminated source
S2DS_433.png,/hdd1/hieulc/datacrack/images/training/S2DS_433.png,/hdd1/hieulc/datacrack/annotations/training/S2DS_433.png,train,S,QUARANTINE_UNCERTIFIED_EMPTY_GT,untrusted empty-GT in contaminated source
S2DS_434.png,/hdd1/hieulc/datacrack/images/training/S2DS_434.png,/hdd1/hieulc/datacrack/annotations/training/S2DS_434.png,train,S,QUARANTINE_UNCERTIFIED_EMPTY_GT,untrusted empty-GT in contaminated source
S2DS_436.png,/hdd1/hieulc/datacrack/images/training/S2DS_436.png,/hdd1/hieulc/datacrack/annotations/training/S2DS_436.png,train,S,QUARANTINE_UNCERTIFIED_EMPTY_GT,untrusted empty-GT in contaminated source
S2DS_437.png,/hdd1/hieulc/datacrack/images/training/S2DS_437.png,/hdd1/hieulc/datacrack/annotations/training/S2DS_437.png,train,S,QUARANTINE_UNCERTIFIED_EMPTY_GT,untrusted empty-GT in contaminated source
S2DS_441.png,/hdd1/hieulc/datacrack/images/training/S2DS_441.png,/hdd1/hieulc/datacrack/annotations/training/S2DS_441.png,train,S,QUARANTINE_UNCERTIFIED_EMPTY_GT,untrusted empty-GT in contaminated source
S2DS_442.png,/hdd1/hieulc/datacrack/images/training/S2DS_442.png,/hdd1/hieulc/datacrack/annotations/training/S2DS_442.png,train,S,QUARANTINE_UNCERTIFIED_EMPTY_GT,untrusted empty-GT in contaminated source
S2DS_443.png,/hdd1/hieulc/datacrack/images/training/S2DS_443.png,/hdd1/hieulc/datacrack/annotations/training/S2DS_443.png,train,S,QUARANTINE_UNCERTIFIED_EMPTY_GT,untrusted empty-GT in contaminated source
S2DS_444.png,/hdd1/hieulc/datacrack/images/training/S2DS_444.png,/hdd1/hieulc/datacrack/annotations/training/S2DS_444.png,train,S,QUARANTINE_UNCERTIFIED_EMPTY_GT,untrusted empty-GT in contaminated source
S2DS_445.png,/hdd1/hieulc/datacrack/images/training/S2DS_445.png,/hdd1/hieulc/datacrack/annotations/training/S2DS_445.png,train,S,QUARANTINE_UNCERTIFIED_EMPTY_GT,untrusted empty-GT in contaminated source
S2DS_447.png,/hdd1/hieulc/datacrack/images/training/S2DS_447.png,/hdd1/hieulc/datacrack/annotations/training/S2DS_447.png,train,S,QUARANTINE_UNCERTIFIED_EMPTY_GT,untrusted empty-GT in contaminated source
S2DS_449.png,/hdd1/hieulc/datacrack/images/training/S2DS_449.png,/hdd1/hieulc/datacrack/annotations/training/S2DS_449.png,train,S,QUARANTINE_UNCERTIFIED_EMPTY_GT,untrusted empty-GT in contaminated source
S2DS_451.png,/hdd1/hieulc/datacrack/images/training/S2DS_451.png,/hdd1/hieulc/datacrack/annotations/training/S2DS_451.png,train,S,QUARANTINE_UNCERTIFIED_EMPTY_GT,untrusted empty-GT in contaminated source
S2DS_453.png,/hdd1/hieulc/datacrack/images/training/S2DS_453.png,/hdd1/hieulc/datacrack/annotations/training/S2DS_453.png,train,S,QUARANTINE_UNCERTIFIED_EMPTY_GT,untrusted empty-GT in contaminated source
S2DS_454.png,/hdd1/hieulc/datacrack/images/training/S2DS_454.png,/hdd1/hieulc/datacrack/annotations/training/S2DS_454.png,train,S,QUARANTINE_UNCERTIFIED_EMPTY_GT,untrusted empty-GT in contaminated source
S2DS_455.png,/hdd1/hieulc/datacrack/images/training/S2DS_455.png,/hdd1/hieulc/datacrack/annotations/training/S2DS_455.png,train,S,QUARANTINE_UNCERTIFIED_EMPTY_GT,untrusted empty-GT in contaminated source
S2DS_456.png,/hdd1/hieulc/datacrack/images/training/S2DS_456.png,/hdd1/hieulc/datacrack/annotations/training/S2DS_456.png,train,S,QUARANTINE_UNCERTIFIED_EMPTY_GT,untrusted empty-GT in contaminated source
S2DS_458.png,/hdd1/hieulc/datacrack/images/training/S2DS_458.png,/hdd1/hieulc/datacrack/annotations/training/S2DS_458.png,train,S,QUARANTINE_UNCERTIFIED_EMPTY_GT,untrusted empty-GT in contaminated source
S2DS_459.png,/hdd1/hieulc/datacrack/images/training/S2DS_459.png,/hdd1/hieulc/datacrack/annotations/training/S2DS_459.png,train,S,QUARANTINE_UNCERTIFIED_EMPTY_GT,untrusted empty-GT in contaminated source
S2DS_461.png,/hdd1/hieulc/datacrack/images/training/S2DS_461.png,/hdd1/hieulc/datacrack/annotations/training/S2DS_461.png,train,S,QUARANTINE_UNCERTIFIED_EMPTY_GT,untrusted empty-GT in contaminated source
S2DS_462.png,/hdd1/hieulc/datacrack/images/training/S2DS_462.png,/hdd1/hieulc/datacrack/annotations/training/S2DS_462.png,train,S,QUARANTINE_UNCERTIFIED_EMPTY_GT,untrusted empty-GT in contaminated source
S2DS_463.png,/hdd1/hieulc/datacrack/images/training/S2DS_463.png,/hdd1/hieulc/datacrack/annotations/training/S2DS_463.png,train,S,QUARANTINE_UNCERTIFIED_EMPTY_GT,untrusted empty-GT in contaminated source
S2DS_465.png,/hdd1/hieulc/datacrack/images/training/S2DS_465.png,/hdd1/hieulc/datacrack/annotations/training/S2DS_465.png,train,S,QUARANTINE_UNCERTIFIED_EMPTY_GT,untrusted empty-GT in contaminated source
S2DS_466.png,/hdd1/hieulc/datacrack/images/training/S2DS_466.png,/hdd1/hieulc/datacrack/annotations/training/S2DS_466.png,train,S,QUARANTINE_UNCERTIFIED_EMPTY_GT,untrusted empty-GT in contaminated source
S2DS_467.png,/hdd1/hieulc/datacrack/images/training/S2DS_467.png,/hdd1/hieulc/datacrack/annotations/training/S2DS_467.png,train,S,QUARANTINE_UNCERTIFIED_EMPTY_GT,untrusted empty-GT in contaminated source
S2DS_468.png,/hdd1/hieulc/datacrack/images/training/S2DS_468.png,/hdd1/hieulc/datacrack/annotations/training/S2DS_468.png,train,S,QUARANTINE_UNCERTIFIED_EMPTY_GT,untrusted empty-GT in contaminated source
S2DS_469.png,/hdd1/hieulc/datacrack/images/training/S2DS_469.png,/hdd1/hieulc/datacrack/annotations/training/S2DS_469.png,train,S,QUARANTINE_UNCERTIFIED_EMPTY_GT,untrusted empty-GT in contaminated source
S2DS_470.png,/hdd1/hieulc/datacrack/images/training/S2DS_470.png,/hdd1/hieulc/datacrack/annotations/training/S2DS_470.png,train,S,QUARANTINE_UNCERTIFIED_EMPTY_GT,untrusted empty-GT in contaminated source
S2DS_471.png,/hdd1/hieulc/datacrack/images/training/S2DS_471.png,/hdd1/hieulc/datacrack/annotations/training/S2DS_471.png,train,S,QUARANTINE_UNCERTIFIED_EMPTY_GT,untrusted empty-GT in contaminated source
S2DS_472.png,/hdd1/hieulc/datacrack/images/training/S2DS_472.png,/hdd1/hieulc/datacrack/annotations/training/S2DS_472.png,train,S,QUARANTINE_UNCERTIFIED_EMPTY_GT,untrusted empty-GT in contaminated source
S2DS_473.png,/hdd1/hieulc/datacrack/images/training/S2DS_473.png,/hdd1/hieulc/datacrack/annotations/training/S2DS_473.png,train,S,QUARANTINE_UNCERTIFIED_EMPTY_GT,untrusted empty-GT in contaminated source
S2DS_475.png,/hdd1/hieulc/datacrack/images/training/S2DS_475.png,/hdd1/hieulc/datacrack/annotations/training/S2DS_475.png,train,S,QUARANTINE_UNCERTIFIED_EMPTY_GT,untrusted empty-GT in contaminated source
S2DS_478.png,/hdd1/hieulc/datacrack/images/training/S2DS_478.png,/hdd1/hieulc/datacrack/annotations/training/S2DS_478.png,train,S,QUARANTINE_UNCERTIFIED_EMPTY_GT,untrusted empty-GT in contaminated source
S2DS_479.png,/hdd1/hieulc/datacrack/images/training/S2DS_479.png,/hdd1/hieulc/datacrack/annotations/training/S2DS_479.png,train,S,QUARANTINE_UNCERTIFIED_EMPTY_GT,untrusted empty-GT in contaminated source
S2DS_483.png,/hdd1/hieulc/datacrack/images/training/S2DS_483.png,/hdd1/hieulc/datacrack/annotations/training/S2DS_483.png,train,S,QUARANTINE_UNCERTIFIED_EMPTY_GT,untrusted empty-GT in contaminated source
S2DS_484.png,/hdd1/hieulc/datacrack/images/training/S2DS_484.png,/hdd1/hieulc/datacrack/annotations/training/S2DS_484.png,train,S,QUARANTINE_UNCERTIFIED_EMPTY_GT,untrusted empty-GT in contaminated source
S2DS_485.png,/hdd1/hieulc/datacrack/images/training/S2DS_485.png,/hdd1/hieulc/datacrack/annotations/training/S2DS_485.png,train,S,QUARANTINE_UNCERTIFIED_EMPTY_GT,untrusted empty-GT in contaminated source
S2DS_486.png,/hdd1/hieulc/datacrack/images/training/S2DS_486.png,/hdd1/hieulc/datacrack/annotations/training/S2DS_486.png,train,S,QUARANTINE_UNCERTIFIED_EMPTY_GT,untrusted empty-GT in contaminated source
S2DS_487.png,/hdd1/hieulc/datacrack/images/training/S2DS_487.png,/hdd1/hieulc/datacrack/annotations/training/S2DS_487.png,train,S,QUARANTINE_UNCERTIFIED_EMPTY_GT,untrusted empty-GT in contaminated source
S2DS_488.png,/hdd1/hieulc/datacrack/images/training/S2DS_488.png,/hdd1/hieulc/datacrack/annotations/training/S2DS_488.png,train,S,QUARANTINE_UNCERTIFIED_EMPTY_GT,untrusted empty-GT in contaminated source
S2DS_490.png,/hdd1/hieulc/datacrack/images/training/S2DS_490.png,/hdd1/hieulc/datacrack/annotations/training/S2DS_490.png,train,S,QUARANTINE_UNCERTIFIED_EMPTY_GT,untrusted empty-GT in contaminated source
S2DS_491.png,/hdd1/hieulc/datacrack/images/training/S2DS_491.png,/hdd1/hieulc/datacrack/annotations/training/S2DS_491.png,train,S,QUARANTINE_UNCERTIFIED_EMPTY_GT,untrusted empty-GT in contaminated source
S2DS_494.png,/hdd1/hieulc/datacrack/images/training/S2DS_494.png,/hdd1/hieulc/datacrack/annotations/training/S2DS_494.png,train,S,QUARANTINE_UNCERTIFIED_EMPTY_GT,untrusted empty-GT in contaminated source
S2DS_495.png,/hdd1/hieulc/datacrack/images/training/S2DS_495.png,/hdd1/hieulc/datacrack/annotations/training/S2DS_495.png,train,S,QUARANTINE_UNCERTIFIED_EMPTY_GT,untrusted empty-GT in contaminated source
S2DS_497.png,/hdd1/hieulc/datacrack/images/training/S2DS_497.png,/hdd1/hieulc/datacrack/annotations/training/S2DS_497.png,train,S,QUARANTINE_UNCERTIFIED_EMPTY_GT,untrusted empty-GT in contaminated source
S2DS_498.png,/hdd1/hieulc/datacrack/images/training/S2DS_498.png,/hdd1/hieulc/datacrack/annotations/training/S2DS_498.png,train,S,QUARANTINE_UNCERTIFIED_EMPTY_GT,untrusted empty-GT in contaminated source
S2DS_499.png,/hdd1/hieulc/datacrack/images/training/S2DS_499.png,/hdd1/hieulc/datacrack/annotations/training/S2DS_499.png,train,S,QUARANTINE_UNCERTIFIED_EMPTY_GT,untrusted empty-GT in contaminated source
S2DS_502.png,/hdd1/hieulc/datacrack/images/training/S2DS_502.png,/hdd1/hieulc/datacrack/annotations/training/S2DS_502.png,train,S,QUARANTINE_UNCERTIFIED_EMPTY_GT,untrusted empty-GT in contaminated source
S2DS_509.png,/hdd1/hieulc/datacrack/images/training/S2DS_509.png,/hdd1/hieulc/datacrack/annotations/training/S2DS_509.png,train,S,QUARANTINE_UNCERTIFIED_EMPTY_GT,untrusted empty-GT in contaminated source
S2DS_511.png,/hdd1/hieulc/datacrack/images/training/S2DS_511.png,/hdd1/hieulc/datacrack/annotations/training/S2DS_511.png,train,S,QUARANTINE_UNCERTIFIED_EMPTY_GT,untrusted empty-GT in contaminated source
S2DS_512.png,/hdd1/hieulc/datacrack/images/training/S2DS_512.png,/hdd1/hieulc/datacrack/annotations/training/S2DS_512.png,train,S,QUARANTINE_UNCERTIFIED_EMPTY_GT,untrusted empty-GT in contaminated source
S2DS_516.png,/hdd1/hieulc/datacrack/images/training/S2DS_516.png,/hdd1/hieulc/datacrack/annotations/training/S2DS_516.png,train,S,QUARANTINE_UNCERTIFIED_EMPTY_GT,untrusted empty-GT in contaminated source
S2DS_519.png,/hdd1/hieulc/datacrack/images/training/S2DS_519.png,/hdd1/hieulc/datacrack/annotations/training/S2DS_519.png,train,S,QUARANTINE_UNCERTIFIED_EMPTY_GT,untrusted empty-GT in contaminated source
S2DS_520.png,/hdd1/hieulc/datacrack/images/training/S2DS_520.png,/hdd1/hieulc/datacrack/annotations/training/S2DS_520.png,train,S,QUARANTINE_UNCERTIFIED_EMPTY_GT,untrusted empty-GT in contaminated source
S2DS_521.png,/hdd1/hieulc/datacrack/images/training/S2DS_521.png,/hdd1/hieulc/datacrack/annotations/training/S2DS_521.png,train,S,QUARANTINE_UNCERTIFIED_EMPTY_GT,untrusted empty-GT in contaminated source
S2DS_522.png,/hdd1/hieulc/datacrack/images/training/S2DS_522.png,/hdd1/hieulc/datacrack/annotations/training/S2DS_522.png,train,S,QUARANTINE_UNCERTIFIED_EMPTY_GT,untrusted empty-GT in contaminated source
S2DS_525.png,/hdd1/hieulc/datacrack/images/training/S2DS_525.png,/hdd1/hieulc/datacrack/annotations/training/S2DS_525.png,train,S,QUARANTINE_UNCERTIFIED_EMPTY_GT,untrusted empty-GT in contaminated source
S2DS_526.png,/hdd1/hieulc/datacrack/images/training/S2DS_526.png,/hdd1/hieulc/datacrack/annotations/training/S2DS_526.png,train,S,QUARANTINE_UNCERTIFIED_EMPTY_GT,untrusted empty-GT in contaminated source
S2DS_527.png,/hdd1/hieulc/datacrack/images/training/S2DS_527.png,/hdd1/hieulc/datacrack/annotations/training/S2DS_527.png,train,S,QUARANTINE_UNCERTIFIED_EMPTY_GT,untrusted empty-GT in contaminated source
S2DS_528.png,/hdd1/hieulc/datacrack/images/training/S2DS_528.png,/hdd1/hieulc/datacrack/annotations/training/S2DS_528.png,train,S,QUARANTINE_UNCERTIFIED_EMPTY_GT,untrusted empty-GT in contaminated source
S2DS_529.png,/hdd1/hieulc/datacrack/images/training/S2DS_529.png,/hdd1/hieulc/datacrack/annotations/training/S2DS_529.png,train,S,QUARANTINE_UNCERTIFIED_EMPTY_GT,untrusted empty-GT in contaminated source
S2DS_530.png,/hdd1/hieulc/datacrack/images/training/S2DS_530.png,/hdd1/hieulc/datacrack/annotations/training/S2DS_530.png,train,S,QUARANTINE_UNCERTIFIED_EMPTY_GT,untrusted empty-GT in contaminated source
S2DS_532.png,/hdd1/hieulc/datacrack/images/training/S2DS_532.png,/hdd1/hieulc/datacrack/annotations/training/S2DS_532.png,train,S,QUARANTINE_UNCERTIFIED_EMPTY_GT,untrusted empty-GT in contaminated source
S2DS_533.png,/hdd1/hieulc/datacrack/images/training/S2DS_533.png,/hdd1/hieulc/datacrack/annotations/training/S2DS_533.png,train,S,QUARANTINE_UNCERTIFIED_EMPTY_GT,untrusted empty-GT in contaminated source
S2DS_534.png,/hdd1/hieulc/datacrack/images/training/S2DS_534.png,/hdd1/hieulc/datacrack/annotations/training/S2DS_534.png,train,S,QUARANTINE_UNCERTIFIED_EMPTY_GT,untrusted empty-GT in contaminated source
S2DS_537.png,/hdd1/hieulc/datacrack/images/training/S2DS_537.png,/hdd1/hieulc/datacrack/annotations/training/S2DS_537.png,train,S,QUARANTINE_UNCERTIFIED_EMPTY_GT,untrusted empty-GT in contaminated source
S2DS_538.png,/hdd1/hieulc/datacrack/images/training/S2DS_538.png,/hdd1/hieulc/datacrack/annotations/training/S2DS_538.png,train,S,QUARANTINE_UNCERTIFIED_EMPTY_GT,untrusted empty-GT in contaminated source
S2DS_540.png,/hdd1/hieulc/datacrack/images/training/S2DS_540.png,/hdd1/hieulc/datacrack/annotations/training/S2DS_540.png,train,S,QUARANTINE_UNCERTIFIED_EMPTY_GT,untrusted empty-GT in contaminated source
S2DS_541.png,/hdd1/hieulc/datacrack/images/training/S2DS_541.png,/hdd1/hieulc/datacrack/annotations/training/S2DS_541.png,train,S,QUARANTINE_UNCERTIFIED_EMPTY_GT,untrusted empty-GT in contaminated source
S2DS_542.png,/hdd1/hieulc/datacrack/images/training/S2DS_542.png,/hdd1/hieulc/datacrack/annotations/training/S2DS_542.png,train,S,QUARANTINE_UNCERTIFIED_EMPTY_GT,untrusted empty-GT in contaminated source
S2DS_543.png,/hdd1/hieulc/datacrack/images/training/S2DS_543.png,/hdd1/hieulc/datacrack/annotations/training/S2DS_543.png,train,S,QUARANTINE_UNCERTIFIED_EMPTY_GT,untrusted empty-GT in contaminated source
S2DS_545.png,/hdd1/hieulc/datacrack/images/training/S2DS_545.png,/hdd1/hieulc/datacrack/annotations/training/S2DS_545.png,train,S,QUARANTINE_UNCERTIFIED_EMPTY_GT,untrusted empty-GT in contaminated source
S2DS_546.png,/hdd1/hieulc/datacrack/images/training/S2DS_546.png,/hdd1/hieulc/datacrack/annotations/training/S2DS_546.png,train,S,QUARANTINE_UNCERTIFIED_EMPTY_GT,untrusted empty-GT in contaminated source
S2DS_547.png,/hdd1/hieulc/datacrack/images/training/S2DS_547.png,/hdd1/hieulc/datacrack/annotations/training/S2DS_547.png,train,S,QUARANTINE_UNCERTIFIED_EMPTY_GT,untrusted empty-GT in contaminated source
S2DS_549.png,/hdd1/hieulc/datacrack/images/training/S2DS_549.png,/hdd1/hieulc/datacrack/annotations/training/S2DS_549.png,train,S,QUARANTINE_UNCERTIFIED_EMPTY_GT,untrusted empty-GT in contaminated source
S2DS_550.png,/hdd1/hieulc/datacrack/images/training/S2DS_550.png,/hdd1/hieulc/datacrack/annotations/training/S2DS_550.png,train,S,QUARANTINE_UNCERTIFIED_EMPTY_GT,untrusted empty-GT in contaminated source
S2DS_552.png,/hdd1/hieulc/datacrack/images/training/S2DS_552.png,/hdd1/hieulc/datacrack/annotations/training/S2DS_552.png,train,S,QUARANTINE_UNCERTIFIED_EMPTY_GT,untrusted empty-GT in contaminated source
S2DS_556.png,/hdd1/hieulc/datacrack/images/training/S2DS_556.png,/hdd1/hieulc/datacrack/annotations/training/S2DS_556.png,train,S,QUARANTINE_UNCERTIFIED_EMPTY_GT,untrusted empty-GT in contaminated source
S2DS_557.png,/hdd1/hieulc/datacrack/images/training/S2DS_557.png,/hdd1/hieulc/datacrack/annotations/training/S2DS_557.png,train,S,QUARANTINE_UNCERTIFIED_EMPTY_GT,untrusted empty-GT in contaminated source
S2DS_558.png,/hdd1/hieulc/datacrack/images/training/S2DS_558.png,/hdd1/hieulc/datacrack/annotations/training/S2DS_558.png,train,S,QUARANTINE_UNCERTIFIED_EMPTY_GT,untrusted empty-GT in contaminated source
S2DS_559.png,/hdd1/hieulc/datacrack/images/training/S2DS_559.png,/hdd1/hieulc/datacrack/annotations/training/S2DS_559.png,train,S,QUARANTINE_UNCERTIFIED_EMPTY_GT,untrusted empty-GT in contaminated source
S2DS_561.png,/hdd1/hieulc/datacrack/images/training/S2DS_561.png,/hdd1/hieulc/datacrack/annotations/training/S2DS_561.png,train,S,QUARANTINE_UNCERTIFIED_EMPTY_GT,untrusted empty-GT in contaminated source
S2DS_562.png,/hdd1/hieulc/datacrack/images/training/S2DS_562.png,/hdd1/hieulc/datacrack/annotations/training/S2DS_562.png,train,S,QUARANTINE_UNCERTIFIED_EMPTY_GT,untrusted empty-GT in contaminated source
